2026-04-15 18:31:32,339 | WARNING | backend.app.middleware.error_handlers | POST /scraper/sessions/panka/manual-login -> HTTP 404: Unknown platform: panka
2026-04-15 18:31:33,820 | WARNING | backend.app.middleware.error_handlers | POST /scraper/sessions/panka/manual-login -> HTTP 404: Unknown platform: panka
2026-04-15 18:31:43,311 | WARNING | backend.app.middleware.error_handlers | POST /scraper/sessions/other/manual-login -> HTTP 404: Unknown platform: other
2026-04-15 18:31:50,882 | ERROR | backend.app.middleware.error_handlers | POST /scraper/sessions/linkedin/manual-login -> HTTP 500: Manual login flow failed: Page.wait_for_timeout: Target page, context or browser has been closed
2026-04-15 18:33:45,549 | ERROR | backend.app.middleware.error_handlers | POST /scraper/sessions/apollo/manual-login -> HTTP 500: Manual login flow failed: Page.wait_for_timeout: Target page, context or browser has been closed
2026-04-15 21:34:14,885 | ERROR | backend.app.middleware.error_handlers | POST /admin/login -> HTTP 503: Admin console is disabled. Set ADMIN_EMAIL and ADMIN_PASSWORD in the server environment.
2026-04-15 21:34:17,502 | ERROR | backend.app.middleware.error_handlers | POST /admin/login -> HTTP 503: Admin console is disabled. Set ADMIN_EMAIL and ADMIN_PASSWORD in the server environment.
2026-04-15 21:34:22,878 | ERROR | backend.app.middleware.error_handlers | POST /admin/login -> HTTP 503: Admin console is disabled. Set ADMIN_EMAIL and ADMIN_PASSWORD in the server environment.
2026-04-15 21:34:24,739 | ERROR | backend.app.middleware.error_handlers | POST /admin/login -> HTTP 503: Admin console is disabled. Set ADMIN_EMAIL and ADMIN_PASSWORD in the server environment.
2026-04-15 21:37:37,245 | ERROR | backend.app.middleware.error_handlers | POST /admin/login -> HTTP 503: Admin console is disabled. Set ADMIN_EMAIL and ADMIN_PASSWORD in the server environment.
2026-04-15 21:37:42,571 | ERROR | backend.app.middleware.error_handlers | POST /admin/login -> HTTP 503: Admin console is disabled. Set ADMIN_EMAIL and ADMIN_PASSWORD in the server environment.
2026-04-15 21:37:47,940 | ERROR | backend.app.middleware.error_handlers | POST /admin/login -> HTTP 503: Admin console is disabled. Set ADMIN_EMAIL and ADMIN_PASSWORD in the server environment.
2026-04-15 21:37:55,867 | ERROR | backend.app.middleware.error_handlers | POST /admin/login -> HTTP 503: Admin console is disabled. Set ADMIN_EMAIL and ADMIN_PASSWORD in the server environment.
2026-04-15 21:38:22,743 | WARNING | backend.app.middleware.error_handlers | POST /admin/login -> HTTP 401: Invalid admin email or password
2026-04-15 21:39:32,275 | WARNING | backend.app.middleware.error_handlers | POST /auth/login -> HTTP 401: Incorrect email or password
2026-04-15 21:53:15,431 | INFO | httpx | HTTP Request: GET http://localhost:11434/api/tags "HTTP/1.1 200 OK"
2026-04-15 21:53:28,303 | INFO | httpx | HTTP Request: POST http://localhost:11434/api/generate "HTTP/1.1 200 OK"
2026-04-15 21:53:41,550 | INFO | httpx | HTTP Request: GET http://localhost:11434/api/tags "HTTP/1.1 200 OK"
2026-04-15 21:53:44,295 | INFO | httpx | HTTP Request: POST http://localhost:11434/api/generate "HTTP/1.1 200 OK"
2026-04-15 21:54:55,424 | WARNING | backend.app.middleware.error_handlers | POST /admin/login -> HTTP 401: Invalid admin email or password
2026-04-16 21:23:57,344 | WARNING | backend.app.middleware.error_handlers | POST /auth/login -> HTTP 401: Incorrect email or password
2026-04-16 21:24:07,271 | WARNING | backend.app.middleware.error_handlers | POST /auth/login -> HTTP 401: Incorrect email or password
2026-04-16 21:24:10,612 | WARNING | backend.app.middleware.error_handlers | POST /auth/login -> HTTP 401: Incorrect email or password
2026-04-16 21:24:40,769 | WARNING | backend.app.middleware.error_handlers | POST /auth/login -> HTTP 401: Incorrect email or password
2026-04-16 21:24:53,457 | WARNING | backend.app.middleware.error_handlers | POST /auth/login -> HTTP 401: Incorrect email or password
2026-04-16 21:24:58,205 | WARNING | backend.app.middleware.error_handlers | POST /auth/login -> HTTP 401: Incorrect email or password
2026-04-16 21:24:59,113 | WARNING | backend.app.middleware.error_handlers | POST /auth/login -> HTTP 401: Incorrect email or password
2026-04-16 21:24:59,309 | WARNING | backend.app.middleware.error_handlers | POST /auth/login -> HTTP 401: Incorrect email or password
2026-04-16 21:25:17,555 | WARNING | backend.app.middleware.error_handlers | POST /auth/login -> HTTP 401: Incorrect email or password
2026-04-16 21:27:36,052 | WARNING | backend.app.middleware.error_handlers | POST /auth/login -> HTTP 401: Incorrect email or password
2026-04-16 21:27:38,040 | WARNING | backend.app.middleware.error_handlers | POST /auth/login -> HTTP 401: Incorrect email or password
2026-04-16 21:28:41,029 | WARNING | backend.app.middleware.error_handlers | POST /auth/login -> HTTP 401: Incorrect email or password
2026-04-16 21:30:32,561 | WARNING | backend.app.middleware.error_handlers | POST /auth/login -> HTTP 401: Incorrect email or password
2026-04-16 21:31:23,021 | WARNING | backend.app.middleware.error_handlers | POST /admin/login -> HTTP 401: Invalid admin email or password
2026-04-16 21:32:04,020 | WARNING | backend.app.middleware.error_handlers | POST /auth/login -> HTTP 401: Incorrect email or password
2026-04-16 21:54:48,700 | ERROR | backend.app.middleware.error_handlers | POST /scraper/sessions/linkedin/manual-login -> HTTP 500: Manual login flow failed: Page.goto: net::ERR_INTERNET_DISCONNECTED at https://www.linkedin.com/login
Call log:
  - navigating to "https://www.linkedin.com/login", waiting until "domcontentloaded"

2026-04-16 21:54:53,939 | ERROR | backend.app.middleware.error_handlers | POST /scraper/sessions/linkedin/manual-login -> HTTP 500: Manual login flow failed: Page.goto: net::ERR_INTERNET_DISCONNECTED at https://www.linkedin.com/login
Call log:
  - navigating to "https://www.linkedin.com/login", waiting until "domcontentloaded"

2026-04-16 21:55:30,371 | ERROR | backend.scraper.base | Scraper failure [linkedin]: Page.goto: net::ERR_INTERNET_DISCONNECTED at https://www.linkedin.com/search/results/people/?keywords=Founder&country=United+Kindom&company_size=20
Call log:
  - navigating to "https://www.linkedin.com/search/results/people/?keywords=Founder&country=United+Kindom&company_size=20", waiting until "domcontentloaded"
Traceback (most recent call last):
  File "D:\Py_Projects\LeadPilot\backend\scraper\base.py", line 100, in run
    page.goto(url, wait_until="domcontentloaded", timeout=120_000)
    ~~~~~~~~~^^^^^^^^^^^^^^^^^^^^^^^^^^^^^^^^^^^^^^^^^^^^^^^^^^^^^
  File "C:\Users\panka\AppData\Roaming\Python\Python314\site-packages\playwright\sync_api\_generated.py", line 9054, in goto
    self._sync(
    ~~~~~~~~~~^
        self._impl_obj.goto(
        ^^^^^^^^^^^^^^^^^^^^
            url=url, timeout=timeout, waitUntil=wait_until, referer=referer
            ^^^^^^^^^^^^^^^^^^^^^^^^^^^^^^^^^^^^^^^^^^^^^^^^^^^^^^^^^^^^^^^
        )
        ^
    )
    ^
  File "C:\Users\panka\AppData\Roaming\Python\Python314\site-packages\playwright\_impl\_sync_base.py", line 115, in _sync
    return task.result()
           ~~~~~~~~~~~^^
  File "C:\Users\panka\AppData\Roaming\Python\Python314\site-packages\playwright\_impl\_page.py", line 552, in goto
    return await self._main_frame.goto(**locals_to_params(locals()))
           ^^^^^^^^^^^^^^^^^^^^^^^^^^^^^^^^^^^^^^^^^^^^^^^^^^^^^^^^^
  File "C:\Users\panka\AppData\Roaming\Python\Python314\site-packages\playwright\_impl\_frame.py", line 153, in goto
    await self._channel.send(
        "goto", self._navigation_timeout, locals_to_params(locals())
    )
  File "C:\Users\panka\AppData\Roaming\Python\Python314\site-packages\playwright\_impl\_connection.py", line 69, in send
    return await self._connection.wrap_api_call(
           ^^^^^^^^^^^^^^^^^^^^^^^^^^^^^^^^^^^^^
    ...<3 lines>...
    )
    ^
  File "C:\Users\panka\AppData\Roaming\Python\Python314\site-packages\playwright\_impl\_connection.py", line 559, in wrap_api_call
    raise rewrite_error(error, f"{parsed_st['apiName']}: {error}") from None
playwright._impl._errors.Error: Page.goto: net::ERR_INTERNET_DISCONNECTED at https://www.linkedin.com/search/results/people/?keywords=Founder&country=United+Kindom&company_size=20
Call log:
  - navigating to "https://www.linkedin.com/search/results/people/?keywords=Founder&country=United+Kindom&company_size=20", waiting until "domcontentloaded"

2026-04-16 21:56:23,465 | ERROR | backend.app.middleware.error_handlers | POST /scraper/sessions/linkedin/manual-login -> HTTP 500: Manual login flow failed: Page.goto: net::ERR_INTERNET_DISCONNECTED at https://www.linkedin.com/login
Call log:
  - navigating to "https://www.linkedin.com/login", waiting until "domcontentloaded"

2026-04-16 21:56:48,271 | ERROR | backend.scraper.base | Scraper failure [linkedin]: Page.goto: net::ERR_INTERNET_DISCONNECTED at https://www.linkedin.com/search/results/people/?keywords=Founder&country=UK
Call log:
  - navigating to "https://www.linkedin.com/search/results/people/?keywords=Founder&country=UK", waiting until "domcontentloaded"
Traceback (most recent call last):
  File "D:\Py_Projects\LeadPilot\backend\scraper\base.py", line 100, in run
    page.goto(url, wait_until="domcontentloaded", timeout=120_000)
    ~~~~~~~~~^^^^^^^^^^^^^^^^^^^^^^^^^^^^^^^^^^^^^^^^^^^^^^^^^^^^^
  File "C:\Users\panka\AppData\Roaming\Python\Python314\site-packages\playwright\sync_api\_generated.py", line 9054, in goto
    self._sync(
    ~~~~~~~~~~^
        self._impl_obj.goto(
        ^^^^^^^^^^^^^^^^^^^^
            url=url, timeout=timeout, waitUntil=wait_until, referer=referer
            ^^^^^^^^^^^^^^^^^^^^^^^^^^^^^^^^^^^^^^^^^^^^^^^^^^^^^^^^^^^^^^^
        )
        ^
    )
    ^
  File "C:\Users\panka\AppData\Roaming\Python\Python314\site-packages\playwright\_impl\_sync_base.py", line 115, in _sync
    return task.result()
           ~~~~~~~~~~~^^
  File "C:\Users\panka\AppData\Roaming\Python\Python314\site-packages\playwright\_impl\_page.py", line 552, in goto
    return await self._main_frame.goto(**locals_to_params(locals()))
           ^^^^^^^^^^^^^^^^^^^^^^^^^^^^^^^^^^^^^^^^^^^^^^^^^^^^^^^^^
  File "C:\Users\panka\AppData\Roaming\Python\Python314\site-packages\playwright\_impl\_frame.py", line 153, in goto
    await self._channel.send(
        "goto", self._navigation_timeout, locals_to_params(locals())
    )
  File "C:\Users\panka\AppData\Roaming\Python\Python314\site-packages\playwright\_impl\_connection.py", line 69, in send
    return await self._connection.wrap_api_call(
           ^^^^^^^^^^^^^^^^^^^^^^^^^^^^^^^^^^^^^
    ...<3 lines>...
    )
    ^
  File "C:\Users\panka\AppData\Roaming\Python\Python314\site-packages\playwright\_impl\_connection.py", line 559, in wrap_api_call
    raise rewrite_error(error, f"{parsed_st['apiName']}: {error}") from None
playwright._impl._errors.Error: Page.goto: net::ERR_INTERNET_DISCONNECTED at https://www.linkedin.com/search/results/people/?keywords=Founder&country=UK
Call log:
  - navigating to "https://www.linkedin.com/search/results/people/?keywords=Founder&country=UK", waiting until "domcontentloaded"

2026-04-16 22:04:42,744 | WARNING | backend.app.middleware.error_handlers | GET /scraper/jobs/a446ce41-4717-4b2c-a742-8a1b52d486cc -> HTTP 404: Unknown job_id
2026-04-16 22:04:42,748 | WARNING | backend.app.middleware.error_handlers | GET /scraper/jobs/a446ce41-4717-4b2c-a742-8a1b52d486cc -> HTTP 404: Unknown job_id
2026-04-16 22:04:42,751 | WARNING | backend.app.middleware.error_handlers | GET /scraper/jobs/a446ce41-4717-4b2c-a742-8a1b52d486cc -> HTTP 404: Unknown job_id
2026-04-16 22:04:42,888 | WARNING | backend.app.middleware.error_handlers | GET /scraper/jobs/a446ce41-4717-4b2c-a742-8a1b52d486cc -> HTTP 404: Unknown job_id
2026-04-16 22:04:43,886 | WARNING | backend.app.middleware.error_handlers | GET /scraper/jobs/a446ce41-4717-4b2c-a742-8a1b52d486cc -> HTTP 404: Unknown job_id
2026-04-16 22:04:44,884 | WARNING | backend.app.middleware.error_handlers | GET /scraper/jobs/a446ce41-4717-4b2c-a742-8a1b52d486cc -> HTTP 404: Unknown job_id
2026-04-16 22:04:45,897 | WARNING | backend.app.middleware.error_handlers | GET /scraper/jobs/a446ce41-4717-4b2c-a742-8a1b52d486cc -> HTTP 404: Unknown job_id
2026-04-16 22:04:46,891 | WARNING | backend.app.middleware.error_handlers | GET /scraper/jobs/a446ce41-4717-4b2c-a742-8a1b52d486cc -> HTTP 404: Unknown job_id
2026-04-16 22:04:47,883 | WARNING | backend.app.middleware.error_handlers | GET /scraper/jobs/a446ce41-4717-4b2c-a742-8a1b52d486cc -> HTTP 404: Unknown job_id
2026-04-16 22:04:48,894 | WARNING | backend.app.middleware.error_handlers | GET /scraper/jobs/a446ce41-4717-4b2c-a742-8a1b52d486cc -> HTTP 404: Unknown job_id
2026-04-16 22:04:49,898 | WARNING | backend.app.middleware.error_handlers | GET /scraper/jobs/a446ce41-4717-4b2c-a742-8a1b52d486cc -> HTTP 404: Unknown job_id
2026-04-16 22:04:50,895 | WARNING | backend.app.middleware.error_handlers | GET /scraper/jobs/a446ce41-4717-4b2c-a742-8a1b52d486cc -> HTTP 404: Unknown job_id
2026-04-16 22:04:51,884 | WARNING | backend.app.middleware.error_handlers | GET /scraper/jobs/a446ce41-4717-4b2c-a742-8a1b52d486cc -> HTTP 404: Unknown job_id
2026-04-16 22:04:52,883 | WARNING | backend.app.middleware.error_handlers | GET /scraper/jobs/a446ce41-4717-4b2c-a742-8a1b52d486cc -> HTTP 404: Unknown job_id
2026-04-16 22:04:53,898 | WARNING | backend.app.middleware.error_handlers | GET /scraper/jobs/a446ce41-4717-4b2c-a742-8a1b52d486cc -> HTTP 404: Unknown job_id
2026-04-16 22:04:57,110 | WARNING | backend.app.middleware.error_handlers | GET /scraper/jobs/a446ce41-4717-4b2c-a742-8a1b52d486cc -> HTTP 404: Unknown job_id
2026-04-16 22:04:57,114 | WARNING | backend.app.middleware.error_handlers | GET /scraper/jobs/a446ce41-4717-4b2c-a742-8a1b52d486cc -> HTTP 404: Unknown job_id
2026-04-16 22:04:57,117 | WARNING | backend.app.middleware.error_handlers | GET /scraper/jobs/a446ce41-4717-4b2c-a742-8a1b52d486cc -> HTTP 404: Unknown job_id
2026-04-16 22:04:57,964 | WARNING | backend.app.middleware.error_handlers | GET /scraper/jobs/a446ce41-4717-4b2c-a742-8a1b52d486cc -> HTTP 404: Unknown job_id
2026-04-16 22:04:58,884 | WARNING | backend.app.middleware.error_handlers | GET /scraper/jobs/a446ce41-4717-4b2c-a742-8a1b52d486cc -> HTTP 404: Unknown job_id
2026-04-16 22:04:59,904 | WARNING | backend.app.middleware.error_handlers | GET /scraper/jobs/a446ce41-4717-4b2c-a742-8a1b52d486cc -> HTTP 404: Unknown job_id
2026-04-16 22:05:00,897 | WARNING | backend.app.middleware.error_handlers | GET /scraper/jobs/a446ce41-4717-4b2c-a742-8a1b52d486cc -> HTTP 404: Unknown job_id
2026-04-16 22:05:01,889 | WARNING | backend.app.middleware.error_handlers | GET /scraper/jobs/a446ce41-4717-4b2c-a742-8a1b52d486cc -> HTTP 404: Unknown job_id
2026-04-16 22:05:02,897 | WARNING | backend.app.middleware.error_handlers | GET /scraper/jobs/a446ce41-4717-4b2c-a742-8a1b52d486cc -> HTTP 404: Unknown job_id
2026-04-16 22:05:03,897 | WARNING | backend.app.middleware.error_handlers | GET /scraper/jobs/a446ce41-4717-4b2c-a742-8a1b52d486cc -> HTTP 404: Unknown job_id
2026-04-16 22:05:04,896 | WARNING | backend.app.middleware.error_handlers | GET /scraper/jobs/a446ce41-4717-4b2c-a742-8a1b52d486cc -> HTTP 404: Unknown job_id
2026-04-16 22:05:05,897 | WARNING | backend.app.middleware.error_handlers | GET /scraper/jobs/a446ce41-4717-4b2c-a742-8a1b52d486cc -> HTTP 404: Unknown job_id
2026-04-16 22:05:06,884 | WARNING | backend.app.middleware.error_handlers | GET /scraper/jobs/a446ce41-4717-4b2c-a742-8a1b52d486cc -> HTTP 404: Unknown job_id
2026-04-16 22:05:07,889 | WARNING | backend.app.middleware.error_handlers | GET /scraper/jobs/a446ce41-4717-4b2c-a742-8a1b52d486cc -> HTTP 404: Unknown job_id
2026-04-16 22:05:08,897 | WARNING | backend.app.middleware.error_handlers | GET /scraper/jobs/a446ce41-4717-4b2c-a742-8a1b52d486cc -> HTTP 404: Unknown job_id
2026-04-16 22:05:09,886 | WARNING | backend.app.middleware.error_handlers | GET /scraper/jobs/a446ce41-4717-4b2c-a742-8a1b52d486cc -> HTTP 404: Unknown job_id
2026-04-16 22:05:10,899 | WARNING | backend.app.middleware.error_handlers | GET /scraper/jobs/a446ce41-4717-4b2c-a742-8a1b52d486cc -> HTTP 404: Unknown job_id
2026-04-16 22:05:11,896 | WARNING | backend.app.middleware.error_handlers | GET /scraper/jobs/a446ce41-4717-4b2c-a742-8a1b52d486cc -> HTTP 404: Unknown job_id
2026-04-16 22:05:12,890 | WARNING | backend.app.middleware.error_handlers | GET /scraper/jobs/a446ce41-4717-4b2c-a742-8a1b52d486cc -> HTTP 404: Unknown job_id
2026-04-16 22:05:31,896 | WARNING | backend.app.middleware.error_handlers | GET /scraper/jobs/a446ce41-4717-4b2c-a742-8a1b52d486cc -> HTTP 404: Unknown job_id
2026-04-16 22:06:23,276 | WARNING | backend.app.middleware.error_handlers | GET /scraper/jobs/a446ce41-4717-4b2c-a742-8a1b52d486cc -> HTTP 404: Unknown job_id
2026-04-16 22:06:54,577 | ERROR | backend.app.middleware.error_handlers | POST /scraper/sessions/linkedin/manual-login -> HTTP 500: Manual login flow failed: Page.wait_for_timeout: Target page, context or browser has been closed
2026-04-16 22:26:50,906 | INFO | backend.lead_scoring.engine | lead_score | ref=Kanan Shah • 2nd Founder - Zold Hr /Founder - Shubh Chintak Mumbai, Maharashtra, India Connect Current: Founder at Zold Hr Ashwin Rasquinha, Rohan Fernandes and 4 other mutual connections score=14 tier=cold factors={'company_size': 0.0, 'job_role': 0.0, 'country': 0.0, 'website_availability': 0.0, 'email_availability': 0.0, 'platform_source': 14.0, 'industry_match': 0.0, 'budget_potential': 0.0, 'messages': {'company_size': 'No company size -> 0', 'job_role': 'No job title -> 0', 'country': 'No country / location -> 0', 'website_availability': 'No company website -> 0', 'email_availability': 'No email -> 0', 'platform_source': "Platform 'linkedin' -> +14", 'industry_match': 'No benchmark industry configured -> 0', 'budget_potential': 'No budget keywords -> 0'}, 'raw_total': 14.0}
2026-04-16 22:26:50,913 | INFO | backend.lead_scoring.engine | lead_score | ref=Ashwin Rasquinha score=14 tier=cold factors={'company_size': 0.0, 'job_role': 0.0, 'country': 0.0, 'website_availability': 0.0, 'email_availability': 0.0, 'platform_source': 14.0, 'industry_match': 0.0, 'budget_potential': 0.0, 'messages': {'company_size': 'No company size -> 0', 'job_role': 'No job title -> 0', 'country': 'No country / location -> 0', 'website_availability': 'No company website -> 0', 'email_availability': 'No email -> 0', 'platform_source': "Platform 'linkedin' -> +14", 'industry_match': 'No benchmark industry configured -> 0', 'budget_potential': 'No budget keywords -> 0'}, 'raw_total': 14.0}
2026-04-16 22:26:50,915 | INFO | backend.lead_scoring.engine | lead_score | ref=Rohan Fernandes score=14 tier=cold factors={'company_size': 0.0, 'job_role': 0.0, 'country': 0.0, 'website_availability': 0.0, 'email_availability': 0.0, 'platform_source': 14.0, 'industry_match': 0.0, 'budget_potential': 0.0, 'messages': {'company_size': 'No company size -> 0', 'job_role': 'No job title -> 0', 'country': 'No country / location -> 0', 'website_availability': 'No company website -> 0', 'email_availability': 'No email -> 0', 'platform_source': "Platform 'linkedin' -> +14", 'industry_match': 'No benchmark industry configured -> 0', 'budget_potential': 'No budget keywords -> 0'}, 'raw_total': 14.0}
2026-04-16 22:26:50,916 | INFO | backend.lead_scoring.engine | lead_score | ref=Vijay Jeswani • 2nd Founder & Managing Director | Vijay Properties Builder & Developer Mumbai, Maharashtra, India Follow Current: Founder & Managing Director at Vijay Jeswani | Builder and Developer 2K followers Pradeep Kumaar Gulati is a mutual connectio score=14 tier=cold factors={'company_size': 0.0, 'job_role': 0.0, 'country': 0.0, 'website_availability': 0.0, 'email_availability': 0.0, 'platform_source': 14.0, 'industry_match': 0.0, 'budget_potential': 0.0, 'messages': {'company_size': 'No company size -> 0', 'job_role': 'No job title -> 0', 'country': 'No country / location -> 0', 'website_availability': 'No company website -> 0', 'email_availability': 'No email -> 0', 'platform_source': "Platform 'linkedin' -> +14", 'industry_match': 'No benchmark industry configured -> 0', 'budget_potential': 'No budget keywords -> 0'}, 'raw_total': 14.0}
2026-04-16 22:26:50,917 | INFO | backend.lead_scoring.engine | lead_score | ref=Pradeep Kumaar Gulati score=14 tier=cold factors={'company_size': 0.0, 'job_role': 0.0, 'country': 0.0, 'website_availability': 0.0, 'email_availability': 0.0, 'platform_source': 14.0, 'industry_match': 0.0, 'budget_potential': 0.0, 'messages': {'company_size': 'No company size -> 0', 'job_role': 'No job title -> 0', 'country': 'No country / location -> 0', 'website_availability': 'No company website -> 0', 'email_availability': 'No email -> 0', 'platform_source': "Platform 'linkedin' -> +14", 'industry_match': 'No benchmark industry configured -> 0', 'budget_potential': 'No budget keywords -> 0'}, 'raw_total': 14.0}
2026-04-16 22:26:50,919 | INFO | backend.lead_scoring.engine | lead_score | ref=Sujoy Manna • 2nd Founder at Nimeya Technologies Pvt Ltd Mumbai, Maharashtra, India Connect Current: Founder at Nimeya.ai Kusum Singh, Pawas Goyal and 1 other mutual connection score=14 tier=cold factors={'company_size': 0.0, 'job_role': 0.0, 'country': 0.0, 'website_availability': 0.0, 'email_availability': 0.0, 'platform_source': 14.0, 'industry_match': 0.0, 'budget_potential': 0.0, 'messages': {'company_size': 'No company size -> 0', 'job_role': 'No job title -> 0', 'country': 'No country / location -> 0', 'website_availability': 'No company website -> 0', 'email_availability': 'No email -> 0', 'platform_source': "Platform 'linkedin' -> +14", 'industry_match': 'No benchmark industry configured -> 0', 'budget_potential': 'No budget keywords -> 0'}, 'raw_total': 14.0}
2026-04-16 22:26:50,920 | INFO | backend.lead_scoring.engine | lead_score | ref=Kusum Singh score=14 tier=cold factors={'company_size': 0.0, 'job_role': 0.0, 'country': 0.0, 'website_availability': 0.0, 'email_availability': 0.0, 'platform_source': 14.0, 'industry_match': 0.0, 'budget_potential': 0.0, 'messages': {'company_size': 'No company size -> 0', 'job_role': 'No job title -> 0', 'country': 'No country / location -> 0', 'website_availability': 'No company website -> 0', 'email_availability': 'No email -> 0', 'platform_source': "Platform 'linkedin' -> +14", 'industry_match': 'No benchmark industry configured -> 0', 'budget_potential': 'No budget keywords -> 0'}, 'raw_total': 14.0}
2026-04-16 22:26:50,922 | INFO | backend.lead_scoring.engine | lead_score | ref=Pawas Goyal score=14 tier=cold factors={'company_size': 0.0, 'job_role': 0.0, 'country': 0.0, 'website_availability': 0.0, 'email_availability': 0.0, 'platform_source': 14.0, 'industry_match': 0.0, 'budget_potential': 0.0, 'messages': {'company_size': 'No company size -> 0', 'job_role': 'No job title -> 0', 'country': 'No country / location -> 0', 'website_availability': 'No company website -> 0', 'email_availability': 'No email -> 0', 'platform_source': "Platform 'linkedin' -> +14", 'industry_match': 'No benchmark industry configured -> 0', 'budget_potential': 'No budget keywords -> 0'}, 'raw_total': 14.0}
2026-04-16 22:26:50,923 | INFO | backend.lead_scoring.engine | lead_score | ref=Rahul Pande • 2nd Founder at Expazia Advisory and Consulting Pvt Ltd Mumbai, Maharashtra, India Connect Current: Founder at Expazia Advisory and Consulting Pvt Ltd Amiit A Joshii, Praneet Sisodiya and 2 other mutual connections score=14 tier=cold factors={'company_size': 0.0, 'job_role': 0.0, 'country': 0.0, 'website_availability': 0.0, 'email_availability': 0.0, 'platform_source': 14.0, 'industry_match': 0.0, 'budget_potential': 0.0, 'messages': {'company_size': 'No company size -> 0', 'job_role': 'No job title -> 0', 'country': 'No country / location -> 0', 'website_availability': 'No company website -> 0', 'email_availability': 'No email -> 0', 'platform_source': "Platform 'linkedin' -> +14", 'industry_match': 'No benchmark industry configured -> 0', 'budget_potential': 'No budget keywords -> 0'}, 'raw_total': 14.0}
2026-04-16 22:26:50,925 | INFO | backend.lead_scoring.engine | lead_score | ref=Amiit A Joshii score=14 tier=cold factors={'company_size': 0.0, 'job_role': 0.0, 'country': 0.0, 'website_availability': 0.0, 'email_availability': 0.0, 'platform_source': 14.0, 'industry_match': 0.0, 'budget_potential': 0.0, 'messages': {'company_size': 'No company size -> 0', 'job_role': 'No job title -> 0', 'country': 'No country / location -> 0', 'website_availability': 'No company website -> 0', 'email_availability': 'No email -> 0', 'platform_source': "Platform 'linkedin' -> +14", 'industry_match': 'No benchmark industry configured -> 0', 'budget_potential': 'No budget keywords -> 0'}, 'raw_total': 14.0}
2026-04-16 22:26:50,926 | INFO | backend.lead_scoring.engine | lead_score | ref=Praneet Sisodiya score=14 tier=cold factors={'company_size': 0.0, 'job_role': 0.0, 'country': 0.0, 'website_availability': 0.0, 'email_availability': 0.0, 'platform_source': 14.0, 'industry_match': 0.0, 'budget_potential': 0.0, 'messages': {'company_size': 'No company size -> 0', 'job_role': 'No job title -> 0', 'country': 'No country / location -> 0', 'website_availability': 'No company website -> 0', 'email_availability': 'No email -> 0', 'platform_source': "Platform 'linkedin' -> +14", 'industry_match': 'No benchmark industry configured -> 0', 'budget_potential': 'No budget keywords -> 0'}, 'raw_total': 14.0}
2026-04-16 22:26:50,927 | INFO | backend.lead_scoring.engine | lead_score | ref=Archit Agrawal • 2nd Founder & CEO at SteamUp Consumer Mumbai, Maharashtra, India Connect Current: Founder at SteamUp Foods Pawas Goyal is a mutual connection score=14 tier=cold factors={'company_size': 0.0, 'job_role': 0.0, 'country': 0.0, 'website_availability': 0.0, 'email_availability': 0.0, 'platform_source': 14.0, 'industry_match': 0.0, 'budget_potential': 0.0, 'messages': {'company_size': 'No company size -> 0', 'job_role': 'No job title -> 0', 'country': 'No country / location -> 0', 'website_availability': 'No company website -> 0', 'email_availability': 'No email -> 0', 'platform_source': "Platform 'linkedin' -> +14", 'industry_match': 'No benchmark industry configured -> 0', 'budget_potential': 'No budget keywords -> 0'}, 'raw_total': 14.0}
2026-04-16 22:26:50,928 | INFO | backend.lead_scoring.engine | lead_score | ref=Manish Naidu • 2nd Founder at Brainwonders Mumbai, Maharashtra, India Connect Anil Vasu, Praneet Sisodiya and 1 other mutual connection score=14 tier=cold factors={'company_size': 0.0, 'job_role': 0.0, 'country': 0.0, 'website_availability': 0.0, 'email_availability': 0.0, 'platform_source': 14.0, 'industry_match': 0.0, 'budget_potential': 0.0, 'messages': {'company_size': 'No company size -> 0', 'job_role': 'No job title -> 0', 'country': 'No country / location -> 0', 'website_availability': 'No company website -> 0', 'email_availability': 'No email -> 0', 'platform_source': "Platform 'linkedin' -> +14", 'industry_match': 'No benchmark industry configured -> 0', 'budget_potential': 'No budget keywords -> 0'}, 'raw_total': 14.0}
2026-04-16 22:26:50,929 | INFO | backend.lead_scoring.engine | lead_score | ref=Anil Vasu score=14 tier=cold factors={'company_size': 0.0, 'job_role': 0.0, 'country': 0.0, 'website_availability': 0.0, 'email_availability': 0.0, 'platform_source': 14.0, 'industry_match': 0.0, 'budget_potential': 0.0, 'messages': {'company_size': 'No company size -> 0', 'job_role': 'No job title -> 0', 'country': 'No country / location -> 0', 'website_availability': 'No company website -> 0', 'email_availability': 'No email -> 0', 'platform_source': "Platform 'linkedin' -> +14", 'industry_match': 'No benchmark industry configured -> 0', 'budget_potential': 'No budget keywords -> 0'}, 'raw_total': 14.0}
2026-04-16 22:26:50,931 | INFO | backend.lead_scoring.engine | lead_score | ref=Himan Joshi • 2nd Founder and MD Mumbai, Maharashtra, India Connect Current: Founder at Harmoniix Cinelab Private limited Pawas Goyal, Rajesh Patel and 2 other mutual connections score=14 tier=cold factors={'company_size': 0.0, 'job_role': 0.0, 'country': 0.0, 'website_availability': 0.0, 'email_availability': 0.0, 'platform_source': 14.0, 'industry_match': 0.0, 'budget_potential': 0.0, 'messages': {'company_size': 'No company size -> 0', 'job_role': 'No job title -> 0', 'country': 'No country / location -> 0', 'website_availability': 'No company website -> 0', 'email_availability': 'No email -> 0', 'platform_source': "Platform 'linkedin' -> +14", 'industry_match': 'No benchmark industry configured -> 0', 'budget_potential': 'No budget keywords -> 0'}, 'raw_total': 14.0}
2026-04-16 22:26:50,932 | INFO | backend.lead_scoring.engine | lead_score | ref=Rajesh Patel score=14 tier=cold factors={'company_size': 0.0, 'job_role': 0.0, 'country': 0.0, 'website_availability': 0.0, 'email_availability': 0.0, 'platform_source': 14.0, 'industry_match': 0.0, 'budget_potential': 0.0, 'messages': {'company_size': 'No company size -> 0', 'job_role': 'No job title -> 0', 'country': 'No country / location -> 0', 'website_availability': 'No company website -> 0', 'email_availability': 'No email -> 0', 'platform_source': "Platform 'linkedin' -> +14", 'industry_match': 'No benchmark industry configured -> 0', 'budget_potential': 'No budget keywords -> 0'}, 'raw_total': 14.0}
2026-04-16 22:26:50,933 | INFO | backend.lead_scoring.engine | lead_score | ref=Anil Parasrampuria • 2nd Co-Founder at iBall India Connect Current: Co-Founder at iBall India Ashit Khandelwal, Remya Mathew and 1 other mutual connection score=14 tier=cold factors={'company_size': 0.0, 'job_role': 0.0, 'country': 0.0, 'website_availability': 0.0, 'email_availability': 0.0, 'platform_source': 14.0, 'industry_match': 0.0, 'budget_potential': 0.0, 'messages': {'company_size': 'No company size -> 0', 'job_role': 'No job title -> 0', 'country': 'No country / location -> 0', 'website_availability': 'No company website -> 0', 'email_availability': 'No email -> 0', 'platform_source': "Platform 'linkedin' -> +14", 'industry_match': 'No benchmark industry configured -> 0', 'budget_potential': 'No budget keywords -> 0'}, 'raw_total': 14.0}
2026-04-16 22:26:50,934 | INFO | backend.lead_scoring.engine | lead_score | ref=Ashit Khandelwal score=14 tier=cold factors={'company_size': 0.0, 'job_role': 0.0, 'country': 0.0, 'website_availability': 0.0, 'email_availability': 0.0, 'platform_source': 14.0, 'industry_match': 0.0, 'budget_potential': 0.0, 'messages': {'company_size': 'No company size -> 0', 'job_role': 'No job title -> 0', 'country': 'No country / location -> 0', 'website_availability': 'No company website -> 0', 'email_availability': 'No email -> 0', 'platform_source': "Platform 'linkedin' -> +14", 'industry_match': 'No benchmark industry configured -> 0', 'budget_potential': 'No budget keywords -> 0'}, 'raw_total': 14.0}
2026-04-16 22:26:50,935 | INFO | backend.lead_scoring.engine | lead_score | ref=Remya Mathew score=14 tier=cold factors={'company_size': 0.0, 'job_role': 0.0, 'country': 0.0, 'website_availability': 0.0, 'email_availability': 0.0, 'platform_source': 14.0, 'industry_match': 0.0, 'budget_potential': 0.0, 'messages': {'company_size': 'No company size -> 0', 'job_role': 'No job title -> 0', 'country': 'No country / location -> 0', 'website_availability': 'No company website -> 0', 'email_availability': 'No email -> 0', 'platform_source': "Platform 'linkedin' -> +14", 'industry_match': 'No benchmark industry configured -> 0', 'budget_potential': 'No budget keywords -> 0'}, 'raw_total': 14.0}
2026-04-16 22:26:50,937 | INFO | backend.lead_scoring.engine | lead_score | ref=Paresh Chaudhari • 2nd Founder at Equinox Technologies Mumbai Metropolitan Region Connect Current: Founder at Equinox Technologies - As the founder, the core responsibility is to gain traction in the IT Services industry. ET... Rushikesh Thanedar, Praveen score=14 tier=cold factors={'company_size': 0.0, 'job_role': 0.0, 'country': 0.0, 'website_availability': 0.0, 'email_availability': 0.0, 'platform_source': 14.0, 'industry_match': 0.0, 'budget_potential': 0.0, 'messages': {'company_size': 'No company size -> 0', 'job_role': 'No job title -> 0', 'country': 'No country / location -> 0', 'website_availability': 'No company website -> 0', 'email_availability': 'No email -> 0', 'platform_source': "Platform 'linkedin' -> +14", 'industry_match': 'No benchmark industry configured -> 0', 'budget_potential': 'No budget keywords -> 0'}, 'raw_total': 14.0}
2026-04-16 22:54:43,587 | ERROR | backend.app.middleware.error_handlers | POST /scraper/sessions/upwork/manual-login -> HTTP 500: Manual login flow failed: Page.wait_for_timeout: Target page, context or browser has been closed
2026-04-16 22:56:25,475 | ERROR | backend.app.middleware.error_handlers | POST /scraper/sessions/upwork/manual-login -> HTTP 500: Manual login flow failed: Page.wait_for_timeout: Target page, context or browser has been closed
2026-04-16 22:57:48,335 | INFO | backend.lead_scoring.engine | lead_score | ref=Pratham Mittal • 2nd Founder at Tetr & Masters’ Union Delhi, India Follow Current: Founder at Masters' Union 120K followers Prof. Christian Farioli, Pankaj Gupta and 3 other mutual connections score=20 tier=cold factors={'company_size': 2.0, 'job_role': 0.0, 'country': 4.0, 'website_availability': 0.0, 'email_availability': 0.0, 'platform_source': 14.0, 'industry_match': 0.0, 'budget_potential': 0.0, 'messages': {'company_size': 'Company size present (generic) -> +2', 'job_role': 'No job title -> 0', 'country': 'Location / country present -> +4', 'website_availability': 'No company website -> 0', 'email_availability': 'No email -> 0', 'platform_source': "Platform 'linkedin' -> +14", 'industry_match': 'No benchmark industry configured -> 0', 'budget_potential': 'No budget keywords -> 0'}, 'raw_total': 20.0}
2026-04-16 22:57:48,344 | INFO | backend.lead_scoring.engine | lead_score | ref=Prof. Christian Farioli score=20 tier=cold factors={'company_size': 2.0, 'job_role': 0.0, 'country': 4.0, 'website_availability': 0.0, 'email_availability': 0.0, 'platform_source': 14.0, 'industry_match': 0.0, 'budget_potential': 0.0, 'messages': {'company_size': 'Company size present (generic) -> +2', 'job_role': 'No job title -> 0', 'country': 'Location / country present -> +4', 'website_availability': 'No company website -> 0', 'email_availability': 'No email -> 0', 'platform_source': "Platform 'linkedin' -> +14", 'industry_match': 'No benchmark industry configured -> 0', 'budget_potential': 'No budget keywords -> 0'}, 'raw_total': 20.0}
2026-04-16 22:57:48,346 | INFO | backend.lead_scoring.engine | lead_score | ref=Pankaj Gupta score=20 tier=cold factors={'company_size': 2.0, 'job_role': 0.0, 'country': 4.0, 'website_availability': 0.0, 'email_availability': 0.0, 'platform_source': 14.0, 'industry_match': 0.0, 'budget_potential': 0.0, 'messages': {'company_size': 'Company size present (generic) -> +2', 'job_role': 'No job title -> 0', 'country': 'Location / country present -> +4', 'website_availability': 'No company website -> 0', 'email_availability': 'No email -> 0', 'platform_source': "Platform 'linkedin' -> +14", 'industry_match': 'No benchmark industry configured -> 0', 'budget_potential': 'No budget keywords -> 0'}, 'raw_total': 20.0}
2026-04-16 22:57:48,348 | INFO | backend.lead_scoring.engine | lead_score | ref=Sahali Saleem • 2nd Sales & Leasing Consultant | Residential & Commercial |Luxury Real Estate | H&H Development | 20+ Years in Dubai Property Market United Arab Emirates Connect Current: Founder at Zorba Real Estate LLC Mido Chishty, Shahzad Faisal and 1 score=20 tier=cold factors={'company_size': 2.0, 'job_role': 0.0, 'country': 4.0, 'website_availability': 0.0, 'email_availability': 0.0, 'platform_source': 14.0, 'industry_match': 0.0, 'budget_potential': 0.0, 'messages': {'company_size': 'Company size present (generic) -> +2', 'job_role': 'No job title -> 0', 'country': 'Location / country present -> +4', 'website_availability': 'No company website -> 0', 'email_availability': 'No email -> 0', 'platform_source': "Platform 'linkedin' -> +14", 'industry_match': 'No benchmark industry configured -> 0', 'budget_potential': 'No budget keywords -> 0'}, 'raw_total': 20.0}
2026-04-16 22:57:48,350 | INFO | backend.lead_scoring.engine | lead_score | ref=Mido Chishty score=20 tier=cold factors={'company_size': 2.0, 'job_role': 0.0, 'country': 4.0, 'website_availability': 0.0, 'email_availability': 0.0, 'platform_source': 14.0, 'industry_match': 0.0, 'budget_potential': 0.0, 'messages': {'company_size': 'Company size present (generic) -> +2', 'job_role': 'No job title -> 0', 'country': 'Location / country present -> +4', 'website_availability': 'No company website -> 0', 'email_availability': 'No email -> 0', 'platform_source': "Platform 'linkedin' -> +14", 'industry_match': 'No benchmark industry configured -> 0', 'budget_potential': 'No budget keywords -> 0'}, 'raw_total': 20.0}
2026-04-16 22:57:48,352 | INFO | backend.lead_scoring.engine | lead_score | ref=Shahzad Faisal score=20 tier=cold factors={'company_size': 2.0, 'job_role': 0.0, 'country': 4.0, 'website_availability': 0.0, 'email_availability': 0.0, 'platform_source': 14.0, 'industry_match': 0.0, 'budget_potential': 0.0, 'messages': {'company_size': 'Company size present (generic) -> +2', 'job_role': 'No job title -> 0', 'country': 'Location / country present -> +4', 'website_availability': 'No company website -> 0', 'email_availability': 'No email -> 0', 'platform_source': "Platform 'linkedin' -> +14", 'industry_match': 'No benchmark industry configured -> 0', 'budget_potential': 'No budget keywords -> 0'}, 'raw_total': 20.0}
2026-04-16 22:57:48,353 | INFO | backend.lead_scoring.engine | lead_score | ref=Mariia Faldina • 2nd Co-Founder & CBDO | IDOOH | Premium OOH advertising in Dubai | 20+ years in Media Dubai, United Arab Emirates Connect Summary: ...— clearly, beautifully, and with purpose. With over 20... Faris Saeed is a mutual connection score=20 tier=cold factors={'company_size': 2.0, 'job_role': 0.0, 'country': 4.0, 'website_availability': 0.0, 'email_availability': 0.0, 'platform_source': 14.0, 'industry_match': 0.0, 'budget_potential': 0.0, 'messages': {'company_size': 'Company size present (generic) -> +2', 'job_role': 'No job title -> 0', 'country': 'Location / country present -> +4', 'website_availability': 'No company website -> 0', 'email_availability': 'No email -> 0', 'platform_source': "Platform 'linkedin' -> +14", 'industry_match': 'No benchmark industry configured -> 0', 'budget_potential': 'No budget keywords -> 0'}, 'raw_total': 20.0}
2026-04-16 22:57:48,355 | INFO | backend.lead_scoring.engine | lead_score | ref=Faris Saeed score=20 tier=cold factors={'company_size': 2.0, 'job_role': 0.0, 'country': 4.0, 'website_availability': 0.0, 'email_availability': 0.0, 'platform_source': 14.0, 'industry_match': 0.0, 'budget_potential': 0.0, 'messages': {'company_size': 'Company size present (generic) -> +2', 'job_role': 'No job title -> 0', 'country': 'Location / country present -> +4', 'website_availability': 'No company website -> 0', 'email_availability': 'No email -> 0', 'platform_source': "Platform 'linkedin' -> +14", 'industry_match': 'No benchmark industry configured -> 0', 'budget_potential': 'No budget keywords -> 0'}, 'raw_total': 20.0}
2026-04-16 22:57:48,357 | INFO | backend.lead_scoring.engine | lead_score | ref=Hedieh Hosseinian • 2nd Real Estate Investment Specialist | Founder of Sunvest Properties | Dubai Market Expert | $1000M+ Closed Deals | 20+ Years Experience Dubai, United Arab Emirates Follow Current: Managing Director at Sunvest Properties - With over 2 score=20 tier=cold factors={'company_size': 2.0, 'job_role': 0.0, 'country': 4.0, 'website_availability': 0.0, 'email_availability': 0.0, 'platform_source': 14.0, 'industry_match': 0.0, 'budget_potential': 0.0, 'messages': {'company_size': 'Company size present (generic) -> +2', 'job_role': 'No job title -> 0', 'country': 'Location / country present -> +4', 'website_availability': 'No company website -> 0', 'email_availability': 'No email -> 0', 'platform_source': "Platform 'linkedin' -> +14", 'industry_match': 'No benchmark industry configured -> 0', 'budget_potential': 'No budget keywords -> 0'}, 'raw_total': 20.0}
2026-04-16 22:57:48,358 | INFO | backend.lead_scoring.engine | lead_score | ref=Mirna Sleiman score=20 tier=cold factors={'company_size': 2.0, 'job_role': 0.0, 'country': 4.0, 'website_availability': 0.0, 'email_availability': 0.0, 'platform_source': 14.0, 'industry_match': 0.0, 'budget_potential': 0.0, 'messages': {'company_size': 'Company size present (generic) -> +2', 'job_role': 'No job title -> 0', 'country': 'Location / country present -> +4', 'website_availability': 'No company website -> 0', 'email_availability': 'No email -> 0', 'platform_source': "Platform 'linkedin' -> +14", 'industry_match': 'No benchmark industry configured -> 0', 'budget_potential': 'No budget keywords -> 0'}, 'raw_total': 20.0}
2026-04-16 22:57:48,360 | INFO | backend.lead_scoring.engine | lead_score | ref=Robert J. A. Richards • 2nd Executive Coach | Executive Search & Selection | 50+ Years | 20 Countries. Excited to partner with clients in Dubai, Abu Dhabi, Ras al-Khaimah, Saudi Arabia, Qatar & Bahrain. Dubai, United Arab Emirates Connect Current: Founder score=20 tier=cold factors={'company_size': 2.0, 'job_role': 0.0, 'country': 4.0, 'website_availability': 0.0, 'email_availability': 0.0, 'platform_source': 14.0, 'industry_match': 0.0, 'budget_potential': 0.0, 'messages': {'company_size': 'Company size present (generic) -> +2', 'job_role': 'No job title -> 0', 'country': 'Location / country present -> +4', 'website_availability': 'No company website -> 0', 'email_availability': 'No email -> 0', 'platform_source': "Platform 'linkedin' -> +14", 'industry_match': 'No benchmark industry configured -> 0', 'budget_potential': 'No budget keywords -> 0'}, 'raw_total': 20.0}
2026-04-16 22:57:48,361 | INFO | backend.lead_scoring.engine | lead_score | ref=Kevin Martyr FCIPD score=20 tier=cold factors={'company_size': 2.0, 'job_role': 0.0, 'country': 4.0, 'website_availability': 0.0, 'email_availability': 0.0, 'platform_source': 14.0, 'industry_match': 0.0, 'budget_potential': 0.0, 'messages': {'company_size': 'Company size present (generic) -> +2', 'job_role': 'No job title -> 0', 'country': 'Location / country present -> +4', 'website_availability': 'No company website -> 0', 'email_availability': 'No email -> 0', 'platform_source': "Platform 'linkedin' -> +14", 'industry_match': 'No benchmark industry configured -> 0', 'budget_potential': 'No budget keywords -> 0'}, 'raw_total': 20.0}
2026-04-16 22:57:48,362 | INFO | backend.lead_scoring.engine | lead_score | ref=Dileep Ramachandran • 2nd Founder & Director | Helping clients for IT and Systems Integration in Dubai | Managed IT Services for SMEs & Enterprises | 20+ Years in the IT Industry | CCIE #54062 | IIM Kozhikode Dubai, United Arab Emirates Connect Current: F score=20 tier=cold factors={'company_size': 2.0, 'job_role': 0.0, 'country': 4.0, 'website_availability': 0.0, 'email_availability': 0.0, 'platform_source': 14.0, 'industry_match': 0.0, 'budget_potential': 0.0, 'messages': {'company_size': 'Company size present (generic) -> +2', 'job_role': 'No job title -> 0', 'country': 'Location / country present -> +4', 'website_availability': 'No company website -> 0', 'email_availability': 'No email -> 0', 'platform_source': "Platform 'linkedin' -> +14", 'industry_match': 'No benchmark industry configured -> 0', 'budget_potential': 'No budget keywords -> 0'}, 'raw_total': 20.0}
2026-04-16 22:57:48,364 | INFO | backend.lead_scoring.engine | lead_score | ref=Tannu Tiwary score=20 tier=cold factors={'company_size': 2.0, 'job_role': 0.0, 'country': 4.0, 'website_availability': 0.0, 'email_availability': 0.0, 'platform_source': 14.0, 'industry_match': 0.0, 'budget_potential': 0.0, 'messages': {'company_size': 'Company size present (generic) -> +2', 'job_role': 'No job title -> 0', 'country': 'Location / country present -> +4', 'website_availability': 'No company website -> 0', 'email_availability': 'No email -> 0', 'platform_source': "Platform 'linkedin' -> +14", 'industry_match': 'No benchmark industry configured -> 0', 'budget_potential': 'No budget keywords -> 0'}, 'raw_total': 20.0}
2026-04-16 22:57:48,365 | INFO | backend.lead_scoring.engine | lead_score | ref=Dr. Kadeeja Mansoor score=20 tier=cold factors={'company_size': 2.0, 'job_role': 0.0, 'country': 4.0, 'website_availability': 0.0, 'email_availability': 0.0, 'platform_source': 14.0, 'industry_match': 0.0, 'budget_potential': 0.0, 'messages': {'company_size': 'Company size present (generic) -> +2', 'job_role': 'No job title -> 0', 'country': 'Location / country present -> +4', 'website_availability': 'No company website -> 0', 'email_availability': 'No email -> 0', 'platform_source': "Platform 'linkedin' -> +14", 'industry_match': 'No benchmark industry configured -> 0', 'budget_potential': 'No budget keywords -> 0'}, 'raw_total': 20.0}
2026-04-16 22:57:48,367 | INFO | backend.lead_scoring.engine | lead_score | ref=Sharmila Thakur • 3rd+ Principal | Founder Principal | 20+ years leading CBSE & ICSE schools in India & Dubai | Academic Governance | NEP 2020 | School Transformation Mumbai, Maharashtra, India Message Current: School Principal (Founder Principal) at Orch score=20 tier=cold factors={'company_size': 2.0, 'job_role': 0.0, 'country': 4.0, 'website_availability': 0.0, 'email_availability': 0.0, 'platform_source': 14.0, 'industry_match': 0.0, 'budget_potential': 0.0, 'messages': {'company_size': 'Company size present (generic) -> +2', 'job_role': 'No job title -> 0', 'country': 'Location / country present -> +4', 'website_availability': 'No company website -> 0', 'email_availability': 'No email -> 0', 'platform_source': "Platform 'linkedin' -> +14", 'industry_match': 'No benchmark industry configured -> 0', 'budget_potential': 'No budget keywords -> 0'}, 'raw_total': 20.0}
2026-04-16 22:57:48,369 | INFO | backend.lead_scoring.engine | lead_score | ref=Denys Chernikov • 2nd UAE Business Consultant | Helping Entrepreneurs Launch & Scale in Dubai | Company Formation · Brokerage · AI | Founder @ Nova Bridge FZE LLC Dubai, United Arab Emirates Follow Current: Chief Business Development Officer at SEZAVI Hol score=20 tier=cold factors={'company_size': 2.0, 'job_role': 0.0, 'country': 4.0, 'website_availability': 0.0, 'email_availability': 0.0, 'platform_source': 14.0, 'industry_match': 0.0, 'budget_potential': 0.0, 'messages': {'company_size': 'Company size present (generic) -> +2', 'job_role': 'No job title -> 0', 'country': 'Location / country present -> +4', 'website_availability': 'No company website -> 0', 'email_availability': 'No email -> 0', 'platform_source': "Platform 'linkedin' -> +14", 'industry_match': 'No benchmark industry configured -> 0', 'budget_potential': 'No budget keywords -> 0'}, 'raw_total': 20.0}
2026-04-16 22:57:48,370 | INFO | backend.lead_scoring.engine | lead_score | ref=Sanja Radlovacki MSc MBA Ed.S score=20 tier=cold factors={'company_size': 2.0, 'job_role': 0.0, 'country': 4.0, 'website_availability': 0.0, 'email_availability': 0.0, 'platform_source': 14.0, 'industry_match': 0.0, 'budget_potential': 0.0, 'messages': {'company_size': 'Company size present (generic) -> +2', 'job_role': 'No job title -> 0', 'country': 'Location / country present -> +4', 'website_availability': 'No company website -> 0', 'email_availability': 'No email -> 0', 'platform_source': "Platform 'linkedin' -> +14", 'industry_match': 'No benchmark industry configured -> 0', 'budget_potential': 'No budget keywords -> 0'}, 'raw_total': 20.0}
2026-04-16 22:57:48,372 | INFO | backend.lead_scoring.engine | lead_score | ref=Waseem Liyaqat Ali • 2nd Founder & CEO | WLT Logistic L.L.C | Land, Sea & Air Freight | Dubai & India | 20+ Years in Logistics & Supply Chain Dubai, United Arab Emirates Connect Current: Founder & CEO – WLT Logistic L.L.C at WLT Logistic LLC Faris Saeed, score=20 tier=cold factors={'company_size': 2.0, 'job_role': 0.0, 'country': 4.0, 'website_availability': 0.0, 'email_availability': 0.0, 'platform_source': 14.0, 'industry_match': 0.0, 'budget_potential': 0.0, 'messages': {'company_size': 'Company size present (generic) -> +2', 'job_role': 'No job title -> 0', 'country': 'Location / country present -> +4', 'website_availability': 'No company website -> 0', 'email_availability': 'No email -> 0', 'platform_source': "Platform 'linkedin' -> +14", 'industry_match': 'No benchmark industry configured -> 0', 'budget_potential': 'No budget keywords -> 0'}, 'raw_total': 20.0}
2026-04-16 22:57:48,373 | INFO | backend.lead_scoring.engine | lead_score | ref=Harleen Kaur Mann score=20 tier=cold factors={'company_size': 2.0, 'job_role': 0.0, 'country': 4.0, 'website_availability': 0.0, 'email_availability': 0.0, 'platform_source': 14.0, 'industry_match': 0.0, 'budget_potential': 0.0, 'messages': {'company_size': 'Company size present (generic) -> +2', 'job_role': 'No job title -> 0', 'country': 'Location / country present -> +4', 'website_availability': 'No company website -> 0', 'email_availability': 'No email -> 0', 'platform_source': "Platform 'linkedin' -> +14", 'industry_match': 'No benchmark industry configured -> 0', 'budget_potential': 'No budget keywords -> 0'}, 'raw_total': 20.0}
2026-04-17 13:32:01,122 | WARNING | backend.app.middleware.error_handlers | GET / -> HTTP 404: Not Found
2026-04-17 13:32:01,161 | WARNING | backend.app.middleware.error_handlers | GET /favicon.ico -> HTTP 404: Not Found
2026-04-17 13:32:16,796 | WARNING | backend.app.middleware.error_handlers | POST /auth/login -> HTTP 401: Incorrect email or password
2026-04-17 13:32:21,664 | WARNING | backend.app.middleware.error_handlers | POST /auth/login -> HTTP 401: Incorrect email or password
2026-04-17 13:32:25,513 | WARNING | backend.app.middleware.error_handlers | POST /auth/login -> HTTP 401: Incorrect email or password
2026-04-17 13:32:26,073 | WARNING | backend.app.middleware.error_handlers | POST /auth/login -> HTTP 401: Incorrect email or password
2026-04-17 13:32:26,212 | WARNING | backend.app.middleware.error_handlers | POST /auth/login -> HTTP 401: Incorrect email or password
2026-04-17 13:33:20,190 | ERROR | backend.app.middleware.error_handlers | POST /scraper/sessions/wellfound/manual-login -> HTTP 500: Manual login flow failed: Page.wait_for_timeout: Target page, context or browser has been closed
2026-04-22 11:58:05,544 | INFO | leadpilot.startup | LeadPilot API — startup beginning.
2026-04-22 11:58:05,544 | INFO | leadpilot.startup | python-dotenv: loaded .env from repository root (see config.py).
2026-04-22 11:58:05,545 | INFO | leadpilot.startup | Runtime directories ready (exports, sessions, logs, DB parents, branding).
2026-04-22 11:58:05,547 | INFO | leadpilot.startup | Meta SQLite schema OK (database/api_meta.db).
2026-04-22 11:58:05,559 | INFO | leadpilot.startup | SQLAlchemy tables OK (ORM / leads schema).
2026-04-22 11:58:05,559 | INFO | leadpilot.startup | Lead storage initialized (STORAGE_MODE=csv).
2026-04-22 11:58:05,559 | INFO | leadpilot.startup | LeadPilot API — ready to accept requests.
2026-04-22 12:02:49,545 | INFO | leadpilot.startup | LeadPilot API — startup beginning.
2026-04-22 12:02:49,545 | INFO | leadpilot.startup | python-dotenv: loaded .env from repository root (see config.py).
2026-04-22 12:02:49,547 | INFO | leadpilot.startup | Runtime directories ready (exports, sessions, logs, DB parents, branding).
2026-04-22 12:02:49,549 | INFO | leadpilot.startup | Meta SQLite schema OK (database/api_meta.db).
2026-04-22 12:02:49,569 | INFO | leadpilot.startup | SQLAlchemy tables OK (ORM / leads schema).
2026-04-22 12:02:49,570 | INFO | leadpilot.startup | Lead storage initialized (STORAGE_MODE=csv).
2026-04-22 12:02:49,570 | INFO | leadpilot.startup | LeadPilot API — ready to accept requests.
2026-04-22 12:02:51,555 | WARNING | backend.app.middleware.error_handlers | GET /public/branding -> HTTP 404: Not Found
2026-04-22 12:05:02,617 | INFO | leadpilot.startup | LeadPilot API — startup beginning.
2026-04-22 12:05:02,617 | INFO | leadpilot.startup | python-dotenv: loaded .env from repository root (see config.py).
2026-04-22 12:05:02,618 | INFO | leadpilot.startup | Runtime directories ready (exports, sessions, logs, DB parents, branding).
2026-04-22 12:05:02,619 | INFO | leadpilot.startup | Meta SQLite schema OK (database/api_meta.db).
2026-04-22 12:05:02,633 | INFO | leadpilot.startup | SQLAlchemy tables OK (ORM / leads schema).
2026-04-22 12:05:02,633 | INFO | leadpilot.startup | Lead storage initialized (STORAGE_MODE=csv).
2026-04-22 12:05:02,633 | INFO | leadpilot.startup | LeadPilot API — ready to accept requests.
2026-04-22 12:07:30,088 | INFO | backend.lead_scoring.engine | lead_score | ref=Ann Joseph • 2nd Hiring Talents for India and UAE, Certified POSH Trainer Kochi, Kerala, India Connect Current: Co-Founder at Beacon Maven Students' Placement Team, IIT Kanpur, Gyanendra Chaudhary and 3 other mutual connections score=18 tier=cold factors={'company_size': 0.0, 'job_role': 0.0, 'country': 4.0, 'website_availability': 0.0, 'email_availability': 0.0, 'platform_source': 14.0, 'industry_match': 0.0, 'budget_potential': 0.0, 'messages': {'company_size': 'No company size -> 0', 'job_role': 'No job title -> 0', 'country': 'Location / country present -> +4', 'website_availability': 'No company website -> 0', 'email_availability': 'No email -> 0', 'platform_source': "Platform 'linkedin' -> +14", 'industry_match': 'No benchmark industry configured -> 0', 'budget_potential': 'No budget keywords -> 0'}, 'raw_total': 18.0}
2026-04-22 12:07:30,100 | INFO | backend.lead_scoring.engine | lead_score | ref=Students' Placement Team, IIT Kanpur score=18 tier=cold factors={'company_size': 0.0, 'job_role': 0.0, 'country': 4.0, 'website_availability': 0.0, 'email_availability': 0.0, 'platform_source': 14.0, 'industry_match': 0.0, 'budget_potential': 0.0, 'messages': {'company_size': 'No company size -> 0', 'job_role': 'No job title -> 0', 'country': 'Location / country present -> +4', 'website_availability': 'No company website -> 0', 'email_availability': 'No email -> 0', 'platform_source': "Platform 'linkedin' -> +14", 'industry_match': 'No benchmark industry configured -> 0', 'budget_potential': 'No budget keywords -> 0'}, 'raw_total': 18.0}
2026-04-22 12:07:30,102 | INFO | backend.lead_scoring.engine | lead_score | ref=Gyanendra Chaudhary score=18 tier=cold factors={'company_size': 0.0, 'job_role': 0.0, 'country': 4.0, 'website_availability': 0.0, 'email_availability': 0.0, 'platform_source': 14.0, 'industry_match': 0.0, 'budget_potential': 0.0, 'messages': {'company_size': 'No company size -> 0', 'job_role': 'No job title -> 0', 'country': 'Location / country present -> +4', 'website_availability': 'No company website -> 0', 'email_availability': 'No email -> 0', 'platform_source': "Platform 'linkedin' -> +14", 'industry_match': 'No benchmark industry configured -> 0', 'budget_potential': 'No budget keywords -> 0'}, 'raw_total': 18.0}
2026-04-22 12:07:30,104 | INFO | backend.lead_scoring.engine | lead_score | ref=Dr Shweta Rohan • 2nd Co-Founder - Hospitality Jobs (UAE) / K B M (INDIA) United Arab Emirates Connect Current: Co-Founder at Hospitality Jobs (UAE) score=18 tier=cold factors={'company_size': 0.0, 'job_role': 0.0, 'country': 4.0, 'website_availability': 0.0, 'email_availability': 0.0, 'platform_source': 14.0, 'industry_match': 0.0, 'budget_potential': 0.0, 'messages': {'company_size': 'No company size -> 0', 'job_role': 'No job title -> 0', 'country': 'Location / country present -> +4', 'website_availability': 'No company website -> 0', 'email_availability': 'No email -> 0', 'platform_source': "Platform 'linkedin' -> +14", 'industry_match': 'No benchmark industry configured -> 0', 'budget_potential': 'No budget keywords -> 0'}, 'raw_total': 18.0}
2026-04-22 12:07:30,106 | INFO | backend.lead_scoring.engine | lead_score | ref=Aleksandar Milovanovic • 2nd Founder at ServPro UAE United Arab Emirates Follow Current: Founder at ServPro - UAE 2K followers Paul Evans is a mutual connection score=18 tier=cold factors={'company_size': 0.0, 'job_role': 0.0, 'country': 4.0, 'website_availability': 0.0, 'email_availability': 0.0, 'platform_source': 14.0, 'industry_match': 0.0, 'budget_potential': 0.0, 'messages': {'company_size': 'No company size -> 0', 'job_role': 'No job title -> 0', 'country': 'Location / country present -> +4', 'website_availability': 'No company website -> 0', 'email_availability': 'No email -> 0', 'platform_source': "Platform 'linkedin' -> +14", 'industry_match': 'No benchmark industry configured -> 0', 'budget_potential': 'No budget keywords -> 0'}, 'raw_total': 18.0}
2026-04-22 12:07:30,107 | INFO | backend.lead_scoring.engine | lead_score | ref=Paul Evans score=18 tier=cold factors={'company_size': 0.0, 'job_role': 0.0, 'country': 4.0, 'website_availability': 0.0, 'email_availability': 0.0, 'platform_source': 14.0, 'industry_match': 0.0, 'budget_potential': 0.0, 'messages': {'company_size': 'No company size -> 0', 'job_role': 'No job title -> 0', 'country': 'Location / country present -> +4', 'website_availability': 'No company website -> 0', 'email_availability': 'No email -> 0', 'platform_source': "Platform 'linkedin' -> +14", 'industry_match': 'No benchmark industry configured -> 0', 'budget_potential': 'No budget keywords -> 0'}, 'raw_total': 18.0}
2026-04-22 12:07:30,109 | INFO | backend.lead_scoring.engine | lead_score | ref=Ankur Chaturvedi • 2nd 🚛 Founder | Transforming Transportation in the UAE 🚛 United Arab Emirates Follow Current: Founder at Hornokplease 8K followers Pankaj Gupta, Faris Saeed and 7 other mutual connections score=18 tier=cold factors={'company_size': 0.0, 'job_role': 0.0, 'country': 4.0, 'website_availability': 0.0, 'email_availability': 0.0, 'platform_source': 14.0, 'industry_match': 0.0, 'budget_potential': 0.0, 'messages': {'company_size': 'No company size -> 0', 'job_role': 'No job title -> 0', 'country': 'Location / country present -> +4', 'website_availability': 'No company website -> 0', 'email_availability': 'No email -> 0', 'platform_source': "Platform 'linkedin' -> +14", 'industry_match': 'No benchmark industry configured -> 0', 'budget_potential': 'No budget keywords -> 0'}, 'raw_total': 18.0}
2026-04-22 12:07:30,117 | INFO | backend.lead_scoring.engine | lead_score | ref=Naser Al Otaibi • 2nd Assistant Director of Corporate Performance at Central Bank of The UAE United Arab Emirates Connect Current: Founder and Director General at Concrete Concept General Contracting Sanja Radlovacki MSc MBA Ed.S and Faheema Ali are mutua score=18 tier=cold factors={'company_size': 0.0, 'job_role': 0.0, 'country': 4.0, 'website_availability': 0.0, 'email_availability': 0.0, 'platform_source': 14.0, 'industry_match': 0.0, 'budget_potential': 0.0, 'messages': {'company_size': 'No company size -> 0', 'job_role': 'No job title -> 0', 'country': 'Location / country present -> +4', 'website_availability': 'No company website -> 0', 'email_availability': 'No email -> 0', 'platform_source': "Platform 'linkedin' -> +14", 'industry_match': 'No benchmark industry configured -> 0', 'budget_potential': 'No budget keywords -> 0'}, 'raw_total': 18.0}
2026-04-22 12:07:30,120 | INFO | backend.lead_scoring.engine | lead_score | ref=Faheema Ali score=18 tier=cold factors={'company_size': 0.0, 'job_role': 0.0, 'country': 4.0, 'website_availability': 0.0, 'email_availability': 0.0, 'platform_source': 14.0, 'industry_match': 0.0, 'budget_potential': 0.0, 'messages': {'company_size': 'No company size -> 0', 'job_role': 'No job title -> 0', 'country': 'Location / country present -> +4', 'website_availability': 'No company website -> 0', 'email_availability': 'No email -> 0', 'platform_source': "Platform 'linkedin' -> +14", 'industry_match': 'No benchmark industry configured -> 0', 'budget_potential': 'No budget keywords -> 0'}, 'raw_total': 18.0}
2026-04-22 12:07:30,121 | INFO | backend.lead_scoring.engine | lead_score | ref=Jovanka Tomasevic • 2nd Founder at JT Events UAE United Arab Emirates Connect Paul Evans, Faris Saeed and 2 other mutual connections score=18 tier=cold factors={'company_size': 0.0, 'job_role': 0.0, 'country': 4.0, 'website_availability': 0.0, 'email_availability': 0.0, 'platform_source': 14.0, 'industry_match': 0.0, 'budget_potential': 0.0, 'messages': {'company_size': 'No company size -> 0', 'job_role': 'No job title -> 0', 'country': 'Location / country present -> +4', 'website_availability': 'No company website -> 0', 'email_availability': 'No email -> 0', 'platform_source': "Platform 'linkedin' -> +14", 'industry_match': 'No benchmark industry configured -> 0', 'budget_potential': 'No budget keywords -> 0'}, 'raw_total': 18.0}
2026-04-22 12:07:30,123 | INFO | backend.lead_scoring.engine | lead_score | ref=Muhammad Umair Khalid • 2nd Founder & CEO at Orbix Technologies, UAE Dubai, United Arab Emirates Follow 2K followers TK Kader is a mutual connection score=18 tier=cold factors={'company_size': 0.0, 'job_role': 0.0, 'country': 4.0, 'website_availability': 0.0, 'email_availability': 0.0, 'platform_source': 14.0, 'industry_match': 0.0, 'budget_potential': 0.0, 'messages': {'company_size': 'No company size -> 0', 'job_role': 'No job title -> 0', 'country': 'Location / country present -> +4', 'website_availability': 'No company website -> 0', 'email_availability': 'No email -> 0', 'platform_source': "Platform 'linkedin' -> +14", 'industry_match': 'No benchmark industry configured -> 0', 'budget_potential': 'No budget keywords -> 0'}, 'raw_total': 18.0}
2026-04-22 12:07:30,124 | INFO | backend.lead_scoring.engine | lead_score | ref=TK Kader score=18 tier=cold factors={'company_size': 0.0, 'job_role': 0.0, 'country': 4.0, 'website_availability': 0.0, 'email_availability': 0.0, 'platform_source': 14.0, 'industry_match': 0.0, 'budget_potential': 0.0, 'messages': {'company_size': 'No company size -> 0', 'job_role': 'No job title -> 0', 'country': 'Location / country present -> +4', 'website_availability': 'No company website -> 0', 'email_availability': 'No email -> 0', 'platform_source': "Platform 'linkedin' -> +14", 'industry_match': 'No benchmark industry configured -> 0', 'budget_potential': 'No budget keywords -> 0'}, 'raw_total': 18.0}
2026-04-22 12:07:30,126 | INFO | backend.lead_scoring.engine | lead_score | ref=Halima Jumani • 2nd Founder and CEO - Kibsons E-commerce Dubai UAE United Kingdom Connect Sanja Radlovacki MSc MBA Ed.S and J. Elasseri are mutual connections score=18 tier=cold factors={'company_size': 0.0, 'job_role': 0.0, 'country': 4.0, 'website_availability': 0.0, 'email_availability': 0.0, 'platform_source': 14.0, 'industry_match': 0.0, 'budget_potential': 0.0, 'messages': {'company_size': 'No company size -> 0', 'job_role': 'No job title -> 0', 'country': 'Location / country present -> +4', 'website_availability': 'No company website -> 0', 'email_availability': 'No email -> 0', 'platform_source': "Platform 'linkedin' -> +14", 'industry_match': 'No benchmark industry configured -> 0', 'budget_potential': 'No budget keywords -> 0'}, 'raw_total': 18.0}
2026-04-22 12:07:30,127 | INFO | backend.lead_scoring.engine | lead_score | ref=J. Elasseri score=18 tier=cold factors={'company_size': 0.0, 'job_role': 0.0, 'country': 4.0, 'website_availability': 0.0, 'email_availability': 0.0, 'platform_source': 14.0, 'industry_match': 0.0, 'budget_potential': 0.0, 'messages': {'company_size': 'No company size -> 0', 'job_role': 'No job title -> 0', 'country': 'Location / country present -> +4', 'website_availability': 'No company website -> 0', 'email_availability': 'No email -> 0', 'platform_source': "Platform 'linkedin' -> +14", 'industry_match': 'No benchmark industry configured -> 0', 'budget_potential': 'No budget keywords -> 0'}, 'raw_total': 18.0}
2026-04-22 12:07:30,128 | INFO | backend.lead_scoring.engine | lead_score | ref=Sonny Bains • 2nd Managing Director and Co Founder at Expat Motors UAE United Arab Emirates Connect Current: Managing Director at Expat Motors UAE Paul Evans is a mutual connection score=18 tier=cold factors={'company_size': 0.0, 'job_role': 0.0, 'country': 4.0, 'website_availability': 0.0, 'email_availability': 0.0, 'platform_source': 14.0, 'industry_match': 0.0, 'budget_potential': 0.0, 'messages': {'company_size': 'No company size -> 0', 'job_role': 'No job title -> 0', 'country': 'Location / country present -> +4', 'website_availability': 'No company website -> 0', 'email_availability': 'No email -> 0', 'platform_source': "Platform 'linkedin' -> +14", 'industry_match': 'No benchmark industry configured -> 0', 'budget_potential': 'No budget keywords -> 0'}, 'raw_total': 18.0}
2026-04-22 12:07:30,130 | INFO | backend.lead_scoring.engine | lead_score | ref=Amna Husain • 2nd Human Resources Leader | Ex - IFFCO(UAE) | Ex - L’Oréal | FMCG | Strategy | Employee Relations | Business Partnering | Learning & Talent Development India Connect Past: Co-founder - Facilitator, & HR Consultant at Eclatstory Shahvir Iran score=18 tier=cold factors={'company_size': 0.0, 'job_role': 0.0, 'country': 4.0, 'website_availability': 0.0, 'email_availability': 0.0, 'platform_source': 14.0, 'industry_match': 0.0, 'budget_potential': 0.0, 'messages': {'company_size': 'No company size -> 0', 'job_role': 'No job title -> 0', 'country': 'Location / country present -> +4', 'website_availability': 'No company website -> 0', 'email_availability': 'No email -> 0', 'platform_source': "Platform 'linkedin' -> +14", 'industry_match': 'No benchmark industry configured -> 0', 'budget_potential': 'No budget keywords -> 0'}, 'raw_total': 18.0}
2026-04-22 12:07:30,131 | INFO | backend.lead_scoring.engine | lead_score | ref=Shahvir Irani score=18 tier=cold factors={'company_size': 0.0, 'job_role': 0.0, 'country': 4.0, 'website_availability': 0.0, 'email_availability': 0.0, 'platform_source': 14.0, 'industry_match': 0.0, 'budget_potential': 0.0, 'messages': {'company_size': 'No company size -> 0', 'job_role': 'No job title -> 0', 'country': 'Location / country present -> +4', 'website_availability': 'No company website -> 0', 'email_availability': 'No email -> 0', 'platform_source': "Platform 'linkedin' -> +14", 'industry_match': 'No benchmark industry configured -> 0', 'budget_potential': 'No budget keywords -> 0'}, 'raw_total': 18.0}
2026-04-22 12:07:53,525 | ERROR | backend.safe_capture.ai_enricher | Subject generation failed — using fallback
2026-04-22 12:07:53,526 | ERROR | backend.safe_capture.ai_enricher | Message generation failed — using fallback
2026-04-22 12:07:59,074 | ERROR | backend.app.middleware.error_handlers | Unhandled error: database is locked
Traceback (most recent call last):
  File "D:\Py_Projects\LeadPilot\.venv\Lib\site-packages\starlette\middleware\errors.py", line 164, in __call__
    await self.app(scope, receive, _send)
  File "D:\Py_Projects\LeadPilot\.venv\Lib\site-packages\starlette\middleware\cors.py", line 96, in __call__
    await self.simple_response(scope, receive, send, request_headers=headers)
  File "D:\Py_Projects\LeadPilot\.venv\Lib\site-packages\starlette\middleware\cors.py", line 154, in simple_response
    await self.app(scope, receive, send)
  File "D:\Py_Projects\LeadPilot\.venv\Lib\site-packages\starlette\middleware\exceptions.py", line 63, in __call__
    await wrap_app_handling_exceptions(self.app, conn)(scope, receive, send)
  File "D:\Py_Projects\LeadPilot\.venv\Lib\site-packages\starlette\_exception_handler.py", line 53, in wrapped_app
    raise exc
  File "D:\Py_Projects\LeadPilot\.venv\Lib\site-packages\starlette\_exception_handler.py", line 42, in wrapped_app
    await app(scope, receive, sender)
  File "D:\Py_Projects\LeadPilot\.venv\Lib\site-packages\fastapi\middleware\asyncexitstack.py", line 18, in __call__
    await self.app(scope, receive, send)
  File "D:\Py_Projects\LeadPilot\.venv\Lib\site-packages\starlette\routing.py", line 660, in __call__
    await self.middleware_stack(scope, receive, send)
  File "D:\Py_Projects\LeadPilot\.venv\Lib\site-packages\starlette\routing.py", line 680, in app
    await route.handle(scope, receive, send)
  File "D:\Py_Projects\LeadPilot\.venv\Lib\site-packages\starlette\routing.py", line 276, in handle
    await self.app(scope, receive, send)
  File "D:\Py_Projects\LeadPilot\.venv\Lib\site-packages\fastapi\routing.py", line 134, in app
    await wrap_app_handling_exceptions(app, request)(scope, receive, send)
  File "D:\Py_Projects\LeadPilot\.venv\Lib\site-packages\starlette\_exception_handler.py", line 53, in wrapped_app
    raise exc
  File "D:\Py_Projects\LeadPilot\.venv\Lib\site-packages\starlette\_exception_handler.py", line 42, in wrapped_app
    await app(scope, receive, sender)
  File "D:\Py_Projects\LeadPilot\.venv\Lib\site-packages\fastapi\routing.py", line 120, in app
    response = await f(request)
               ^^^^^^^^^^^^^^^^
  File "D:\Py_Projects\LeadPilot\.venv\Lib\site-packages\fastapi\routing.py", line 674, in app
    raw_response = await run_endpoint_function(
                   ^^^^^^^^^^^^^^^^^^^^^^^^^^^^
    ...<3 lines>...
    )
    ^
  File "D:\Py_Projects\LeadPilot\.venv\Lib\site-packages\fastapi\routing.py", line 330, in run_endpoint_function
    return await run_in_threadpool(dependant.call, **values)
           ^^^^^^^^^^^^^^^^^^^^^^^^^^^^^^^^^^^^^^^^^^^^^^^^^
  File "D:\Py_Projects\LeadPilot\.venv\Lib\site-packages\starlette\concurrency.py", line 32, in run_in_threadpool
    return await anyio.to_thread.run_sync(func)
           ^^^^^^^^^^^^^^^^^^^^^^^^^^^^^^^^^^^^
  File "D:\Py_Projects\LeadPilot\.venv\Lib\site-packages\anyio\to_thread.py", line 63, in run_sync
    return await get_async_backend().run_sync_in_worker_thread(
           ^^^^^^^^^^^^^^^^^^^^^^^^^^^^^^^^^^^^^^^^^^^^^^^^^^^^
        func, args, abandon_on_cancel=abandon_on_cancel, limiter=limiter
        ^^^^^^^^^^^^^^^^^^^^^^^^^^^^^^^^^^^^^^^^^^^^^^^^^^^^^^^^^^^^^^^^
    )
    ^
  File "D:\Py_Projects\LeadPilot\.venv\Lib\site-packages\anyio\_backends\_asyncio.py", line 2518, in run_sync_in_worker_thread
    return await future
           ^^^^^^^^^^^^
  File "D:\Py_Projects\LeadPilot\.venv\Lib\site-packages\anyio\_backends\_asyncio.py", line 1002, in run
    result = context.run(func, *args)
  File "D:\Py_Projects\LeadPilot\backend\app\routes\messages.py", line 38, in generate_message
    status_history_service.record_change(lead_id, "new", "follow_up_sent")
    ~~~~~~~~~~~~~~~~~~~~~~~~~~~~~~~~~~~~^^^^^^^^^^^^^^^^^^^^^^^^^^^^^^^^^^
  File "D:\Py_Projects\LeadPilot\backend\services\status_history_service.py", line 16, in record_change
    cx.execute(
    ~~~~~~~~~~^
        """
        ^^^
    ...<3 lines>...
        (lead_id, old_status or "", new_status, utc_now_iso()),
        ^^^^^^^^^^^^^^^^^^^^^^^^^^^^^^^^^^^^^^^^^^^^^^^^^^^^^^^
    )
    ^
sqlite3.OperationalError: database is locked
2026-04-22 12:08:37,509 | WARNING | backend.app.middleware.error_handlers | POST /api/admin/login -> HTTP 401: Invalid admin email or password
2026-04-22 12:16:34,684 | INFO | httpx | HTTP Request: GET http://localhost:11434/api/tags "HTTP/1.1 200 OK"
2026-04-22 12:16:48,452 | INFO | httpx | HTTP Request: POST http://localhost:11434/api/generate "HTTP/1.1 200 OK"
2026-04-22 12:16:55,897 | ERROR | backend.safe_capture.ai_enricher | Subject generation failed — using fallback
2026-04-22 12:16:55,897 | ERROR | backend.safe_capture.ai_enricher | Message generation failed — using fallback
2026-04-22 12:17:01,444 | ERROR | backend.app.middleware.error_handlers | Unhandled error: database is locked
Traceback (most recent call last):
  File "D:\Py_Projects\LeadPilot\.venv\Lib\site-packages\starlette\middleware\errors.py", line 164, in __call__
    await self.app(scope, receive, _send)
  File "D:\Py_Projects\LeadPilot\.venv\Lib\site-packages\starlette\middleware\cors.py", line 96, in __call__
    await self.simple_response(scope, receive, send, request_headers=headers)
  File "D:\Py_Projects\LeadPilot\.venv\Lib\site-packages\starlette\middleware\cors.py", line 154, in simple_response
    await self.app(scope, receive, send)
  File "D:\Py_Projects\LeadPilot\.venv\Lib\site-packages\starlette\middleware\exceptions.py", line 63, in __call__
    await wrap_app_handling_exceptions(self.app, conn)(scope, receive, send)
  File "D:\Py_Projects\LeadPilot\.venv\Lib\site-packages\starlette\_exception_handler.py", line 53, in wrapped_app
    raise exc
  File "D:\Py_Projects\LeadPilot\.venv\Lib\site-packages\starlette\_exception_handler.py", line 42, in wrapped_app
    await app(scope, receive, sender)
  File "D:\Py_Projects\LeadPilot\.venv\Lib\site-packages\fastapi\middleware\asyncexitstack.py", line 18, in __call__
    await self.app(scope, receive, send)
  File "D:\Py_Projects\LeadPilot\.venv\Lib\site-packages\starlette\routing.py", line 660, in __call__
    await self.middleware_stack(scope, receive, send)
  File "D:\Py_Projects\LeadPilot\.venv\Lib\site-packages\starlette\routing.py", line 680, in app
    await route.handle(scope, receive, send)
  File "D:\Py_Projects\LeadPilot\.venv\Lib\site-packages\starlette\routing.py", line 276, in handle
    await self.app(scope, receive, send)
  File "D:\Py_Projects\LeadPilot\.venv\Lib\site-packages\fastapi\routing.py", line 134, in app
    await wrap_app_handling_exceptions(app, request)(scope, receive, send)
  File "D:\Py_Projects\LeadPilot\.venv\Lib\site-packages\starlette\_exception_handler.py", line 53, in wrapped_app
    raise exc
  File "D:\Py_Projects\LeadPilot\.venv\Lib\site-packages\starlette\_exception_handler.py", line 42, in wrapped_app
    await app(scope, receive, sender)
  File "D:\Py_Projects\LeadPilot\.venv\Lib\site-packages\fastapi\routing.py", line 120, in app
    response = await f(request)
               ^^^^^^^^^^^^^^^^
  File "D:\Py_Projects\LeadPilot\.venv\Lib\site-packages\fastapi\routing.py", line 674, in app
    raw_response = await run_endpoint_function(
                   ^^^^^^^^^^^^^^^^^^^^^^^^^^^^
    ...<3 lines>...
    )
    ^
  File "D:\Py_Projects\LeadPilot\.venv\Lib\site-packages\fastapi\routing.py", line 330, in run_endpoint_function
    return await run_in_threadpool(dependant.call, **values)
           ^^^^^^^^^^^^^^^^^^^^^^^^^^^^^^^^^^^^^^^^^^^^^^^^^
  File "D:\Py_Projects\LeadPilot\.venv\Lib\site-packages\starlette\concurrency.py", line 32, in run_in_threadpool
    return await anyio.to_thread.run_sync(func)
           ^^^^^^^^^^^^^^^^^^^^^^^^^^^^^^^^^^^^
  File "D:\Py_Projects\LeadPilot\.venv\Lib\site-packages\anyio\to_thread.py", line 63, in run_sync
    return await get_async_backend().run_sync_in_worker_thread(
           ^^^^^^^^^^^^^^^^^^^^^^^^^^^^^^^^^^^^^^^^^^^^^^^^^^^^
        func, args, abandon_on_cancel=abandon_on_cancel, limiter=limiter
        ^^^^^^^^^^^^^^^^^^^^^^^^^^^^^^^^^^^^^^^^^^^^^^^^^^^^^^^^^^^^^^^^
    )
    ^
  File "D:\Py_Projects\LeadPilot\.venv\Lib\site-packages\anyio\_backends\_asyncio.py", line 2518, in run_sync_in_worker_thread
    return await future
           ^^^^^^^^^^^^
  File "D:\Py_Projects\LeadPilot\.venv\Lib\site-packages\anyio\_backends\_asyncio.py", line 1002, in run
    result = context.run(func, *args)
  File "D:\Py_Projects\LeadPilot\backend\app\routes\messages.py", line 38, in generate_message
    status_history_service.record_change(lead_id, "new", "follow_up_sent")
    ~~~~~~~~~~~~~~~~~~~~~~~~~~~~~~~~~~~~^^^^^^^^^^^^^^^^^^^^^^^^^^^^^^^^^^
  File "D:\Py_Projects\LeadPilot\backend\services\status_history_service.py", line 16, in record_change
    cx.execute(
    ~~~~~~~~~~^
        """
        ^^^
    ...<3 lines>...
        (lead_id, old_status or "", new_status, utc_now_iso()),
        ^^^^^^^^^^^^^^^^^^^^^^^^^^^^^^^^^^^^^^^^^^^^^^^^^^^^^^^
    )
    ^
sqlite3.OperationalError: database is locked
2026-04-22 12:17:21,650 | INFO | leadpilot.startup | LeadPilot API — shutdown.
2026-04-22 12:28:19,813 | INFO | leadpilot.startup | LeadPilot API — startup beginning.
2026-04-22 12:28:19,814 | INFO | leadpilot.startup | python-dotenv: loaded .env from repository root (see config.py).
2026-04-22 12:28:19,815 | INFO | leadpilot.startup | Runtime directories ready (exports, sessions, logs, DB parents, branding).
2026-04-22 12:28:19,816 | INFO | leadpilot.startup | Meta SQLite schema OK (database/api_meta.db).
2026-04-22 12:28:19,832 | INFO | leadpilot.startup | SQLAlchemy tables OK (ORM / leads schema).
2026-04-22 12:28:19,832 | INFO | leadpilot.startup | Lead storage initialized (STORAGE_MODE=csv).
2026-04-22 12:28:19,833 | INFO | leadpilot.startup | LeadPilot API — ready to accept requests.
2026-04-22 12:28:45,733 | ERROR | backend.safe_capture.ai_enricher | Subject generation failed — using fallback
2026-04-22 12:28:45,733 | ERROR | backend.safe_capture.ai_enricher | Message generation failed — using fallback
2026-04-22 12:28:51,294 | ERROR | backend.app.middleware.error_handlers | Unhandled error: database is locked
Traceback (most recent call last):
  File "D:\Py_Projects\LeadPilot\.venv\Lib\site-packages\starlette\middleware\errors.py", line 164, in __call__
    await self.app(scope, receive, _send)
  File "D:\Py_Projects\LeadPilot\.venv\Lib\site-packages\starlette\middleware\cors.py", line 96, in __call__
    await self.simple_response(scope, receive, send, request_headers=headers)
  File "D:\Py_Projects\LeadPilot\.venv\Lib\site-packages\starlette\middleware\cors.py", line 154, in simple_response
    await self.app(scope, receive, send)
  File "D:\Py_Projects\LeadPilot\.venv\Lib\site-packages\starlette\middleware\exceptions.py", line 63, in __call__
    await wrap_app_handling_exceptions(self.app, conn)(scope, receive, send)
  File "D:\Py_Projects\LeadPilot\.venv\Lib\site-packages\starlette\_exception_handler.py", line 53, in wrapped_app
    raise exc
  File "D:\Py_Projects\LeadPilot\.venv\Lib\site-packages\starlette\_exception_handler.py", line 42, in wrapped_app
    await app(scope, receive, sender)
  File "D:\Py_Projects\LeadPilot\.venv\Lib\site-packages\fastapi\middleware\asyncexitstack.py", line 18, in __call__
    await self.app(scope, receive, send)
  File "D:\Py_Projects\LeadPilot\.venv\Lib\site-packages\starlette\routing.py", line 660, in __call__
    await self.middleware_stack(scope, receive, send)
  File "D:\Py_Projects\LeadPilot\.venv\Lib\site-packages\starlette\routing.py", line 680, in app
    await route.handle(scope, receive, send)
  File "D:\Py_Projects\LeadPilot\.venv\Lib\site-packages\starlette\routing.py", line 276, in handle
    await self.app(scope, receive, send)
  File "D:\Py_Projects\LeadPilot\.venv\Lib\site-packages\fastapi\routing.py", line 134, in app
    await wrap_app_handling_exceptions(app, request)(scope, receive, send)
  File "D:\Py_Projects\LeadPilot\.venv\Lib\site-packages\starlette\_exception_handler.py", line 53, in wrapped_app
    raise exc
  File "D:\Py_Projects\LeadPilot\.venv\Lib\site-packages\starlette\_exception_handler.py", line 42, in wrapped_app
    await app(scope, receive, sender)
  File "D:\Py_Projects\LeadPilot\.venv\Lib\site-packages\fastapi\routing.py", line 120, in app
    response = await f(request)
               ^^^^^^^^^^^^^^^^
  File "D:\Py_Projects\LeadPilot\.venv\Lib\site-packages\fastapi\routing.py", line 674, in app
    raw_response = await run_endpoint_function(
                   ^^^^^^^^^^^^^^^^^^^^^^^^^^^^
    ...<3 lines>...
    )
    ^
  File "D:\Py_Projects\LeadPilot\.venv\Lib\site-packages\fastapi\routing.py", line 330, in run_endpoint_function
    return await run_in_threadpool(dependant.call, **values)
           ^^^^^^^^^^^^^^^^^^^^^^^^^^^^^^^^^^^^^^^^^^^^^^^^^
  File "D:\Py_Projects\LeadPilot\.venv\Lib\site-packages\starlette\concurrency.py", line 32, in run_in_threadpool
    return await anyio.to_thread.run_sync(func)
           ^^^^^^^^^^^^^^^^^^^^^^^^^^^^^^^^^^^^
  File "D:\Py_Projects\LeadPilot\.venv\Lib\site-packages\anyio\to_thread.py", line 63, in run_sync
    return await get_async_backend().run_sync_in_worker_thread(
           ^^^^^^^^^^^^^^^^^^^^^^^^^^^^^^^^^^^^^^^^^^^^^^^^^^^^
        func, args, abandon_on_cancel=abandon_on_cancel, limiter=limiter
        ^^^^^^^^^^^^^^^^^^^^^^^^^^^^^^^^^^^^^^^^^^^^^^^^^^^^^^^^^^^^^^^^
    )
    ^
  File "D:\Py_Projects\LeadPilot\.venv\Lib\site-packages\anyio\_backends\_asyncio.py", line 2518, in run_sync_in_worker_thread
    return await future
           ^^^^^^^^^^^^
  File "D:\Py_Projects\LeadPilot\.venv\Lib\site-packages\anyio\_backends\_asyncio.py", line 1002, in run
    result = context.run(func, *args)
  File "D:\Py_Projects\LeadPilot\backend\app\routes\messages.py", line 38, in generate_message
    status_history_service.record_change(lead_id, "new", "follow_up_sent")
    ~~~~~~~~~~~~~~~~~~~~~~~~~~~~~~~~~~~~^^^^^^^^^^^^^^^^^^^^^^^^^^^^^^^^^^
  File "D:\Py_Projects\LeadPilot\backend\services\status_history_service.py", line 16, in record_change
    cx.execute(
    ~~~~~~~~~~^
        """
        ^^^
    ...<3 lines>...
        (lead_id, old_status or "", new_status, utc_now_iso()),
        ^^^^^^^^^^^^^^^^^^^^^^^^^^^^^^^^^^^^^^^^^^^^^^^^^^^^^^^
    )
    ^
sqlite3.OperationalError: database is locked
2026-04-22 12:29:08,800 | ERROR | backend.safe_capture.ai_enricher | Subject generation failed — using fallback
2026-04-22 12:29:08,801 | ERROR | backend.safe_capture.ai_enricher | Message generation failed — using fallback
2026-04-22 12:29:14,366 | ERROR | backend.app.middleware.error_handlers | Unhandled error: database is locked
Traceback (most recent call last):
  File "D:\Py_Projects\LeadPilot\.venv\Lib\site-packages\starlette\middleware\errors.py", line 164, in __call__
    await self.app(scope, receive, _send)
  File "D:\Py_Projects\LeadPilot\.venv\Lib\site-packages\starlette\middleware\cors.py", line 96, in __call__
    await self.simple_response(scope, receive, send, request_headers=headers)
  File "D:\Py_Projects\LeadPilot\.venv\Lib\site-packages\starlette\middleware\cors.py", line 154, in simple_response
    await self.app(scope, receive, send)
  File "D:\Py_Projects\LeadPilot\.venv\Lib\site-packages\starlette\middleware\exceptions.py", line 63, in __call__
    await wrap_app_handling_exceptions(self.app, conn)(scope, receive, send)
  File "D:\Py_Projects\LeadPilot\.venv\Lib\site-packages\starlette\_exception_handler.py", line 53, in wrapped_app
    raise exc
  File "D:\Py_Projects\LeadPilot\.venv\Lib\site-packages\starlette\_exception_handler.py", line 42, in wrapped_app
    await app(scope, receive, sender)
  File "D:\Py_Projects\LeadPilot\.venv\Lib\site-packages\fastapi\middleware\asyncexitstack.py", line 18, in __call__
    await self.app(scope, receive, send)
  File "D:\Py_Projects\LeadPilot\.venv\Lib\site-packages\starlette\routing.py", line 660, in __call__
    await self.middleware_stack(scope, receive, send)
  File "D:\Py_Projects\LeadPilot\.venv\Lib\site-packages\starlette\routing.py", line 680, in app
    await route.handle(scope, receive, send)
  File "D:\Py_Projects\LeadPilot\.venv\Lib\site-packages\starlette\routing.py", line 276, in handle
    await self.app(scope, receive, send)
  File "D:\Py_Projects\LeadPilot\.venv\Lib\site-packages\fastapi\routing.py", line 134, in app
    await wrap_app_handling_exceptions(app, request)(scope, receive, send)
  File "D:\Py_Projects\LeadPilot\.venv\Lib\site-packages\starlette\_exception_handler.py", line 53, in wrapped_app
    raise exc
  File "D:\Py_Projects\LeadPilot\.venv\Lib\site-packages\starlette\_exception_handler.py", line 42, in wrapped_app
    await app(scope, receive, sender)
  File "D:\Py_Projects\LeadPilot\.venv\Lib\site-packages\fastapi\routing.py", line 120, in app
    response = await f(request)
               ^^^^^^^^^^^^^^^^
  File "D:\Py_Projects\LeadPilot\.venv\Lib\site-packages\fastapi\routing.py", line 674, in app
    raw_response = await run_endpoint_function(
                   ^^^^^^^^^^^^^^^^^^^^^^^^^^^^
    ...<3 lines>...
    )
    ^
  File "D:\Py_Projects\LeadPilot\.venv\Lib\site-packages\fastapi\routing.py", line 330, in run_endpoint_function
    return await run_in_threadpool(dependant.call, **values)
           ^^^^^^^^^^^^^^^^^^^^^^^^^^^^^^^^^^^^^^^^^^^^^^^^^
  File "D:\Py_Projects\LeadPilot\.venv\Lib\site-packages\starlette\concurrency.py", line 32, in run_in_threadpool
    return await anyio.to_thread.run_sync(func)
           ^^^^^^^^^^^^^^^^^^^^^^^^^^^^^^^^^^^^
  File "D:\Py_Projects\LeadPilot\.venv\Lib\site-packages\anyio\to_thread.py", line 63, in run_sync
    return await get_async_backend().run_sync_in_worker_thread(
           ^^^^^^^^^^^^^^^^^^^^^^^^^^^^^^^^^^^^^^^^^^^^^^^^^^^^
        func, args, abandon_on_cancel=abandon_on_cancel, limiter=limiter
        ^^^^^^^^^^^^^^^^^^^^^^^^^^^^^^^^^^^^^^^^^^^^^^^^^^^^^^^^^^^^^^^^
    )
    ^
  File "D:\Py_Projects\LeadPilot\.venv\Lib\site-packages\anyio\_backends\_asyncio.py", line 2518, in run_sync_in_worker_thread
    return await future
           ^^^^^^^^^^^^
  File "D:\Py_Projects\LeadPilot\.venv\Lib\site-packages\anyio\_backends\_asyncio.py", line 1002, in run
    result = context.run(func, *args)
  File "D:\Py_Projects\LeadPilot\backend\app\routes\messages.py", line 38, in generate_message
    status_history_service.record_change(lead_id, "new", "follow_up_sent")
    ~~~~~~~~~~~~~~~~~~~~~~~~~~~~~~~~~~~~^^^^^^^^^^^^^^^^^^^^^^^^^^^^^^^^^^
  File "D:\Py_Projects\LeadPilot\backend\services\status_history_service.py", line 16, in record_change
    cx.execute(
    ~~~~~~~~~~^
        """
        ^^^
    ...<3 lines>...
        (lead_id, old_status or "", new_status, utc_now_iso()),
        ^^^^^^^^^^^^^^^^^^^^^^^^^^^^^^^^^^^^^^^^^^^^^^^^^^^^^^^
    )
    ^
sqlite3.OperationalError: database is locked
2026-04-22 12:33:58,198 | INFO | backend.lead_scoring.engine | lead_score | ref=Sophie Allen • 2nd Founder | Hiring BDRs in London & East Coast USA. Nice, Provence-Alpes-Côte d'Azur, France Follow Current: Founder at Trampoline 47K followers Jay Singh, Sachin Dhanotiya and 1 other mutual connection Book an appointment score=18 tier=cold factors={'company_size': 0.0, 'job_role': 0.0, 'country': 4.0, 'website_availability': 0.0, 'email_availability': 0.0, 'platform_source': 14.0, 'industry_match': 0.0, 'budget_potential': 0.0, 'messages': {'company_size': 'No company size -> 0', 'job_role': 'No job title -> 0', 'country': 'Location / country present -> +4', 'website_availability': 'No company website -> 0', 'email_availability': 'No email -> 0', 'platform_source': "Platform 'linkedin' -> +14", 'industry_match': 'No benchmark industry configured -> 0', 'budget_potential': 'No budget keywords -> 0'}, 'raw_total': 18.0}
2026-04-22 12:33:58,215 | INFO | backend.lead_scoring.engine | lead_score | ref=Jay Singh score=18 tier=cold factors={'company_size': 0.0, 'job_role': 0.0, 'country': 4.0, 'website_availability': 0.0, 'email_availability': 0.0, 'platform_source': 14.0, 'industry_match': 0.0, 'budget_potential': 0.0, 'messages': {'company_size': 'No company size -> 0', 'job_role': 'No job title -> 0', 'country': 'Location / country present -> +4', 'website_availability': 'No company website -> 0', 'email_availability': 'No email -> 0', 'platform_source': "Platform 'linkedin' -> +14", 'industry_match': 'No benchmark industry configured -> 0', 'budget_potential': 'No budget keywords -> 0'}, 'raw_total': 18.0}
2026-04-22 12:33:58,220 | INFO | backend.lead_scoring.engine | lead_score | ref=Sachin Dhanotiya score=18 tier=cold factors={'company_size': 0.0, 'job_role': 0.0, 'country': 4.0, 'website_availability': 0.0, 'email_availability': 0.0, 'platform_source': 14.0, 'industry_match': 0.0, 'budget_potential': 0.0, 'messages': {'company_size': 'No company size -> 0', 'job_role': 'No job title -> 0', 'country': 'Location / country present -> +4', 'website_availability': 'No company website -> 0', 'email_availability': 'No email -> 0', 'platform_source': "Platform 'linkedin' -> +14", 'industry_match': 'No benchmark industry configured -> 0', 'budget_potential': 'No budget keywords -> 0'}, 'raw_total': 18.0}
2026-04-22 12:33:58,223 | INFO | backend.lead_scoring.engine | lead_score | ref=Humayun Kabir • 2nd Run Club Founder | Building London’s most energetic run community. United Kingdom Connect Current: Founder at Canary Wharf Run Club score=18 tier=cold factors={'company_size': 0.0, 'job_role': 0.0, 'country': 4.0, 'website_availability': 0.0, 'email_availability': 0.0, 'platform_source': 14.0, 'industry_match': 0.0, 'budget_potential': 0.0, 'messages': {'company_size': 'No company size -> 0', 'job_role': 'No job title -> 0', 'country': 'Location / country present -> +4', 'website_availability': 'No company website -> 0', 'email_availability': 'No email -> 0', 'platform_source': "Platform 'linkedin' -> +14", 'industry_match': 'No benchmark industry configured -> 0', 'budget_potential': 'No budget keywords -> 0'}, 'raw_total': 18.0}
2026-04-22 12:33:58,226 | INFO | backend.lead_scoring.engine | lead_score | ref=Smith O'Connor • 2nd CEO at Masraf London London, England, United Kingdom Connect Current: Board Member at RACINE ESTATE LONDON LTD Yael Tamar and MAHMOUD ALMAGHRABI are mutual connections score=18 tier=cold factors={'company_size': 0.0, 'job_role': 0.0, 'country': 4.0, 'website_availability': 0.0, 'email_availability': 0.0, 'platform_source': 14.0, 'industry_match': 0.0, 'budget_potential': 0.0, 'messages': {'company_size': 'No company size -> 0', 'job_role': 'No job title -> 0', 'country': 'Location / country present -> +4', 'website_availability': 'No company website -> 0', 'email_availability': 'No email -> 0', 'platform_source': "Platform 'linkedin' -> +14", 'industry_match': 'No benchmark industry configured -> 0', 'budget_potential': 'No budget keywords -> 0'}, 'raw_total': 18.0}
2026-04-22 12:33:58,229 | INFO | backend.lead_scoring.engine | lead_score | ref=Yael Tamar score=18 tier=cold factors={'company_size': 0.0, 'job_role': 0.0, 'country': 4.0, 'website_availability': 0.0, 'email_availability': 0.0, 'platform_source': 14.0, 'industry_match': 0.0, 'budget_potential': 0.0, 'messages': {'company_size': 'No company size -> 0', 'job_role': 'No job title -> 0', 'country': 'Location / country present -> +4', 'website_availability': 'No company website -> 0', 'email_availability': 'No email -> 0', 'platform_source': "Platform 'linkedin' -> +14", 'industry_match': 'No benchmark industry configured -> 0', 'budget_potential': 'No budget keywords -> 0'}, 'raw_total': 18.0}
2026-04-22 12:33:58,232 | INFO | backend.lead_scoring.engine | lead_score | ref=MAHMOUD ALMAGHRABI score=18 tier=cold factors={'company_size': 0.0, 'job_role': 0.0, 'country': 4.0, 'website_availability': 0.0, 'email_availability': 0.0, 'platform_source': 14.0, 'industry_match': 0.0, 'budget_potential': 0.0, 'messages': {'company_size': 'No company size -> 0', 'job_role': 'No job title -> 0', 'country': 'Location / country present -> +4', 'website_availability': 'No company website -> 0', 'email_availability': 'No email -> 0', 'platform_source': "Platform 'linkedin' -> +14", 'industry_match': 'No benchmark industry configured -> 0', 'budget_potential': 'No budget keywords -> 0'}, 'raw_total': 18.0}
2026-04-22 12:33:58,236 | INFO | backend.lead_scoring.engine | lead_score | ref=Amir Hashmi • 2nd CEO. Cloud, data/AI Engineering. Central London London, England, United Kingdom Connect Current: Chair at University College London Hospitals NHS Foundation Trust Debanjali Chakraborty, Ubaidullah Choudhury and 2 other mutual connections score=18 tier=cold factors={'company_size': 0.0, 'job_role': 0.0, 'country': 4.0, 'website_availability': 0.0, 'email_availability': 0.0, 'platform_source': 14.0, 'industry_match': 0.0, 'budget_potential': 0.0, 'messages': {'company_size': 'No company size -> 0', 'job_role': 'No job title -> 0', 'country': 'Location / country present -> +4', 'website_availability': 'No company website -> 0', 'email_availability': 'No email -> 0', 'platform_source': "Platform 'linkedin' -> +14", 'industry_match': 'No benchmark industry configured -> 0', 'budget_potential': 'No budget keywords -> 0'}, 'raw_total': 18.0}
2026-04-22 12:33:58,239 | INFO | backend.lead_scoring.engine | lead_score | ref=Debanjali Chakraborty score=18 tier=cold factors={'company_size': 0.0, 'job_role': 0.0, 'country': 4.0, 'website_availability': 0.0, 'email_availability': 0.0, 'platform_source': 14.0, 'industry_match': 0.0, 'budget_potential': 0.0, 'messages': {'company_size': 'No company size -> 0', 'job_role': 'No job title -> 0', 'country': 'Location / country present -> +4', 'website_availability': 'No company website -> 0', 'email_availability': 'No email -> 0', 'platform_source': "Platform 'linkedin' -> +14", 'industry_match': 'No benchmark industry configured -> 0', 'budget_potential': 'No budget keywords -> 0'}, 'raw_total': 18.0}
2026-04-22 12:33:58,241 | INFO | backend.lead_scoring.engine | lead_score | ref=Ubaidullah Choudhury score=18 tier=cold factors={'company_size': 0.0, 'job_role': 0.0, 'country': 4.0, 'website_availability': 0.0, 'email_availability': 0.0, 'platform_source': 14.0, 'industry_match': 0.0, 'budget_potential': 0.0, 'messages': {'company_size': 'No company size -> 0', 'job_role': 'No job title -> 0', 'country': 'Location / country present -> +4', 'website_availability': 'No company website -> 0', 'email_availability': 'No email -> 0', 'platform_source': "Platform 'linkedin' -> +14", 'industry_match': 'No benchmark industry configured -> 0', 'budget_potential': 'No budget keywords -> 0'}, 'raw_total': 18.0}
2026-04-22 12:33:58,243 | INFO | backend.lead_scoring.engine | lead_score | ref=Valerie Maine • 2nd CEO & Founder at Live True London Greater London, England, United Kingdom Follow Current: CEO & Founder at FUL London 1K followers Nick Ellsom is a mutual connection score=18 tier=cold factors={'company_size': 0.0, 'job_role': 0.0, 'country': 4.0, 'website_availability': 0.0, 'email_availability': 0.0, 'platform_source': 14.0, 'industry_match': 0.0, 'budget_potential': 0.0, 'messages': {'company_size': 'No company size -> 0', 'job_role': 'No job title -> 0', 'country': 'Location / country present -> +4', 'website_availability': 'No company website -> 0', 'email_availability': 'No email -> 0', 'platform_source': "Platform 'linkedin' -> +14", 'industry_match': 'No benchmark industry configured -> 0', 'budget_potential': 'No budget keywords -> 0'}, 'raw_total': 18.0}
2026-04-22 12:33:58,246 | INFO | backend.lead_scoring.engine | lead_score | ref=Nick Ellsom score=18 tier=cold factors={'company_size': 0.0, 'job_role': 0.0, 'country': 4.0, 'website_availability': 0.0, 'email_availability': 0.0, 'platform_source': 14.0, 'industry_match': 0.0, 'budget_potential': 0.0, 'messages': {'company_size': 'No company size -> 0', 'job_role': 'No job title -> 0', 'country': 'Location / country present -> +4', 'website_availability': 'No company website -> 0', 'email_availability': 'No email -> 0', 'platform_source': "Platform 'linkedin' -> +14", 'industry_match': 'No benchmark industry configured -> 0', 'budget_potential': 'No budget keywords -> 0'}, 'raw_total': 18.0}
2026-04-22 12:33:58,249 | INFO | backend.lead_scoring.engine | lead_score | ref=Benedict Hazan 🌳 • 2nd London | New York United Kingdom Follow Past: CEO & Co-Founder at GradBay 15K followers Nick Ellsom is a mutual connection Visit my website score=18 tier=cold factors={'company_size': 0.0, 'job_role': 0.0, 'country': 4.0, 'website_availability': 0.0, 'email_availability': 0.0, 'platform_source': 14.0, 'industry_match': 0.0, 'budget_potential': 0.0, 'messages': {'company_size': 'No company size -> 0', 'job_role': 'No job title -> 0', 'country': 'Location / country present -> +4', 'website_availability': 'No company website -> 0', 'email_availability': 'No email -> 0', 'platform_source': "Platform 'linkedin' -> +14", 'industry_match': 'No benchmark industry configured -> 0', 'budget_potential': 'No budget keywords -> 0'}, 'raw_total': 18.0}
2026-04-22 12:33:58,258 | INFO | backend.lead_scoring.engine | lead_score | ref=Ethan Green • 2nd London London, England, United Kingdom Connect Current: Founder at Hire Stack Rob Young is a mutual connection score=18 tier=cold factors={'company_size': 0.0, 'job_role': 0.0, 'country': 4.0, 'website_availability': 0.0, 'email_availability': 0.0, 'platform_source': 14.0, 'industry_match': 0.0, 'budget_potential': 0.0, 'messages': {'company_size': 'No company size -> 0', 'job_role': 'No job title -> 0', 'country': 'Location / country present -> +4', 'website_availability': 'No company website -> 0', 'email_availability': 'No email -> 0', 'platform_source': "Platform 'linkedin' -> +14", 'industry_match': 'No benchmark industry configured -> 0', 'budget_potential': 'No budget keywords -> 0'}, 'raw_total': 18.0}
2026-04-22 12:33:58,260 | INFO | backend.lead_scoring.engine | lead_score | ref=Rob Young score=18 tier=cold factors={'company_size': 0.0, 'job_role': 0.0, 'country': 4.0, 'website_availability': 0.0, 'email_availability': 0.0, 'platform_source': 14.0, 'industry_match': 0.0, 'budget_potential': 0.0, 'messages': {'company_size': 'No company size -> 0', 'job_role': 'No job title -> 0', 'country': 'Location / country present -> +4', 'website_availability': 'No company website -> 0', 'email_availability': 'No email -> 0', 'platform_source': "Platform 'linkedin' -> +14", 'industry_match': 'No benchmark industry configured -> 0', 'budget_potential': 'No budget keywords -> 0'}, 'raw_total': 18.0}
2026-04-22 12:33:58,262 | INFO | backend.lead_scoring.engine | lead_score | ref=Megha Ruia • 3rd+ Director | Building Hamster London Delhi, India Message Current: Founder at Hamster London score=18 tier=cold factors={'company_size': 0.0, 'job_role': 0.0, 'country': 4.0, 'website_availability': 0.0, 'email_availability': 0.0, 'platform_source': 14.0, 'industry_match': 0.0, 'budget_potential': 0.0, 'messages': {'company_size': 'No company size -> 0', 'job_role': 'No job title -> 0', 'country': 'Location / country present -> +4', 'website_availability': 'No company website -> 0', 'email_availability': 'No email -> 0', 'platform_source': "Platform 'linkedin' -> +14", 'industry_match': 'No benchmark industry configured -> 0', 'budget_potential': 'No budget keywords -> 0'}, 'raw_total': 18.0}
2026-04-22 12:33:58,264 | INFO | backend.lead_scoring.engine | lead_score | ref=Alex West • 2nd Founder | London Group Pty Ltd Greater Sydney Area Connect Current: Director | Co-Founder at London Group Pty Ltd Melissa Person, Foun Expo and 1 other mutual connection score=18 tier=cold factors={'company_size': 0.0, 'job_role': 0.0, 'country': 4.0, 'website_availability': 0.0, 'email_availability': 0.0, 'platform_source': 14.0, 'industry_match': 0.0, 'budget_potential': 0.0, 'messages': {'company_size': 'No company size -> 0', 'job_role': 'No job title -> 0', 'country': 'Location / country present -> +4', 'website_availability': 'No company website -> 0', 'email_availability': 'No email -> 0', 'platform_source': "Platform 'linkedin' -> +14", 'industry_match': 'No benchmark industry configured -> 0', 'budget_potential': 'No budget keywords -> 0'}, 'raw_total': 18.0}
2026-04-22 12:33:58,267 | INFO | backend.lead_scoring.engine | lead_score | ref=Melissa Person score=18 tier=cold factors={'company_size': 0.0, 'job_role': 0.0, 'country': 4.0, 'website_availability': 0.0, 'email_availability': 0.0, 'platform_source': 14.0, 'industry_match': 0.0, 'budget_potential': 0.0, 'messages': {'company_size': 'No company size -> 0', 'job_role': 'No job title -> 0', 'country': 'Location / country present -> +4', 'website_availability': 'No company website -> 0', 'email_availability': 'No email -> 0', 'platform_source': "Platform 'linkedin' -> +14", 'industry_match': 'No benchmark industry configured -> 0', 'budget_potential': 'No budget keywords -> 0'}, 'raw_total': 18.0}
2026-04-22 12:33:58,269 | INFO | backend.lead_scoring.engine | lead_score | ref=Foun Expo score=18 tier=cold factors={'company_size': 0.0, 'job_role': 0.0, 'country': 4.0, 'website_availability': 0.0, 'email_availability': 0.0, 'platform_source': 14.0, 'industry_match': 0.0, 'budget_potential': 0.0, 'messages': {'company_size': 'No company size -> 0', 'job_role': 'No job title -> 0', 'country': 'Location / country present -> +4', 'website_availability': 'No company website -> 0', 'email_availability': 'No email -> 0', 'platform_source': "Platform 'linkedin' -> +14", 'industry_match': 'No benchmark industry configured -> 0', 'budget_potential': 'No budget keywords -> 0'}, 'raw_total': 18.0}
2026-04-22 12:33:58,272 | INFO | backend.lead_scoring.engine | lead_score | ref=Hemant Kambli • 2nd Founder & CEO - AARYA EDUCATION SERVICES LLC (London, United Kingdom) Mumbai, Maharashtra, India Connect Current: Founder & CEO at AARYA EDUCATION SERVICES LLC Pawas Goyal and Ramesh Chaudhari are mutual connections score=18 tier=cold factors={'company_size': 0.0, 'job_role': 0.0, 'country': 4.0, 'website_availability': 0.0, 'email_availability': 0.0, 'platform_source': 14.0, 'industry_match': 0.0, 'budget_potential': 0.0, 'messages': {'company_size': 'No company size -> 0', 'job_role': 'No job title -> 0', 'country': 'Location / country present -> +4', 'website_availability': 'No company website -> 0', 'email_availability': 'No email -> 0', 'platform_source': "Platform 'linkedin' -> +14", 'industry_match': 'No benchmark industry configured -> 0', 'budget_potential': 'No budget keywords -> 0'}, 'raw_total': 18.0}
2026-04-22 12:34:31,250 | WARNING | backend.scraper.platforms.linkedin | LinkedIn search: no profile links found in DOM yet (login wall, empty results, or slow render).
2026-04-22 12:34:31,255 | INFO | backend.scraper.platforms.linkedin | LinkedIn extract: 0 rows this pass (selectors or visibility).
2026-04-22 12:35:01,490 | WARNING | backend.scraper.platforms.linkedin | LinkedIn search: no profile links found in DOM yet (login wall, empty results, or slow render).
2026-04-22 12:35:01,493 | INFO | backend.scraper.platforms.linkedin | LinkedIn extract: 0 rows this pass (selectors or visibility).
2026-04-22 12:35:31,800 | WARNING | backend.scraper.platforms.linkedin | LinkedIn search: no profile links found in DOM yet (login wall, empty results, or slow render).
2026-04-22 12:35:31,804 | INFO | backend.scraper.platforms.linkedin | LinkedIn extract: 0 rows this pass (selectors or visibility).
2026-04-22 12:36:00,761 | WARNING | backend.scraper.platforms.linkedin | LinkedIn search: no profile links found in DOM yet (login wall, empty results, or slow render).
2026-04-22 12:36:00,764 | INFO | backend.scraper.platforms.linkedin | LinkedIn extract: 0 rows this pass (selectors or visibility).
2026-04-22 12:36:30,100 | WARNING | backend.scraper.platforms.linkedin | LinkedIn search: no profile links found in DOM yet (login wall, empty results, or slow render).
2026-04-22 12:36:30,103 | INFO | backend.scraper.platforms.linkedin | LinkedIn extract: 0 rows this pass (selectors or visibility).
2026-04-22 12:37:00,428 | WARNING | backend.scraper.platforms.linkedin | LinkedIn search: no profile links found in DOM yet (login wall, empty results, or slow render).
2026-04-22 12:37:00,431 | INFO | backend.scraper.platforms.linkedin | LinkedIn extract: 0 rows this pass (selectors or visibility).
2026-04-22 12:37:29,830 | WARNING | backend.scraper.platforms.linkedin | LinkedIn search: no profile links found in DOM yet (login wall, empty results, or slow render).
2026-04-22 12:37:29,834 | INFO | backend.scraper.platforms.linkedin | LinkedIn extract: 0 rows this pass (selectors or visibility).
2026-04-22 12:37:59,803 | WARNING | backend.scraper.platforms.linkedin | LinkedIn search: no profile links found in DOM yet (login wall, empty results, or slow render).
2026-04-22 12:37:59,805 | INFO | backend.scraper.platforms.linkedin | LinkedIn extract: 0 rows this pass (selectors or visibility).
2026-04-22 12:38:28,516 | WARNING | backend.scraper.platforms.linkedin | LinkedIn search: no profile links found in DOM yet (login wall, empty results, or slow render).
2026-04-22 12:38:28,531 | INFO | backend.scraper.platforms.linkedin | LinkedIn extract: 0 rows this pass (selectors or visibility).
2026-04-22 12:38:59,137 | WARNING | backend.scraper.platforms.linkedin | LinkedIn search: no profile links found in DOM yet (login wall, empty results, or slow render).
2026-04-22 12:38:59,140 | INFO | backend.scraper.platforms.linkedin | LinkedIn extract: 0 rows this pass (selectors or visibility).
2026-04-22 12:39:28,761 | WARNING | backend.scraper.platforms.linkedin | LinkedIn search: no profile links found in DOM yet (login wall, empty results, or slow render).
2026-04-22 12:39:28,764 | INFO | backend.scraper.platforms.linkedin | LinkedIn extract: 0 rows this pass (selectors or visibility).
2026-04-22 12:39:58,028 | WARNING | backend.scraper.platforms.linkedin | LinkedIn search: no profile links found in DOM yet (login wall, empty results, or slow render).
2026-04-22 12:39:58,031 | INFO | backend.scraper.platforms.linkedin | LinkedIn extract: 0 rows this pass (selectors or visibility).
2026-04-22 12:48:22,243 | WARNING | backend.app.middleware.error_handlers | POST /api/auth/login -> HTTP 401: Incorrect email or password
2026-04-22 12:48:27,337 | WARNING | backend.app.middleware.error_handlers | POST /api/auth/login -> HTTP 401: Incorrect email or password
2026-04-22 12:48:28,083 | WARNING | backend.app.middleware.error_handlers | POST /api/auth/login -> HTTP 401: Incorrect email or password
2026-04-22 12:48:29,239 | WARNING | backend.app.middleware.error_handlers | POST /api/auth/login -> HTTP 401: Incorrect email or password
2026-04-22 12:48:29,862 | WARNING | backend.app.middleware.error_handlers | POST /api/auth/login -> HTTP 401: Incorrect email or password
2026-04-22 12:48:36,381 | WARNING | backend.app.middleware.error_handlers | POST /api/auth/login -> HTTP 401: Incorrect email or password
2026-04-22 12:48:55,372 | WARNING | backend.app.middleware.error_handlers | POST /api/auth/login -> HTTP 401: Incorrect email or password
2026-04-22 12:49:05,817 | WARNING | backend.app.middleware.error_handlers | POST /api/auth/login -> HTTP 401: Incorrect email or password
2026-04-22 12:49:11,400 | WARNING | backend.app.middleware.error_handlers | POST /api/auth/login -> HTTP 401: Incorrect email or password
2026-04-22 12:49:11,955 | WARNING | backend.app.middleware.error_handlers | POST /api/auth/login -> HTTP 401: Incorrect email or password
2026-04-22 12:49:14,023 | WARNING | backend.app.middleware.error_handlers | POST /api/auth/login -> HTTP 401: Incorrect email or password
2026-04-22 12:49:14,253 | WARNING | backend.app.middleware.error_handlers | POST /api/auth/login -> HTTP 401: Incorrect email or password
2026-04-22 12:49:19,589 | INFO | leadpilot.startup | LeadPilot API — shutdown.
2026-04-22 13:03:05,352 | INFO | leadpilot.startup | LeadPilot API — startup beginning.
2026-04-22 13:03:05,352 | INFO | leadpilot.startup | python-dotenv: loaded .env from repository root (see config.py).
2026-04-22 13:03:05,353 | INFO | leadpilot.startup | Runtime directories ready (exports, sessions, logs, DB parents, branding).
2026-04-22 13:03:05,356 | INFO | leadpilot.startup | Meta SQLite schema OK (database/api_meta.db).
2026-04-22 13:03:05,371 | INFO | leadpilot.startup | SQLAlchemy tables OK (ORM / leads schema).
2026-04-22 13:03:05,371 | INFO | leadpilot.startup | Lead storage initialized (STORAGE_MODE=csv).
2026-04-22 13:03:05,372 | INFO | leadpilot.startup | LeadPilot API — ready to accept requests.
2026-04-22 13:03:39,090 | ERROR | backend.safe_capture.ai_enricher | Subject generation failed — using fallback
2026-04-22 13:03:39,091 | ERROR | backend.safe_capture.ai_enricher | Message generation failed — using fallback
2026-04-22 13:20:18,600 | INFO | leadpilot.startup | LeadPilot API — shutdown.
2026-04-22 13:26:38,651 | INFO | leadpilot.startup | LeadPilot API — startup beginning.
2026-04-22 13:26:38,652 | INFO | leadpilot.startup | python-dotenv: loaded .env from repository root (see config.py).
2026-04-22 13:26:38,653 | INFO | leadpilot.startup | Runtime directories ready (exports, sessions, logs, DB parents, branding).
2026-04-22 13:26:38,656 | INFO | leadpilot.startup | Meta SQLite schema OK (database/api_meta.db).
2026-04-22 13:26:38,671 | INFO | leadpilot.startup | SQLAlchemy tables OK (ORM / leads schema).
2026-04-22 13:26:38,672 | INFO | leadpilot.startup | Lead storage initialized (STORAGE_MODE=csv).
2026-04-22 13:26:38,672 | INFO | leadpilot.startup | LeadPilot API — ready to accept requests.
2026-04-22 13:28:30,903 | INFO | leadpilot.startup | LeadPilot API — shutdown.
2026-04-27 14:56:16,913 | INFO | leadpilot.startup | LeadPilot API — startup beginning.
2026-04-27 14:56:16,913 | INFO | leadpilot.startup | python-dotenv: loaded .env from repository root (see config.py).
2026-04-27 14:56:16,914 | INFO | leadpilot.startup | Runtime directories ready (exports, sessions, logs, DB parents, branding).
2026-04-27 14:56:16,916 | INFO | leadpilot.startup | Meta SQLite schema OK (database/api_meta.db).
2026-04-27 14:56:16,928 | INFO | leadpilot.startup | SQLAlchemy tables OK (ORM / leads schema).
2026-04-27 14:56:16,928 | INFO | leadpilot.startup | Lead storage initialized (STORAGE_MODE=csv).
2026-04-27 14:56:16,928 | INFO | leadpilot.startup | LeadPilot API — ready to accept requests.
2026-04-27 14:56:24,610 | WARNING | backend.app.middleware.error_handlers | POST /api/auth/login -> HTTP 401: Incorrect email or password
2026-04-27 14:56:34,561 | WARNING | backend.app.middleware.error_handlers | POST /api/auth/login -> HTTP 401: Incorrect email or password
2026-04-27 14:57:01,836 | WARNING | backend.app.middleware.error_handlers | POST /api/auth/login -> HTTP 401: Incorrect email or password
2026-04-27 14:57:12,206 | WARNING | backend.app.middleware.error_handlers | POST /api/auth/login -> HTTP 401: Incorrect email or password
2026-04-27 15:04:04,872 | INFO | leadpilot.startup | LeadPilot API — shutdown.
2026-04-27 15:48:40,247 | INFO | leadpilot.startup | LeadPilot API — startup beginning.
2026-04-27 15:48:40,247 | INFO | leadpilot.startup | python-dotenv: loaded .env from repository root (see config.py).
2026-04-27 15:48:40,248 | INFO | leadpilot.startup | Runtime directories ready (exports, sessions, logs, DB parents, branding).
2026-04-27 15:48:40,250 | INFO | leadpilot.startup | Meta SQLite schema OK (database/api_meta.db).
2026-04-27 15:48:40,264 | INFO | leadpilot.startup | SQLAlchemy tables OK (ORM / leads schema).
2026-04-27 15:48:40,264 | INFO | leadpilot.startup | Lead storage initialized (STORAGE_MODE=csv).
2026-04-27 15:48:40,264 | INFO | leadpilot.startup | LeadPilot API — ready to accept requests.
2026-04-27 15:51:34,010 | INFO | leadpilot.startup | LeadPilot API — shutdown.
2026-04-27 15:58:03,385 | INFO | leadpilot.startup | LeadPilot API — startup beginning.
2026-04-27 15:58:03,386 | INFO | leadpilot.startup | python-dotenv: loaded .env from repository root (see config.py).
2026-04-27 15:58:03,387 | INFO | leadpilot.startup | Runtime directories ready (exports, sessions, logs, DB parents, branding).
2026-04-27 15:58:03,389 | INFO | leadpilot.startup | Meta SQLite schema OK (database/api_meta.db).
2026-04-27 15:58:03,406 | INFO | leadpilot.startup | SQLAlchemy tables OK (ORM / leads schema).
2026-04-27 15:58:03,407 | INFO | leadpilot.startup | Lead storage initialized (STORAGE_MODE=csv).
2026-04-27 15:58:03,407 | INFO | leadpilot.startup | LeadPilot API — ready to accept requests.
2026-04-27 16:03:03,557 | INFO | leadpilot.startup | LeadPilot API — startup beginning.
2026-04-27 16:03:03,557 | INFO | leadpilot.startup | python-dotenv: loaded .env from repository root (see config.py).
2026-04-27 16:03:03,558 | INFO | leadpilot.startup | Runtime directories ready (exports, sessions, logs, DB parents, branding).
2026-04-27 16:03:03,560 | INFO | leadpilot.startup | Meta SQLite schema OK (database/api_meta.db).
2026-04-27 16:03:03,575 | INFO | leadpilot.startup | SQLAlchemy tables OK (ORM / leads schema).
2026-04-27 16:03:03,576 | INFO | leadpilot.startup | Lead storage initialized (STORAGE_MODE=csv).
2026-04-27 16:03:03,576 | INFO | leadpilot.startup | LeadPilot API — ready to accept requests.
2026-04-27 16:05:18,631 | INFO | leadpilot.startup | LeadPilot API — shutdown.
2026-04-27 16:12:06,471 | INFO | leadpilot.startup | LeadPilot API — startup beginning.
2026-04-27 16:12:06,471 | INFO | leadpilot.startup | python-dotenv: loaded .env from repository root (see config.py).
2026-04-27 16:12:06,472 | INFO | leadpilot.startup | Runtime directories ready (exports, sessions, logs, DB parents, branding).
2026-04-27 16:12:06,474 | INFO | leadpilot.startup | Meta SQLite schema OK (database/api_meta.db).
2026-04-27 16:12:06,490 | INFO | leadpilot.startup | SQLAlchemy tables OK (ORM / leads schema).
2026-04-27 16:12:06,491 | INFO | leadpilot.startup | Lead storage initialized (STORAGE_MODE=csv).
2026-04-27 16:12:06,491 | INFO | leadpilot.startup | LeadPilot API — ready to accept requests.
2026-04-27 16:13:32,599 | INFO | leadpilot.startup | LeadPilot API — shutdown.
2026-04-27 16:31:06,125 | INFO | leadpilot.startup | LeadPilot API — startup beginning.
2026-04-27 16:31:06,125 | INFO | leadpilot.startup | python-dotenv: loaded .env from repository root (see config.py).
2026-04-27 16:31:06,126 | INFO | leadpilot.startup | Runtime directories ready (exports, sessions, logs, DB parents, branding).
2026-04-27 16:31:06,128 | INFO | leadpilot.startup | Meta SQLite schema OK (database/api_meta.db).
2026-04-27 16:31:06,140 | INFO | leadpilot.startup | SQLAlchemy tables OK (ORM / leads schema).
2026-04-27 16:31:06,140 | INFO | leadpilot.startup | Lead storage initialized (STORAGE_MODE=csv).
2026-04-27 16:31:06,141 | INFO | leadpilot.startup | LeadPilot API — ready to accept requests.
2026-04-27 16:35:03,591 | INFO | leadpilot.startup | LeadPilot API — shutdown.
2026-04-27 16:37:13,975 | INFO | leadpilot.startup | LeadPilot API — startup beginning.
2026-04-27 16:37:13,976 | INFO | leadpilot.startup | python-dotenv: loaded .env from repository root (see config.py).
2026-04-27 16:37:13,977 | INFO | leadpilot.startup | Runtime directories ready (exports, sessions, logs, DB parents, branding).
2026-04-27 16:37:13,979 | INFO | leadpilot.startup | Meta SQLite schema OK (database/api_meta.db).
2026-04-27 16:37:13,996 | INFO | leadpilot.startup | SQLAlchemy tables OK (ORM / leads schema).
2026-04-27 16:37:13,996 | INFO | leadpilot.startup | Lead storage initialized (STORAGE_MODE=csv).
2026-04-27 16:37:13,997 | INFO | leadpilot.startup | LeadPilot API — ready to accept requests.
2026-04-27 16:37:43,695 | INFO | leadpilot.startup | LeadPilot API — shutdown.
2026-04-27 16:40:36,761 | INFO | leadpilot.startup | LeadPilot API — startup beginning.
2026-04-27 16:40:36,761 | INFO | leadpilot.startup | python-dotenv: loaded .env from repository root (see config.py).
2026-04-27 16:40:36,762 | INFO | leadpilot.startup | Runtime directories ready (exports, sessions, logs, DB parents, branding).
2026-04-27 16:40:36,764 | INFO | leadpilot.startup | Meta SQLite schema OK (database/api_meta.db).
2026-04-27 16:40:36,778 | INFO | leadpilot.startup | SQLAlchemy tables OK (ORM / leads schema).
2026-04-27 16:40:36,778 | INFO | leadpilot.startup | Lead storage initialized (STORAGE_MODE=csv).
2026-04-27 16:40:36,779 | INFO | leadpilot.startup | LeadPilot API — ready to accept requests.
2026-04-27 16:43:32,651 | ERROR | backend.app.middleware.error_handlers | POST /api/scraper/sessions/google_maps/manual-login -> HTTP 500: Manual login flow failed: Page.wait_for_timeout: Target page, context or browser has been closed
2026-04-27 16:43:52,712 | INFO | leadpilot.startup | LeadPilot API — shutdown.
2026-04-27 16:47:43,466 | INFO | leadpilot.startup | LeadPilot API — startup beginning.
2026-04-27 16:47:43,466 | INFO | leadpilot.startup | python-dotenv: loaded .env from repository root (see config.py).
2026-04-27 16:47:43,467 | INFO | leadpilot.startup | Runtime directories ready (exports, sessions, logs, DB parents, branding).
2026-04-27 16:47:43,469 | INFO | leadpilot.startup | Meta SQLite schema OK (database/api_meta.db).
2026-04-27 16:47:43,491 | INFO | leadpilot.startup | SQLAlchemy tables OK (ORM / leads schema).
2026-04-27 16:47:43,491 | INFO | leadpilot.startup | Lead storage initialized (STORAGE_MODE=csv).
2026-04-27 16:47:43,491 | INFO | leadpilot.startup | LeadPilot API — ready to accept requests.
2026-04-27 16:56:07,970 | INFO | leadpilot.startup | LeadPilot API — shutdown.
2026-04-27 18:00:17,073 | INFO | leadpilot.startup | LeadPilot API — startup beginning.
2026-04-27 18:00:17,074 | INFO | leadpilot.startup | python-dotenv: loaded .env from repository root (see config.py).
2026-04-27 18:00:17,075 | INFO | leadpilot.startup | Runtime directories ready (exports, sessions, logs, DB parents, branding).
2026-04-27 18:00:17,077 | INFO | leadpilot.startup | Meta SQLite schema OK (database/api_meta.db).
2026-04-27 18:00:17,093 | INFO | leadpilot.startup | SQLAlchemy tables OK (ORM / leads schema).
2026-04-27 18:00:17,093 | INFO | leadpilot.startup | Lead storage initialized (STORAGE_MODE=csv).
2026-04-27 18:00:17,093 | INFO | leadpilot.startup | LeadPilot API — ready to accept requests.
2026-04-27 18:00:32,095 | WARNING | backend.app.middleware.error_handlers | POST /api/admin/login -> HTTP 401: Invalid admin email or password
2026-04-27 18:01:21,664 | WARNING | backend.app.middleware.error_handlers | POST /api/auth/login -> HTTP 401: Incorrect email or password
2026-04-27 18:01:21,673 | WARNING | backend.app.middleware.error_handlers | POST /api/admin/login -> HTTP 401: Invalid admin email or password
2026-04-27 18:01:27,466 | WARNING | backend.app.middleware.error_handlers | POST /api/auth/login -> HTTP 401: Incorrect email or password
2026-04-27 18:01:42,770 | WARNING | backend.app.middleware.error_handlers | POST /api/admin/login -> HTTP 401: Invalid admin email or password
2026-04-27 18:09:23,488 | INFO | leadpilot.startup | LeadPilot API — shutdown.
2026-04-27 18:17:04,681 | INFO | leadpilot.startup | LeadPilot API — startup beginning.
2026-04-27 18:17:04,681 | INFO | leadpilot.startup | python-dotenv: loaded .env from repository root (see config.py).
2026-04-27 18:17:04,682 | INFO | leadpilot.startup | Runtime directories ready (exports, sessions, logs, DB parents, branding).
2026-04-27 18:17:04,685 | INFO | leadpilot.startup | Meta SQLite schema OK (database/api_meta.db).
2026-04-27 18:17:04,702 | INFO | leadpilot.startup | SQLAlchemy tables OK (ORM / leads schema).
2026-04-27 18:17:04,703 | INFO | leadpilot.startup | Lead storage initialized (STORAGE_MODE=csv).
2026-04-27 18:17:04,703 | INFO | leadpilot.startup | LeadPilot API — ready to accept requests.
2026-04-27 18:19:55,898 | INFO | leadpilot.startup | LeadPilot API — shutdown.
2026-04-27 18:25:41,361 | INFO | leadpilot.startup | LeadPilot API — startup beginning.
2026-04-27 18:25:41,361 | INFO | leadpilot.startup | python-dotenv: loaded .env from repository root (see config.py).
2026-04-27 18:25:41,362 | INFO | leadpilot.startup | Runtime directories ready (exports, sessions, logs, DB parents, branding).
2026-04-27 18:25:41,365 | INFO | leadpilot.startup | Meta SQLite schema OK (database/api_meta.db).
2026-04-27 18:25:41,380 | INFO | leadpilot.startup | SQLAlchemy tables OK (ORM / leads schema).
2026-04-27 18:25:41,380 | INFO | leadpilot.startup | Lead storage initialized (STORAGE_MODE=csv).
2026-04-27 18:25:41,380 | INFO | leadpilot.startup | LeadPilot API — ready to accept requests.
2026-04-27 18:28:41,405 | INFO | leadpilot.startup | LeadPilot API — shutdown.
2026-04-27 18:55:12,320 | INFO | leadpilot.startup | LeadPilot API — startup beginning.
2026-04-27 18:55:12,320 | INFO | leadpilot.startup | python-dotenv: loaded .env from repository root (see config.py).
2026-04-27 18:55:12,322 | INFO | leadpilot.startup | Runtime directories ready (exports, sessions, logs, DB parents, branding).
2026-04-27 18:55:12,327 | INFO | leadpilot.startup | Meta SQLite schema OK (database/api_meta.db).
2026-04-27 18:55:12,351 | INFO | leadpilot.startup | SQLAlchemy tables OK (ORM / leads schema).
2026-04-27 18:55:12,352 | INFO | leadpilot.startup | Lead storage initialized (STORAGE_MODE=csv).
2026-04-27 18:55:12,352 | INFO | leadpilot.startup | LeadPilot API — ready to accept requests.
2026-04-27 18:59:11,687 | INFO | leadpilot.startup | LeadPilot API — shutdown.
