2026-04-13 22:04:30,952 | INFO | Lead Engine Started
2026-04-13 22:07:05,435 | INFO | Lead Engine Started
2026-04-13 22:07:05,435 | INFO | Model: llama3
2026-04-13 22:09:58,099 | INFO | Lead Engine Started
2026-04-13 22:09:58,100 | INFO | Model: llama3
2026-04-13 22:09:58,105 | INFO | Leads: [{'name': 'Test User', 'platform': 'LinkedIn', 'profile_url': 'https://linkedin.com/in/test', 'message': 'Hello, this is a test lead.', 'status': 'new'}]
2026-04-13 22:15:22,511 | INFO | Lead Engine Started
2026-04-13 22:15:22,512 | INFO | Model: llama3
2026-04-13 22:15:38,810 | INFO | Leads: [{'name': 'Test User', 'platform': 'LinkedIn', 'profile_url': 'https://linkedin.com/in/test', 'message': 'Hello, this is a test lead.', 'status': 'new'}, {'name': 'Pankaj', 'platform': 'Linkedin', 'profile_url': 'linkedin.com/pankaj12mayank', 'message': 'new', 'status': nan}]
2026-04-13 22:18:12,294 | INFO | Lead Engine Started
2026-04-13 22:18:12,294 | INFO | Model: llama3
2026-04-13 22:18:28,885 | INFO | Leads: [{'name': 'Test User', 'platform': 'LinkedIn', 'profile_url': 'https://linkedin.com/in/test', 'message': 'Hello, this is a test lead.', 'status': 'new'}, {'name': 'Pankaj', 'platform': 'Linkedin', 'profile_url': 'linkedin.com/pankaj12mayank', 'message': 'new', 'status': nan}, {'name': 'pankaj', 'platform': 'linkedin', 'profile_url': 'www.google.com', 'message': nan, 'status': 'new'}]
2026-04-13 22:23:27,438 | INFO | Lead Engine Started
2026-04-13 22:23:27,439 | INFO | Model: llama3
2026-04-13 22:23:55,191 | ERROR | Ollama connection failed
2026-04-13 22:23:55,191 | INFO | 
2026-04-13 22:23:55,525 | INFO | Leads: [{'name': 'Test User', 'platform': 'LinkedIn', 'profile_url': 'https://linkedin.com/in/test', 'message': 'Hello, this is a test lead.', 'status': 'new'}, {'name': 'Pankaj', 'platform': 'Linkedin', 'profile_url': 'linkedin.com/pankaj12mayank', 'message': 'new', 'status': nan}, {'name': 'pankaj', 'platform': 'linkedin', 'profile_url': 'www.google.com', 'message': nan, 'status': 'new'}, {'name': 'pankaj', 'platform': 'Linkedin', 'profile_url': 'www/linkedin.com', 'message': nan, 'status': 'new'}]
2026-04-13 22:28:54,542 | INFO | Lead Engine Started
2026-04-13 22:28:54,543 | INFO | Model: llama3
2026-04-13 22:29:24,982 | ERROR | Ollama connection failed
2026-04-13 22:29:24,983 | INFO | 
2026-04-13 22:29:25,010 | INFO | Leads: [{'name': 'Test User', 'platform': 'LinkedIn', 'profile_url': 'https://linkedin.com/in/test', 'message': 'Hello, this is a test lead.', 'status': 'new'}, {'name': 'Pankaj', 'platform': 'Linkedin', 'profile_url': 'linkedin.com/pankaj12mayank', 'message': 'new', 'status': nan}, {'name': 'pankaj', 'platform': 'linkedin', 'profile_url': 'www.google.com', 'message': nan, 'status': 'new'}, {'name': 'pankaj', 'platform': 'Linkedin', 'profile_url': 'www/linkedin.com', 'message': nan, 'status': 'new'}]
2026-04-13 22:31:20,838 | INFO | Lead Engine Started
2026-04-13 22:31:20,838 | INFO | Model: llama3
2026-04-13 22:31:50,645 | ERROR | Ollama connection failed
2026-04-13 22:31:50,646 | INFO | 
2026-04-13 22:31:50,656 | INFO | Leads: [{'name': 'Test User', 'platform': 'LinkedIn', 'profile_url': 'https://linkedin.com/in/test', 'message': 'Hello, this is a test lead.', 'status': 'new'}, {'name': 'Pankaj', 'platform': 'Linkedin', 'profile_url': 'linkedin.com/pankaj12mayank', 'message': 'new', 'status': nan}, {'name': 'pankaj', 'platform': 'linkedin', 'profile_url': 'www.google.com', 'message': nan, 'status': 'new'}, {'name': 'pankaj', 'platform': 'Linkedin', 'profile_url': 'www/linkedin.com', 'message': nan, 'status': 'new'}, {'name': 'test', 'platform': 'linkedin', 'profile_url': 'test.com', 'message': nan, 'status': 'new'}]
2026-04-13 22:38:27,913 | INFO | Lead Engine Started
2026-04-13 22:38:27,913 | INFO | Model: llama3
2026-04-13 22:38:39,630 | INFO | Sending request to Ollama with model: llama3
2026-04-13 22:39:21,140 | INFO | Here's a short professional outreach message:

"Hi t1,

I came across your profile and noticed our shared interest in [industry/field]. As a seasoned developer, I'd love to help you take your online presence or app idea to the next level. My team specializes in delivering high-quality web, app, and AI development solutions that drive results. If you're looking for a reliable partner to bring your vision to life, let's connect and explore how we can work together.

Best, [Your Name]"

(Note: You should customize this message by replacing the brackets with specific information relevant to t1 and your own profile.)
2026-04-13 22:39:21,149 | INFO | Leads: [{'name': 'Test User', 'platform': 'LinkedIn', 'profile_url': 'https://linkedin.com/in/test', 'message': 'Hello, this is a test lead.', 'status': 'new'}, {'name': 'Pankaj', 'platform': 'Linkedin', 'profile_url': 'linkedin.com/pankaj12mayank', 'message': 'new', 'status': nan}, {'name': 'pankaj', 'platform': 'linkedin', 'profile_url': 'www.google.com', 'message': nan, 'status': 'new'}, {'name': 'pankaj', 'platform': 'Linkedin', 'profile_url': 'www/linkedin.com', 'message': nan, 'status': 'new'}, {'name': 'test', 'platform': 'linkedin', 'profile_url': 'test.com', 'message': nan, 'status': 'new'}, {'name': 't1', 'platform': 'linkedin', 'profile_url': 't2.com', 'message': nan, 'status': 'new'}]
2026-04-13 22:45:28,932 | INFO | Lead Engine Started
2026-04-13 22:45:28,932 | INFO | Model: llama3
2026-04-13 22:45:45,992 | INFO | Lead added successfully
2026-04-13 22:46:00,115 | INFO | Lead Engine Started
2026-04-13 22:46:00,115 | INFO | Model: llama3
2026-04-13 22:46:01,818 | INFO | Processed leads: 0
2026-04-13 22:46:12,791 | INFO | Lead Engine Started
2026-04-13 22:46:12,792 | INFO | Model: llama3
2026-04-13 22:46:16,251 | INFO | Leads: [{'name': 'Test User', 'platform': 'LinkedIn', 'profile_url': 'https://linkedin.com/in/test', 'message': 'Hello, this is a test lead.', 'status': 'new'}, {'name': 'Pankaj', 'platform': 'Linkedin', 'profile_url': 'linkedin.com/pankaj12mayank', 'message': 'new', 'status': nan}, {'name': 'pankaj', 'platform': 'linkedin', 'profile_url': 'www.google.com', 'message': nan, 'status': 'new'}, {'name': 'pankaj', 'platform': 'Linkedin', 'profile_url': 'www/linkedin.com', 'message': nan, 'status': 'new'}, {'name': 'test', 'platform': 'linkedin', 'profile_url': 'test.com', 'message': nan, 'status': 'new'}, {'name': 't1', 'platform': 'linkedin', 'profile_url': 't2.com', 'message': nan, 'status': 'new'}, {'name': 'ja', 'platform': 'linkedin', 'profile_url': 'tst.com', 'message': nan, 'status': 'new'}]
2026-04-13 22:51:06,767 | INFO | Lead Engine Started
2026-04-13 22:51:06,767 | INFO | Model: llama3
2026-04-13 22:52:24,436 | INFO | Sending request to Ollama with model: llama3
2026-04-13 22:52:58,094 | INFO | Here is a short professional outreach message:

Hi kj,

I came across your project on Upwork and was impressed by the scope of work. With over [number] years of experience in web, app, and AI development, I'm confident that my team can deliver high-quality solutions to meet your needs.

Let's discuss how we can help you achieve your goals. Would you like to schedule a quick call to explore further?

Best regards,
[Your Name]
2026-04-13 22:56:59,296 | INFO | Lead Engine Started
2026-04-13 22:56:59,296 | INFO | Model: llama3
2026-04-13 22:57:09,537 | INFO | Sending request to Ollama with model: llama3
2026-04-13 22:57:36,247 | INFO | Here is a short professional outreach message:

Hi j,

I came across your profile on [link] and was impressed by your work in [specific area of interest]. As someone who specializes in crafting innovative web, app, and AI solutions, I believe our skills align well. I'd love to discuss how my expertise can help elevate your projects or drive new ideas forward.

Let's schedule a quick call to explore further?

Best regards,
[Your Name]
2026-04-13 23:01:54,848 | INFO | Lead Engine Started
2026-04-13 23:01:54,848 | INFO | Model: llama3
2026-04-13 23:02:01,696 | INFO | Sending request to Ollama with model: llama3
2026-04-13 23:02:36,023 | INFO | Here is a short professional outreach message:

"Hi [Client Name], 

I came across your profile on [Platform] and was impressed by your work in [industry/niche]. As a seasoned developer, I'd like to introduce you to our team's expertise in building high-performance web, app, or AI solutions. Our goal is to help businesses like yours drive innovation and growth. Let's connect to explore how we can help you achieve your goals.

Best regards, [Your Name]"

This message:

* Is under 80 words
* Is personal and relevant by mentioning the client's profile and industry/niche
* Has no spam tone
* Clearly communicates the value proposition of offering high-quality development services
* Ends with a soft call to action ("Let's connect...")
2026-04-13 23:06:15,822 | INFO | Lead Engine Started
2026-04-13 23:06:15,823 | INFO | Model: llama3
2026-04-13 23:06:21,790 | INFO | Sending request to Ollama with model: llama3
2026-04-13 23:06:39,986 | INFO | Score: 10 | Tier: cold
2026-04-13 23:06:39,986 | INFO | Here is a short professional outreach message:

Subject: Elevate Your Online Presence with Our Expertise

Hi [Client Name],

As a fellow [industry/platform] enthusiast, I wanted to reach out and introduce you to our team of expert web, app, and AI developers. We've helped numerous businesses like yours thrive online by crafting custom solutions that drive results.

Would love to discuss how we can help you achieve your goals. Let's connect for a quick call?

Best regards,
[Your Name]
2026-04-15 13:05:39,809 | INFO | Lead Engine Started
2026-04-15 13:05:39,809 | INFO | Model: llama3
2026-04-15 13:05:39,809 | INFO | Storage: csv
2026-04-15 13:07:07,755 | INFO | Sending request to Ollama with model: llama3
2026-04-15 13:07:35,747 | INFO | Lead ID: 27391007-a1be-4ebb-be99-9a978cdb8230
2026-04-15 13:07:35,747 | INFO | Score: 30 | Tier: cold
2026-04-15 13:07:35,748 | INFO | Here is a professional outreach message:

Hi Pankaj,

As a fellow professional on LinkedIn, I wanted to reach out and offer my expertise in web, app, or AI development. With years of experience and a passion for delivering high-quality solutions, I'd love to discuss how I can help take your project or business to the next level.

Let's connect and explore how we can collaborate!

Best regards,
[Your Name]
2026-04-15 13:54:50,692 | INFO | bulk_message_service: generated messages for 0 lead(s)
2026-04-15 15:08:18,722 | INFO | Wrote 1 rows to exports\raw_leads.csv
2026-04-15 15:08:18,726 | INFO | Cleaning done: raw=1 empty=0 dups=0 invalid=0 cleaned=1
2026-04-15 15:15:38,394 | INFO | lead_score | ref=X score=67 tier=warm factors={'company_size': 0.0, 'job_role': 15.0, 'country': 10.0, 'website_availability': 10.0, 'email_availability': 12.0, 'platform_source': 14.0, 'industry_match': 0.0, 'budget_potential': 6.0, 'messages': {'company_size': 'No company size -> 0', 'job_role': 'Executive / founder role -> +15', 'country': 'Tier-1 geography signal (uk) -> +10', 'website_availability': 'Website URL present -> +10', 'email_availability': 'Corporate-looking email -> +12', 'platform_source': "Platform 'linkedin' -> +14", 'industry_match': 'No benchmark industry configured -> 0', 'budget_potential': "Weak budget signal ('budget') -> +6"}, 'raw_total': 67.0}
2026-04-15 15:23:03,514 | WARNING | Ollama connection error (attempt 1/3): [WinError 10061] No connection could be made because the target machine actively refused it
2026-04-15 15:23:08,391 | WARNING | Ollama connection error (attempt 2/3): [WinError 10061] No connection could be made because the target machine actively refused it
2026-04-15 15:23:13,737 | WARNING | Ollama connection error (attempt 3/3): [WinError 10061] No connection could be made because the target machine actively refused it
2026-04-15 15:23:13,737 | ERROR | Ollama failed after 3 attempts; last error: [WinError 10061] No connection could be made because the target machine actively refused it
2026-04-15 15:23:13,737 | WARNING | Using full template fallback (no Ollama text, model=llama3)
2026-04-15 15:23:32,769 | INFO | Ollama skipped (free_api_mode or use_ollama false); using template fallback
2026-04-16 21:55:30,371 | ERROR | Scraper failure [linkedin]: Page.goto: net::ERR_INTERNET_DISCONNECTED at https://www.linkedin.com/search/results/people/?keywords=Founder&country=United+Kindom&company_size=20
Call log:
  - navigating to "https://www.linkedin.com/search/results/people/?keywords=Founder&country=United+Kindom&company_size=20", waiting until "domcontentloaded"
Traceback (most recent call last):
  File "D:\Py_Projects\LeadPilot\backend\scraper\base.py", line 100, in run
    page.goto(url, wait_until="domcontentloaded", timeout=120_000)
    ~~~~~~~~~^^^^^^^^^^^^^^^^^^^^^^^^^^^^^^^^^^^^^^^^^^^^^^^^^^^^^
  File "C:\Users\panka\AppData\Roaming\Python\Python314\site-packages\playwright\sync_api\_generated.py", line 9054, in goto
    self._sync(
    ~~~~~~~~~~^
        self._impl_obj.goto(
        ^^^^^^^^^^^^^^^^^^^^
            url=url, timeout=timeout, waitUntil=wait_until, referer=referer
            ^^^^^^^^^^^^^^^^^^^^^^^^^^^^^^^^^^^^^^^^^^^^^^^^^^^^^^^^^^^^^^^
        )
        ^
    )
    ^
  File "C:\Users\panka\AppData\Roaming\Python\Python314\site-packages\playwright\_impl\_sync_base.py", line 115, in _sync
    return task.result()
           ~~~~~~~~~~~^^
  File "C:\Users\panka\AppData\Roaming\Python\Python314\site-packages\playwright\_impl\_page.py", line 552, in goto
    return await self._main_frame.goto(**locals_to_params(locals()))
           ^^^^^^^^^^^^^^^^^^^^^^^^^^^^^^^^^^^^^^^^^^^^^^^^^^^^^^^^^
  File "C:\Users\panka\AppData\Roaming\Python\Python314\site-packages\playwright\_impl\_frame.py", line 153, in goto
    await self._channel.send(
        "goto", self._navigation_timeout, locals_to_params(locals())
    )
  File "C:\Users\panka\AppData\Roaming\Python\Python314\site-packages\playwright\_impl\_connection.py", line 69, in send
    return await self._connection.wrap_api_call(
           ^^^^^^^^^^^^^^^^^^^^^^^^^^^^^^^^^^^^^
    ...<3 lines>...
    )
    ^
  File "C:\Users\panka\AppData\Roaming\Python\Python314\site-packages\playwright\_impl\_connection.py", line 559, in wrap_api_call
    raise rewrite_error(error, f"{parsed_st['apiName']}: {error}") from None
playwright._impl._errors.Error: Page.goto: net::ERR_INTERNET_DISCONNECTED at https://www.linkedin.com/search/results/people/?keywords=Founder&country=United+Kindom&company_size=20
Call log:
  - navigating to "https://www.linkedin.com/search/results/people/?keywords=Founder&country=United+Kindom&company_size=20", waiting until "domcontentloaded"

2026-04-16 21:56:48,271 | ERROR | Scraper failure [linkedin]: Page.goto: net::ERR_INTERNET_DISCONNECTED at https://www.linkedin.com/search/results/people/?keywords=Founder&country=UK
Call log:
  - navigating to "https://www.linkedin.com/search/results/people/?keywords=Founder&country=UK", waiting until "domcontentloaded"
Traceback (most recent call last):
  File "D:\Py_Projects\LeadPilot\backend\scraper\base.py", line 100, in run
    page.goto(url, wait_until="domcontentloaded", timeout=120_000)
    ~~~~~~~~~^^^^^^^^^^^^^^^^^^^^^^^^^^^^^^^^^^^^^^^^^^^^^^^^^^^^^
  File "C:\Users\panka\AppData\Roaming\Python\Python314\site-packages\playwright\sync_api\_generated.py", line 9054, in goto
    self._sync(
    ~~~~~~~~~~^
        self._impl_obj.goto(
        ^^^^^^^^^^^^^^^^^^^^
            url=url, timeout=timeout, waitUntil=wait_until, referer=referer
            ^^^^^^^^^^^^^^^^^^^^^^^^^^^^^^^^^^^^^^^^^^^^^^^^^^^^^^^^^^^^^^^
        )
        ^
    )
    ^
  File "C:\Users\panka\AppData\Roaming\Python\Python314\site-packages\playwright\_impl\_sync_base.py", line 115, in _sync
    return task.result()
           ~~~~~~~~~~~^^
  File "C:\Users\panka\AppData\Roaming\Python\Python314\site-packages\playwright\_impl\_page.py", line 552, in goto
    return await self._main_frame.goto(**locals_to_params(locals()))
           ^^^^^^^^^^^^^^^^^^^^^^^^^^^^^^^^^^^^^^^^^^^^^^^^^^^^^^^^^
  File "C:\Users\panka\AppData\Roaming\Python\Python314\site-packages\playwright\_impl\_frame.py", line 153, in goto
    await self._channel.send(
        "goto", self._navigation_timeout, locals_to_params(locals())
    )
  File "C:\Users\panka\AppData\Roaming\Python\Python314\site-packages\playwright\_impl\_connection.py", line 69, in send
    return await self._connection.wrap_api_call(
           ^^^^^^^^^^^^^^^^^^^^^^^^^^^^^^^^^^^^^
    ...<3 lines>...
    )
    ^
  File "C:\Users\panka\AppData\Roaming\Python\Python314\site-packages\playwright\_impl\_connection.py", line 559, in wrap_api_call
    raise rewrite_error(error, f"{parsed_st['apiName']}: {error}") from None
playwright._impl._errors.Error: Page.goto: net::ERR_INTERNET_DISCONNECTED at https://www.linkedin.com/search/results/people/?keywords=Founder&country=UK
Call log:
  - navigating to "https://www.linkedin.com/search/results/people/?keywords=Founder&country=UK", waiting until "domcontentloaded"

2026-04-16 22:11:05,766 | INFO | lead_score | ref=One score=14 tier=cold factors={'company_size': 0.0, 'job_role': 0.0, 'country': 0.0, 'website_availability': 0.0, 'email_availability': 0.0, 'platform_source': 14.0, 'industry_match': 0.0, 'budget_potential': 0.0, 'messages': {'company_size': 'No company size -> 0', 'job_role': 'No job title -> 0', 'country': 'No country / location -> 0', 'website_availability': 'No company website -> 0', 'email_availability': 'No email -> 0', 'platform_source': "Platform 'linkedin' -> +14", 'industry_match': 'No benchmark industry configured -> 0', 'budget_potential': 'No budget keywords -> 0'}, 'raw_total': 14.0}
2026-04-16 22:11:05,773 | INFO | lead_score | ref=Two score=26 tier=cold factors={'company_size': 0.0, 'job_role': 12.0, 'country': 0.0, 'website_availability': 0.0, 'email_availability': 0.0, 'platform_source': 14.0, 'industry_match': 0.0, 'budget_potential': 0.0, 'messages': {'company_size': 'No company size -> 0', 'job_role': 'VP / Director-level title -> +12', 'country': 'No country / location -> 0', 'website_availability': 'No company website -> 0', 'email_availability': 'No email -> 0', 'platform_source': "Platform 'linkedin' -> +14", 'industry_match': 'No benchmark industry configured -> 0', 'budget_potential': 'No budget keywords -> 0'}, 'raw_total': 26.0}
2026-04-16 22:11:17,816 | INFO | lead_score | ref=One score=14 tier=cold factors={'company_size': 0.0, 'job_role': 0.0, 'country': 0.0, 'website_availability': 0.0, 'email_availability': 0.0, 'platform_source': 14.0, 'industry_match': 0.0, 'budget_potential': 0.0, 'messages': {'company_size': 'No company size -> 0', 'job_role': 'No job title -> 0', 'country': 'No country / location -> 0', 'website_availability': 'No company website -> 0', 'email_availability': 'No email -> 0', 'platform_source': "Platform 'linkedin' -> +14", 'industry_match': 'No benchmark industry configured -> 0', 'budget_potential': 'No budget keywords -> 0'}, 'raw_total': 14.0}
2026-04-16 22:11:17,821 | INFO | lead_score | ref=Two score=26 tier=cold factors={'company_size': 0.0, 'job_role': 12.0, 'country': 0.0, 'website_availability': 0.0, 'email_availability': 0.0, 'platform_source': 14.0, 'industry_match': 0.0, 'budget_potential': 0.0, 'messages': {'company_size': 'No company size -> 0', 'job_role': 'VP / Director-level title -> +12', 'country': 'No country / location -> 0', 'website_availability': 'No company website -> 0', 'email_availability': 'No email -> 0', 'platform_source': "Platform 'linkedin' -> +14", 'industry_match': 'No benchmark industry configured -> 0', 'budget_potential': 'No budget keywords -> 0'}, 'raw_total': 26.0}
2026-04-16 22:26:50,906 | INFO | lead_score | ref=Kanan Shah • 2nd Founder - Zold Hr /Founder - Shubh Chintak Mumbai, Maharashtra, India Connect Current: Founder at Zold Hr Ashwin Rasquinha, Rohan Fernandes and 4 other mutual connections score=14 tier=cold factors={'company_size': 0.0, 'job_role': 0.0, 'country': 0.0, 'website_availability': 0.0, 'email_availability': 0.0, 'platform_source': 14.0, 'industry_match': 0.0, 'budget_potential': 0.0, 'messages': {'company_size': 'No company size -> 0', 'job_role': 'No job title -> 0', 'country': 'No country / location -> 0', 'website_availability': 'No company website -> 0', 'email_availability': 'No email -> 0', 'platform_source': "Platform 'linkedin' -> +14", 'industry_match': 'No benchmark industry configured -> 0', 'budget_potential': 'No budget keywords -> 0'}, 'raw_total': 14.0}
2026-04-16 22:26:50,913 | INFO | lead_score | ref=Ashwin Rasquinha score=14 tier=cold factors={'company_size': 0.0, 'job_role': 0.0, 'country': 0.0, 'website_availability': 0.0, 'email_availability': 0.0, 'platform_source': 14.0, 'industry_match': 0.0, 'budget_potential': 0.0, 'messages': {'company_size': 'No company size -> 0', 'job_role': 'No job title -> 0', 'country': 'No country / location -> 0', 'website_availability': 'No company website -> 0', 'email_availability': 'No email -> 0', 'platform_source': "Platform 'linkedin' -> +14", 'industry_match': 'No benchmark industry configured -> 0', 'budget_potential': 'No budget keywords -> 0'}, 'raw_total': 14.0}
2026-04-16 22:26:50,915 | INFO | lead_score | ref=Rohan Fernandes score=14 tier=cold factors={'company_size': 0.0, 'job_role': 0.0, 'country': 0.0, 'website_availability': 0.0, 'email_availability': 0.0, 'platform_source': 14.0, 'industry_match': 0.0, 'budget_potential': 0.0, 'messages': {'company_size': 'No company size -> 0', 'job_role': 'No job title -> 0', 'country': 'No country / location -> 0', 'website_availability': 'No company website -> 0', 'email_availability': 'No email -> 0', 'platform_source': "Platform 'linkedin' -> +14", 'industry_match': 'No benchmark industry configured -> 0', 'budget_potential': 'No budget keywords -> 0'}, 'raw_total': 14.0}
2026-04-16 22:26:50,916 | INFO | lead_score | ref=Vijay Jeswani • 2nd Founder & Managing Director | Vijay Properties Builder & Developer Mumbai, Maharashtra, India Follow Current: Founder & Managing Director at Vijay Jeswani | Builder and Developer 2K followers Pradeep Kumaar Gulati is a mutual connectio score=14 tier=cold factors={'company_size': 0.0, 'job_role': 0.0, 'country': 0.0, 'website_availability': 0.0, 'email_availability': 0.0, 'platform_source': 14.0, 'industry_match': 0.0, 'budget_potential': 0.0, 'messages': {'company_size': 'No company size -> 0', 'job_role': 'No job title -> 0', 'country': 'No country / location -> 0', 'website_availability': 'No company website -> 0', 'email_availability': 'No email -> 0', 'platform_source': "Platform 'linkedin' -> +14", 'industry_match': 'No benchmark industry configured -> 0', 'budget_potential': 'No budget keywords -> 0'}, 'raw_total': 14.0}
2026-04-16 22:26:50,917 | INFO | lead_score | ref=Pradeep Kumaar Gulati score=14 tier=cold factors={'company_size': 0.0, 'job_role': 0.0, 'country': 0.0, 'website_availability': 0.0, 'email_availability': 0.0, 'platform_source': 14.0, 'industry_match': 0.0, 'budget_potential': 0.0, 'messages': {'company_size': 'No company size -> 0', 'job_role': 'No job title -> 0', 'country': 'No country / location -> 0', 'website_availability': 'No company website -> 0', 'email_availability': 'No email -> 0', 'platform_source': "Platform 'linkedin' -> +14", 'industry_match': 'No benchmark industry configured -> 0', 'budget_potential': 'No budget keywords -> 0'}, 'raw_total': 14.0}
2026-04-16 22:26:50,919 | INFO | lead_score | ref=Sujoy Manna • 2nd Founder at Nimeya Technologies Pvt Ltd Mumbai, Maharashtra, India Connect Current: Founder at Nimeya.ai Kusum Singh, Pawas Goyal and 1 other mutual connection score=14 tier=cold factors={'company_size': 0.0, 'job_role': 0.0, 'country': 0.0, 'website_availability': 0.0, 'email_availability': 0.0, 'platform_source': 14.0, 'industry_match': 0.0, 'budget_potential': 0.0, 'messages': {'company_size': 'No company size -> 0', 'job_role': 'No job title -> 0', 'country': 'No country / location -> 0', 'website_availability': 'No company website -> 0', 'email_availability': 'No email -> 0', 'platform_source': "Platform 'linkedin' -> +14", 'industry_match': 'No benchmark industry configured -> 0', 'budget_potential': 'No budget keywords -> 0'}, 'raw_total': 14.0}
2026-04-16 22:26:50,920 | INFO | lead_score | ref=Kusum Singh score=14 tier=cold factors={'company_size': 0.0, 'job_role': 0.0, 'country': 0.0, 'website_availability': 0.0, 'email_availability': 0.0, 'platform_source': 14.0, 'industry_match': 0.0, 'budget_potential': 0.0, 'messages': {'company_size': 'No company size -> 0', 'job_role': 'No job title -> 0', 'country': 'No country / location -> 0', 'website_availability': 'No company website -> 0', 'email_availability': 'No email -> 0', 'platform_source': "Platform 'linkedin' -> +14", 'industry_match': 'No benchmark industry configured -> 0', 'budget_potential': 'No budget keywords -> 0'}, 'raw_total': 14.0}
2026-04-16 22:26:50,922 | INFO | lead_score | ref=Pawas Goyal score=14 tier=cold factors={'company_size': 0.0, 'job_role': 0.0, 'country': 0.0, 'website_availability': 0.0, 'email_availability': 0.0, 'platform_source': 14.0, 'industry_match': 0.0, 'budget_potential': 0.0, 'messages': {'company_size': 'No company size -> 0', 'job_role': 'No job title -> 0', 'country': 'No country / location -> 0', 'website_availability': 'No company website -> 0', 'email_availability': 'No email -> 0', 'platform_source': "Platform 'linkedin' -> +14", 'industry_match': 'No benchmark industry configured -> 0', 'budget_potential': 'No budget keywords -> 0'}, 'raw_total': 14.0}
2026-04-16 22:26:50,923 | INFO | lead_score | ref=Rahul Pande • 2nd Founder at Expazia Advisory and Consulting Pvt Ltd Mumbai, Maharashtra, India Connect Current: Founder at Expazia Advisory and Consulting Pvt Ltd Amiit A Joshii, Praneet Sisodiya and 2 other mutual connections score=14 tier=cold factors={'company_size': 0.0, 'job_role': 0.0, 'country': 0.0, 'website_availability': 0.0, 'email_availability': 0.0, 'platform_source': 14.0, 'industry_match': 0.0, 'budget_potential': 0.0, 'messages': {'company_size': 'No company size -> 0', 'job_role': 'No job title -> 0', 'country': 'No country / location -> 0', 'website_availability': 'No company website -> 0', 'email_availability': 'No email -> 0', 'platform_source': "Platform 'linkedin' -> +14", 'industry_match': 'No benchmark industry configured -> 0', 'budget_potential': 'No budget keywords -> 0'}, 'raw_total': 14.0}
2026-04-16 22:26:50,925 | INFO | lead_score | ref=Amiit A Joshii score=14 tier=cold factors={'company_size': 0.0, 'job_role': 0.0, 'country': 0.0, 'website_availability': 0.0, 'email_availability': 0.0, 'platform_source': 14.0, 'industry_match': 0.0, 'budget_potential': 0.0, 'messages': {'company_size': 'No company size -> 0', 'job_role': 'No job title -> 0', 'country': 'No country / location -> 0', 'website_availability': 'No company website -> 0', 'email_availability': 'No email -> 0', 'platform_source': "Platform 'linkedin' -> +14", 'industry_match': 'No benchmark industry configured -> 0', 'budget_potential': 'No budget keywords -> 0'}, 'raw_total': 14.0}
2026-04-16 22:26:50,926 | INFO | lead_score | ref=Praneet Sisodiya score=14 tier=cold factors={'company_size': 0.0, 'job_role': 0.0, 'country': 0.0, 'website_availability': 0.0, 'email_availability': 0.0, 'platform_source': 14.0, 'industry_match': 0.0, 'budget_potential': 0.0, 'messages': {'company_size': 'No company size -> 0', 'job_role': 'No job title -> 0', 'country': 'No country / location -> 0', 'website_availability': 'No company website -> 0', 'email_availability': 'No email -> 0', 'platform_source': "Platform 'linkedin' -> +14", 'industry_match': 'No benchmark industry configured -> 0', 'budget_potential': 'No budget keywords -> 0'}, 'raw_total': 14.0}
2026-04-16 22:26:50,927 | INFO | lead_score | ref=Archit Agrawal • 2nd Founder & CEO at SteamUp Consumer Mumbai, Maharashtra, India Connect Current: Founder at SteamUp Foods Pawas Goyal is a mutual connection score=14 tier=cold factors={'company_size': 0.0, 'job_role': 0.0, 'country': 0.0, 'website_availability': 0.0, 'email_availability': 0.0, 'platform_source': 14.0, 'industry_match': 0.0, 'budget_potential': 0.0, 'messages': {'company_size': 'No company size -> 0', 'job_role': 'No job title -> 0', 'country': 'No country / location -> 0', 'website_availability': 'No company website -> 0', 'email_availability': 'No email -> 0', 'platform_source': "Platform 'linkedin' -> +14", 'industry_match': 'No benchmark industry configured -> 0', 'budget_potential': 'No budget keywords -> 0'}, 'raw_total': 14.0}
2026-04-16 22:26:50,928 | INFO | lead_score | ref=Manish Naidu • 2nd Founder at Brainwonders Mumbai, Maharashtra, India Connect Anil Vasu, Praneet Sisodiya and 1 other mutual connection score=14 tier=cold factors={'company_size': 0.0, 'job_role': 0.0, 'country': 0.0, 'website_availability': 0.0, 'email_availability': 0.0, 'platform_source': 14.0, 'industry_match': 0.0, 'budget_potential': 0.0, 'messages': {'company_size': 'No company size -> 0', 'job_role': 'No job title -> 0', 'country': 'No country / location -> 0', 'website_availability': 'No company website -> 0', 'email_availability': 'No email -> 0', 'platform_source': "Platform 'linkedin' -> +14", 'industry_match': 'No benchmark industry configured -> 0', 'budget_potential': 'No budget keywords -> 0'}, 'raw_total': 14.0}
2026-04-16 22:26:50,929 | INFO | lead_score | ref=Anil Vasu score=14 tier=cold factors={'company_size': 0.0, 'job_role': 0.0, 'country': 0.0, 'website_availability': 0.0, 'email_availability': 0.0, 'platform_source': 14.0, 'industry_match': 0.0, 'budget_potential': 0.0, 'messages': {'company_size': 'No company size -> 0', 'job_role': 'No job title -> 0', 'country': 'No country / location -> 0', 'website_availability': 'No company website -> 0', 'email_availability': 'No email -> 0', 'platform_source': "Platform 'linkedin' -> +14", 'industry_match': 'No benchmark industry configured -> 0', 'budget_potential': 'No budget keywords -> 0'}, 'raw_total': 14.0}
2026-04-16 22:26:50,931 | INFO | lead_score | ref=Himan Joshi • 2nd Founder and MD Mumbai, Maharashtra, India Connect Current: Founder at Harmoniix Cinelab Private limited Pawas Goyal, Rajesh Patel and 2 other mutual connections score=14 tier=cold factors={'company_size': 0.0, 'job_role': 0.0, 'country': 0.0, 'website_availability': 0.0, 'email_availability': 0.0, 'platform_source': 14.0, 'industry_match': 0.0, 'budget_potential': 0.0, 'messages': {'company_size': 'No company size -> 0', 'job_role': 'No job title -> 0', 'country': 'No country / location -> 0', 'website_availability': 'No company website -> 0', 'email_availability': 'No email -> 0', 'platform_source': "Platform 'linkedin' -> +14", 'industry_match': 'No benchmark industry configured -> 0', 'budget_potential': 'No budget keywords -> 0'}, 'raw_total': 14.0}
2026-04-16 22:26:50,932 | INFO | lead_score | ref=Rajesh Patel score=14 tier=cold factors={'company_size': 0.0, 'job_role': 0.0, 'country': 0.0, 'website_availability': 0.0, 'email_availability': 0.0, 'platform_source': 14.0, 'industry_match': 0.0, 'budget_potential': 0.0, 'messages': {'company_size': 'No company size -> 0', 'job_role': 'No job title -> 0', 'country': 'No country / location -> 0', 'website_availability': 'No company website -> 0', 'email_availability': 'No email -> 0', 'platform_source': "Platform 'linkedin' -> +14", 'industry_match': 'No benchmark industry configured -> 0', 'budget_potential': 'No budget keywords -> 0'}, 'raw_total': 14.0}
2026-04-16 22:26:50,933 | INFO | lead_score | ref=Anil Parasrampuria • 2nd Co-Founder at iBall India Connect Current: Co-Founder at iBall India Ashit Khandelwal, Remya Mathew and 1 other mutual connection score=14 tier=cold factors={'company_size': 0.0, 'job_role': 0.0, 'country': 0.0, 'website_availability': 0.0, 'email_availability': 0.0, 'platform_source': 14.0, 'industry_match': 0.0, 'budget_potential': 0.0, 'messages': {'company_size': 'No company size -> 0', 'job_role': 'No job title -> 0', 'country': 'No country / location -> 0', 'website_availability': 'No company website -> 0', 'email_availability': 'No email -> 0', 'platform_source': "Platform 'linkedin' -> +14", 'industry_match': 'No benchmark industry configured -> 0', 'budget_potential': 'No budget keywords -> 0'}, 'raw_total': 14.0}
2026-04-16 22:26:50,934 | INFO | lead_score | ref=Ashit Khandelwal score=14 tier=cold factors={'company_size': 0.0, 'job_role': 0.0, 'country': 0.0, 'website_availability': 0.0, 'email_availability': 0.0, 'platform_source': 14.0, 'industry_match': 0.0, 'budget_potential': 0.0, 'messages': {'company_size': 'No company size -> 0', 'job_role': 'No job title -> 0', 'country': 'No country / location -> 0', 'website_availability': 'No company website -> 0', 'email_availability': 'No email -> 0', 'platform_source': "Platform 'linkedin' -> +14", 'industry_match': 'No benchmark industry configured -> 0', 'budget_potential': 'No budget keywords -> 0'}, 'raw_total': 14.0}
2026-04-16 22:26:50,935 | INFO | lead_score | ref=Remya Mathew score=14 tier=cold factors={'company_size': 0.0, 'job_role': 0.0, 'country': 0.0, 'website_availability': 0.0, 'email_availability': 0.0, 'platform_source': 14.0, 'industry_match': 0.0, 'budget_potential': 0.0, 'messages': {'company_size': 'No company size -> 0', 'job_role': 'No job title -> 0', 'country': 'No country / location -> 0', 'website_availability': 'No company website -> 0', 'email_availability': 'No email -> 0', 'platform_source': "Platform 'linkedin' -> +14", 'industry_match': 'No benchmark industry configured -> 0', 'budget_potential': 'No budget keywords -> 0'}, 'raw_total': 14.0}
2026-04-16 22:26:50,937 | INFO | lead_score | ref=Paresh Chaudhari • 2nd Founder at Equinox Technologies Mumbai Metropolitan Region Connect Current: Founder at Equinox Technologies - As the founder, the core responsibility is to gain traction in the IT Services industry. ET... Rushikesh Thanedar, Praveen score=14 tier=cold factors={'company_size': 0.0, 'job_role': 0.0, 'country': 0.0, 'website_availability': 0.0, 'email_availability': 0.0, 'platform_source': 14.0, 'industry_match': 0.0, 'budget_potential': 0.0, 'messages': {'company_size': 'No company size -> 0', 'job_role': 'No job title -> 0', 'country': 'No country / location -> 0', 'website_availability': 'No company website -> 0', 'email_availability': 'No email -> 0', 'platform_source': "Platform 'linkedin' -> +14", 'industry_match': 'No benchmark industry configured -> 0', 'budget_potential': 'No budget keywords -> 0'}, 'raw_total': 14.0}
2026-04-16 22:55:52,408 | INFO | lead_score | ref=One score=14 tier=cold factors={'company_size': 0.0, 'job_role': 0.0, 'country': 0.0, 'website_availability': 0.0, 'email_availability': 0.0, 'platform_source': 14.0, 'industry_match': 0.0, 'budget_potential': 0.0, 'messages': {'company_size': 'No company size -> 0', 'job_role': 'No job title -> 0', 'country': 'No country / location -> 0', 'website_availability': 'No company website -> 0', 'email_availability': 'No email -> 0', 'platform_source': "Platform 'linkedin' -> +14", 'industry_match': 'No benchmark industry configured -> 0', 'budget_potential': 'No budget keywords -> 0'}, 'raw_total': 14.0}
2026-04-16 22:55:52,414 | INFO | lead_score | ref=Two score=26 tier=cold factors={'company_size': 0.0, 'job_role': 12.0, 'country': 0.0, 'website_availability': 0.0, 'email_availability': 0.0, 'platform_source': 14.0, 'industry_match': 0.0, 'budget_potential': 0.0, 'messages': {'company_size': 'No company size -> 0', 'job_role': 'VP / Director-level title -> +12', 'country': 'No country / location -> 0', 'website_availability': 'No company website -> 0', 'email_availability': 'No email -> 0', 'platform_source': "Platform 'linkedin' -> +14", 'industry_match': 'No benchmark industry configured -> 0', 'budget_potential': 'No budget keywords -> 0'}, 'raw_total': 26.0}
2026-04-16 22:57:48,335 | INFO | lead_score | ref=Pratham Mittal • 2nd Founder at Tetr & Masters’ Union Delhi, India Follow Current: Founder at Masters' Union 120K followers Prof. Christian Farioli, Pankaj Gupta and 3 other mutual connections score=20 tier=cold factors={'company_size': 2.0, 'job_role': 0.0, 'country': 4.0, 'website_availability': 0.0, 'email_availability': 0.0, 'platform_source': 14.0, 'industry_match': 0.0, 'budget_potential': 0.0, 'messages': {'company_size': 'Company size present (generic) -> +2', 'job_role': 'No job title -> 0', 'country': 'Location / country present -> +4', 'website_availability': 'No company website -> 0', 'email_availability': 'No email -> 0', 'platform_source': "Platform 'linkedin' -> +14", 'industry_match': 'No benchmark industry configured -> 0', 'budget_potential': 'No budget keywords -> 0'}, 'raw_total': 20.0}
2026-04-16 22:57:48,344 | INFO | lead_score | ref=Prof. Christian Farioli score=20 tier=cold factors={'company_size': 2.0, 'job_role': 0.0, 'country': 4.0, 'website_availability': 0.0, 'email_availability': 0.0, 'platform_source': 14.0, 'industry_match': 0.0, 'budget_potential': 0.0, 'messages': {'company_size': 'Company size present (generic) -> +2', 'job_role': 'No job title -> 0', 'country': 'Location / country present -> +4', 'website_availability': 'No company website -> 0', 'email_availability': 'No email -> 0', 'platform_source': "Platform 'linkedin' -> +14", 'industry_match': 'No benchmark industry configured -> 0', 'budget_potential': 'No budget keywords -> 0'}, 'raw_total': 20.0}
2026-04-16 22:57:48,346 | INFO | lead_score | ref=Pankaj Gupta score=20 tier=cold factors={'company_size': 2.0, 'job_role': 0.0, 'country': 4.0, 'website_availability': 0.0, 'email_availability': 0.0, 'platform_source': 14.0, 'industry_match': 0.0, 'budget_potential': 0.0, 'messages': {'company_size': 'Company size present (generic) -> +2', 'job_role': 'No job title -> 0', 'country': 'Location / country present -> +4', 'website_availability': 'No company website -> 0', 'email_availability': 'No email -> 0', 'platform_source': "Platform 'linkedin' -> +14", 'industry_match': 'No benchmark industry configured -> 0', 'budget_potential': 'No budget keywords -> 0'}, 'raw_total': 20.0}
2026-04-16 22:57:48,348 | INFO | lead_score | ref=Sahali Saleem • 2nd Sales & Leasing Consultant | Residential & Commercial |Luxury Real Estate | H&H Development | 20+ Years in Dubai Property Market United Arab Emirates Connect Current: Founder at Zorba Real Estate LLC Mido Chishty, Shahzad Faisal and 1 score=20 tier=cold factors={'company_size': 2.0, 'job_role': 0.0, 'country': 4.0, 'website_availability': 0.0, 'email_availability': 0.0, 'platform_source': 14.0, 'industry_match': 0.0, 'budget_potential': 0.0, 'messages': {'company_size': 'Company size present (generic) -> +2', 'job_role': 'No job title -> 0', 'country': 'Location / country present -> +4', 'website_availability': 'No company website -> 0', 'email_availability': 'No email -> 0', 'platform_source': "Platform 'linkedin' -> +14", 'industry_match': 'No benchmark industry configured -> 0', 'budget_potential': 'No budget keywords -> 0'}, 'raw_total': 20.0}
2026-04-16 22:57:48,350 | INFO | lead_score | ref=Mido Chishty score=20 tier=cold factors={'company_size': 2.0, 'job_role': 0.0, 'country': 4.0, 'website_availability': 0.0, 'email_availability': 0.0, 'platform_source': 14.0, 'industry_match': 0.0, 'budget_potential': 0.0, 'messages': {'company_size': 'Company size present (generic) -> +2', 'job_role': 'No job title -> 0', 'country': 'Location / country present -> +4', 'website_availability': 'No company website -> 0', 'email_availability': 'No email -> 0', 'platform_source': "Platform 'linkedin' -> +14", 'industry_match': 'No benchmark industry configured -> 0', 'budget_potential': 'No budget keywords -> 0'}, 'raw_total': 20.0}
2026-04-16 22:57:48,352 | INFO | lead_score | ref=Shahzad Faisal score=20 tier=cold factors={'company_size': 2.0, 'job_role': 0.0, 'country': 4.0, 'website_availability': 0.0, 'email_availability': 0.0, 'platform_source': 14.0, 'industry_match': 0.0, 'budget_potential': 0.0, 'messages': {'company_size': 'Company size present (generic) -> +2', 'job_role': 'No job title -> 0', 'country': 'Location / country present -> +4', 'website_availability': 'No company website -> 0', 'email_availability': 'No email -> 0', 'platform_source': "Platform 'linkedin' -> +14", 'industry_match': 'No benchmark industry configured -> 0', 'budget_potential': 'No budget keywords -> 0'}, 'raw_total': 20.0}
2026-04-16 22:57:48,353 | INFO | lead_score | ref=Mariia Faldina • 2nd Co-Founder & CBDO | IDOOH | Premium OOH advertising in Dubai | 20+ years in Media Dubai, United Arab Emirates Connect Summary: ...— clearly, beautifully, and with purpose. With over 20... Faris Saeed is a mutual connection score=20 tier=cold factors={'company_size': 2.0, 'job_role': 0.0, 'country': 4.0, 'website_availability': 0.0, 'email_availability': 0.0, 'platform_source': 14.0, 'industry_match': 0.0, 'budget_potential': 0.0, 'messages': {'company_size': 'Company size present (generic) -> +2', 'job_role': 'No job title -> 0', 'country': 'Location / country present -> +4', 'website_availability': 'No company website -> 0', 'email_availability': 'No email -> 0', 'platform_source': "Platform 'linkedin' -> +14", 'industry_match': 'No benchmark industry configured -> 0', 'budget_potential': 'No budget keywords -> 0'}, 'raw_total': 20.0}
2026-04-16 22:57:48,355 | INFO | lead_score | ref=Faris Saeed score=20 tier=cold factors={'company_size': 2.0, 'job_role': 0.0, 'country': 4.0, 'website_availability': 0.0, 'email_availability': 0.0, 'platform_source': 14.0, 'industry_match': 0.0, 'budget_potential': 0.0, 'messages': {'company_size': 'Company size present (generic) -> +2', 'job_role': 'No job title -> 0', 'country': 'Location / country present -> +4', 'website_availability': 'No company website -> 0', 'email_availability': 'No email -> 0', 'platform_source': "Platform 'linkedin' -> +14", 'industry_match': 'No benchmark industry configured -> 0', 'budget_potential': 'No budget keywords -> 0'}, 'raw_total': 20.0}
2026-04-16 22:57:48,357 | INFO | lead_score | ref=Hedieh Hosseinian • 2nd Real Estate Investment Specialist | Founder of Sunvest Properties | Dubai Market Expert | $1000M+ Closed Deals | 20+ Years Experience Dubai, United Arab Emirates Follow Current: Managing Director at Sunvest Properties - With over 2 score=20 tier=cold factors={'company_size': 2.0, 'job_role': 0.0, 'country': 4.0, 'website_availability': 0.0, 'email_availability': 0.0, 'platform_source': 14.0, 'industry_match': 0.0, 'budget_potential': 0.0, 'messages': {'company_size': 'Company size present (generic) -> +2', 'job_role': 'No job title -> 0', 'country': 'Location / country present -> +4', 'website_availability': 'No company website -> 0', 'email_availability': 'No email -> 0', 'platform_source': "Platform 'linkedin' -> +14", 'industry_match': 'No benchmark industry configured -> 0', 'budget_potential': 'No budget keywords -> 0'}, 'raw_total': 20.0}
2026-04-16 22:57:48,358 | INFO | lead_score | ref=Mirna Sleiman score=20 tier=cold factors={'company_size': 2.0, 'job_role': 0.0, 'country': 4.0, 'website_availability': 0.0, 'email_availability': 0.0, 'platform_source': 14.0, 'industry_match': 0.0, 'budget_potential': 0.0, 'messages': {'company_size': 'Company size present (generic) -> +2', 'job_role': 'No job title -> 0', 'country': 'Location / country present -> +4', 'website_availability': 'No company website -> 0', 'email_availability': 'No email -> 0', 'platform_source': "Platform 'linkedin' -> +14", 'industry_match': 'No benchmark industry configured -> 0', 'budget_potential': 'No budget keywords -> 0'}, 'raw_total': 20.0}
2026-04-16 22:57:48,360 | INFO | lead_score | ref=Robert J. A. Richards • 2nd Executive Coach | Executive Search & Selection | 50+ Years | 20 Countries. Excited to partner with clients in Dubai, Abu Dhabi, Ras al-Khaimah, Saudi Arabia, Qatar & Bahrain. Dubai, United Arab Emirates Connect Current: Founder score=20 tier=cold factors={'company_size': 2.0, 'job_role': 0.0, 'country': 4.0, 'website_availability': 0.0, 'email_availability': 0.0, 'platform_source': 14.0, 'industry_match': 0.0, 'budget_potential': 0.0, 'messages': {'company_size': 'Company size present (generic) -> +2', 'job_role': 'No job title -> 0', 'country': 'Location / country present -> +4', 'website_availability': 'No company website -> 0', 'email_availability': 'No email -> 0', 'platform_source': "Platform 'linkedin' -> +14", 'industry_match': 'No benchmark industry configured -> 0', 'budget_potential': 'No budget keywords -> 0'}, 'raw_total': 20.0}
2026-04-16 22:57:48,361 | INFO | lead_score | ref=Kevin Martyr FCIPD score=20 tier=cold factors={'company_size': 2.0, 'job_role': 0.0, 'country': 4.0, 'website_availability': 0.0, 'email_availability': 0.0, 'platform_source': 14.0, 'industry_match': 0.0, 'budget_potential': 0.0, 'messages': {'company_size': 'Company size present (generic) -> +2', 'job_role': 'No job title -> 0', 'country': 'Location / country present -> +4', 'website_availability': 'No company website -> 0', 'email_availability': 'No email -> 0', 'platform_source': "Platform 'linkedin' -> +14", 'industry_match': 'No benchmark industry configured -> 0', 'budget_potential': 'No budget keywords -> 0'}, 'raw_total': 20.0}
2026-04-16 22:57:48,362 | INFO | lead_score | ref=Dileep Ramachandran • 2nd Founder & Director | Helping clients for IT and Systems Integration in Dubai | Managed IT Services for SMEs & Enterprises | 20+ Years in the IT Industry | CCIE #54062 | IIM Kozhikode Dubai, United Arab Emirates Connect Current: F score=20 tier=cold factors={'company_size': 2.0, 'job_role': 0.0, 'country': 4.0, 'website_availability': 0.0, 'email_availability': 0.0, 'platform_source': 14.0, 'industry_match': 0.0, 'budget_potential': 0.0, 'messages': {'company_size': 'Company size present (generic) -> +2', 'job_role': 'No job title -> 0', 'country': 'Location / country present -> +4', 'website_availability': 'No company website -> 0', 'email_availability': 'No email -> 0', 'platform_source': "Platform 'linkedin' -> +14", 'industry_match': 'No benchmark industry configured -> 0', 'budget_potential': 'No budget keywords -> 0'}, 'raw_total': 20.0}
2026-04-16 22:57:48,364 | INFO | lead_score | ref=Tannu Tiwary score=20 tier=cold factors={'company_size': 2.0, 'job_role': 0.0, 'country': 4.0, 'website_availability': 0.0, 'email_availability': 0.0, 'platform_source': 14.0, 'industry_match': 0.0, 'budget_potential': 0.0, 'messages': {'company_size': 'Company size present (generic) -> +2', 'job_role': 'No job title -> 0', 'country': 'Location / country present -> +4', 'website_availability': 'No company website -> 0', 'email_availability': 'No email -> 0', 'platform_source': "Platform 'linkedin' -> +14", 'industry_match': 'No benchmark industry configured -> 0', 'budget_potential': 'No budget keywords -> 0'}, 'raw_total': 20.0}
2026-04-16 22:57:48,365 | INFO | lead_score | ref=Dr. Kadeeja Mansoor score=20 tier=cold factors={'company_size': 2.0, 'job_role': 0.0, 'country': 4.0, 'website_availability': 0.0, 'email_availability': 0.0, 'platform_source': 14.0, 'industry_match': 0.0, 'budget_potential': 0.0, 'messages': {'company_size': 'Company size present (generic) -> +2', 'job_role': 'No job title -> 0', 'country': 'Location / country present -> +4', 'website_availability': 'No company website -> 0', 'email_availability': 'No email -> 0', 'platform_source': "Platform 'linkedin' -> +14", 'industry_match': 'No benchmark industry configured -> 0', 'budget_potential': 'No budget keywords -> 0'}, 'raw_total': 20.0}
2026-04-16 22:57:48,367 | INFO | lead_score | ref=Sharmila Thakur • 3rd+ Principal | Founder Principal | 20+ years leading CBSE & ICSE schools in India & Dubai | Academic Governance | NEP 2020 | School Transformation Mumbai, Maharashtra, India Message Current: School Principal (Founder Principal) at Orch score=20 tier=cold factors={'company_size': 2.0, 'job_role': 0.0, 'country': 4.0, 'website_availability': 0.0, 'email_availability': 0.0, 'platform_source': 14.0, 'industry_match': 0.0, 'budget_potential': 0.0, 'messages': {'company_size': 'Company size present (generic) -> +2', 'job_role': 'No job title -> 0', 'country': 'Location / country present -> +4', 'website_availability': 'No company website -> 0', 'email_availability': 'No email -> 0', 'platform_source': "Platform 'linkedin' -> +14", 'industry_match': 'No benchmark industry configured -> 0', 'budget_potential': 'No budget keywords -> 0'}, 'raw_total': 20.0}
2026-04-16 22:57:48,369 | INFO | lead_score | ref=Denys Chernikov • 2nd UAE Business Consultant | Helping Entrepreneurs Launch & Scale in Dubai | Company Formation · Brokerage · AI | Founder @ Nova Bridge FZE LLC Dubai, United Arab Emirates Follow Current: Chief Business Development Officer at SEZAVI Hol score=20 tier=cold factors={'company_size': 2.0, 'job_role': 0.0, 'country': 4.0, 'website_availability': 0.0, 'email_availability': 0.0, 'platform_source': 14.0, 'industry_match': 0.0, 'budget_potential': 0.0, 'messages': {'company_size': 'Company size present (generic) -> +2', 'job_role': 'No job title -> 0', 'country': 'Location / country present -> +4', 'website_availability': 'No company website -> 0', 'email_availability': 'No email -> 0', 'platform_source': "Platform 'linkedin' -> +14", 'industry_match': 'No benchmark industry configured -> 0', 'budget_potential': 'No budget keywords -> 0'}, 'raw_total': 20.0}
2026-04-16 22:57:48,370 | INFO | lead_score | ref=Sanja Radlovacki MSc MBA Ed.S score=20 tier=cold factors={'company_size': 2.0, 'job_role': 0.0, 'country': 4.0, 'website_availability': 0.0, 'email_availability': 0.0, 'platform_source': 14.0, 'industry_match': 0.0, 'budget_potential': 0.0, 'messages': {'company_size': 'Company size present (generic) -> +2', 'job_role': 'No job title -> 0', 'country': 'Location / country present -> +4', 'website_availability': 'No company website -> 0', 'email_availability': 'No email -> 0', 'platform_source': "Platform 'linkedin' -> +14", 'industry_match': 'No benchmark industry configured -> 0', 'budget_potential': 'No budget keywords -> 0'}, 'raw_total': 20.0}
2026-04-16 22:57:48,372 | INFO | lead_score | ref=Waseem Liyaqat Ali • 2nd Founder & CEO | WLT Logistic L.L.C | Land, Sea & Air Freight | Dubai & India | 20+ Years in Logistics & Supply Chain Dubai, United Arab Emirates Connect Current: Founder & CEO – WLT Logistic L.L.C at WLT Logistic LLC Faris Saeed, score=20 tier=cold factors={'company_size': 2.0, 'job_role': 0.0, 'country': 4.0, 'website_availability': 0.0, 'email_availability': 0.0, 'platform_source': 14.0, 'industry_match': 0.0, 'budget_potential': 0.0, 'messages': {'company_size': 'Company size present (generic) -> +2', 'job_role': 'No job title -> 0', 'country': 'Location / country present -> +4', 'website_availability': 'No company website -> 0', 'email_availability': 'No email -> 0', 'platform_source': "Platform 'linkedin' -> +14", 'industry_match': 'No benchmark industry configured -> 0', 'budget_potential': 'No budget keywords -> 0'}, 'raw_total': 20.0}
2026-04-16 22:57:48,373 | INFO | lead_score | ref=Harleen Kaur Mann score=20 tier=cold factors={'company_size': 2.0, 'job_role': 0.0, 'country': 4.0, 'website_availability': 0.0, 'email_availability': 0.0, 'platform_source': 14.0, 'industry_match': 0.0, 'budget_potential': 0.0, 'messages': {'company_size': 'Company size present (generic) -> +2', 'job_role': 'No job title -> 0', 'country': 'Location / country present -> +4', 'website_availability': 'No company website -> 0', 'email_availability': 'No email -> 0', 'platform_source': "Platform 'linkedin' -> +14", 'industry_match': 'No benchmark industry configured -> 0', 'budget_potential': 'No budget keywords -> 0'}, 'raw_total': 20.0}
2026-04-19 23:02:02,808 | INFO | lead_score | ref=One score=14 tier=cold factors={'company_size': 0.0, 'job_role': 0.0, 'country': 0.0, 'website_availability': 0.0, 'email_availability': 0.0, 'platform_source': 14.0, 'industry_match': 0.0, 'budget_potential': 0.0, 'messages': {'company_size': 'No company size -> 0', 'job_role': 'No job title -> 0', 'country': 'No country / location -> 0', 'website_availability': 'No company website -> 0', 'email_availability': 'No email -> 0', 'platform_source': "Platform 'linkedin' -> +14", 'industry_match': 'No benchmark industry configured -> 0', 'budget_potential': 'No budget keywords -> 0'}, 'raw_total': 14.0}
2026-04-19 23:02:02,815 | INFO | lead_score | ref=Two score=26 tier=cold factors={'company_size': 0.0, 'job_role': 12.0, 'country': 0.0, 'website_availability': 0.0, 'email_availability': 0.0, 'platform_source': 14.0, 'industry_match': 0.0, 'budget_potential': 0.0, 'messages': {'company_size': 'No company size -> 0', 'job_role': 'VP / Director-level title -> +12', 'country': 'No country / location -> 0', 'website_availability': 'No company website -> 0', 'email_availability': 'No email -> 0', 'platform_source': "Platform 'linkedin' -> +14", 'industry_match': 'No benchmark industry configured -> 0', 'budget_potential': 'No budget keywords -> 0'}, 'raw_total': 26.0}
2026-04-19 23:03:43,149 | INFO | lead_score | ref=One score=14 tier=cold factors={'company_size': 0.0, 'job_role': 0.0, 'country': 0.0, 'website_availability': 0.0, 'email_availability': 0.0, 'platform_source': 14.0, 'industry_match': 0.0, 'budget_potential': 0.0, 'messages': {'company_size': 'No company size -> 0', 'job_role': 'No job title -> 0', 'country': 'No country / location -> 0', 'website_availability': 'No company website -> 0', 'email_availability': 'No email -> 0', 'platform_source': "Platform 'linkedin' -> +14", 'industry_match': 'No benchmark industry configured -> 0', 'budget_potential': 'No budget keywords -> 0'}, 'raw_total': 14.0}
2026-04-19 23:03:43,181 | INFO | lead_score | ref=Two score=26 tier=cold factors={'company_size': 0.0, 'job_role': 12.0, 'country': 0.0, 'website_availability': 0.0, 'email_availability': 0.0, 'platform_source': 14.0, 'industry_match': 0.0, 'budget_potential': 0.0, 'messages': {'company_size': 'No company size -> 0', 'job_role': 'VP / Director-level title -> +12', 'country': 'No country / location -> 0', 'website_availability': 'No company website -> 0', 'email_availability': 'No email -> 0', 'platform_source': "Platform 'linkedin' -> +14", 'industry_match': 'No benchmark industry configured -> 0', 'budget_potential': 'No budget keywords -> 0'}, 'raw_total': 26.0}
2026-04-19 23:09:09,591 | INFO | lead_score | ref=One score=14 tier=cold factors={'company_size': 0.0, 'job_role': 0.0, 'country': 0.0, 'website_availability': 0.0, 'email_availability': 0.0, 'platform_source': 14.0, 'industry_match': 0.0, 'budget_potential': 0.0, 'messages': {'company_size': 'No company size -> 0', 'job_role': 'No job title -> 0', 'country': 'No country / location -> 0', 'website_availability': 'No company website -> 0', 'email_availability': 'No email -> 0', 'platform_source': "Platform 'linkedin' -> +14", 'industry_match': 'No benchmark industry configured -> 0', 'budget_potential': 'No budget keywords -> 0'}, 'raw_total': 14.0}
2026-04-19 23:09:09,599 | INFO | lead_score | ref=Two score=26 tier=cold factors={'company_size': 0.0, 'job_role': 12.0, 'country': 0.0, 'website_availability': 0.0, 'email_availability': 0.0, 'platform_source': 14.0, 'industry_match': 0.0, 'budget_potential': 0.0, 'messages': {'company_size': 'No company size -> 0', 'job_role': 'VP / Director-level title -> +12', 'country': 'No country / location -> 0', 'website_availability': 'No company website -> 0', 'email_availability': 'No email -> 0', 'platform_source': "Platform 'linkedin' -> +14", 'industry_match': 'No benchmark industry configured -> 0', 'budget_potential': 'No budget keywords -> 0'}, 'raw_total': 26.0}
2026-04-19 23:10:07,781 | INFO | lead_score | ref=One score=14 tier=cold factors={'company_size': 0.0, 'job_role': 0.0, 'country': 0.0, 'website_availability': 0.0, 'email_availability': 0.0, 'platform_source': 14.0, 'industry_match': 0.0, 'budget_potential': 0.0, 'messages': {'company_size': 'No company size -> 0', 'job_role': 'No job title -> 0', 'country': 'No country / location -> 0', 'website_availability': 'No company website -> 0', 'email_availability': 'No email -> 0', 'platform_source': "Platform 'linkedin' -> +14", 'industry_match': 'No benchmark industry configured -> 0', 'budget_potential': 'No budget keywords -> 0'}, 'raw_total': 14.0}
2026-04-19 23:10:07,787 | INFO | lead_score | ref=Two score=26 tier=cold factors={'company_size': 0.0, 'job_role': 12.0, 'country': 0.0, 'website_availability': 0.0, 'email_availability': 0.0, 'platform_source': 14.0, 'industry_match': 0.0, 'budget_potential': 0.0, 'messages': {'company_size': 'No company size -> 0', 'job_role': 'VP / Director-level title -> +12', 'country': 'No country / location -> 0', 'website_availability': 'No company website -> 0', 'email_availability': 'No email -> 0', 'platform_source': "Platform 'linkedin' -> +14", 'industry_match': 'No benchmark industry configured -> 0', 'budget_potential': 'No budget keywords -> 0'}, 'raw_total': 26.0}
2026-04-19 23:11:47,394 | INFO | lead_score | ref=One score=14 tier=cold factors={'company_size': 0.0, 'job_role': 0.0, 'country': 0.0, 'website_availability': 0.0, 'email_availability': 0.0, 'platform_source': 14.0, 'industry_match': 0.0, 'budget_potential': 0.0, 'messages': {'company_size': 'No company size -> 0', 'job_role': 'No job title -> 0', 'country': 'No country / location -> 0', 'website_availability': 'No company website -> 0', 'email_availability': 'No email -> 0', 'platform_source': "Platform 'linkedin' -> +14", 'industry_match': 'No benchmark industry configured -> 0', 'budget_potential': 'No budget keywords -> 0'}, 'raw_total': 14.0}
2026-04-19 23:11:47,400 | INFO | lead_score | ref=Two score=26 tier=cold factors={'company_size': 0.0, 'job_role': 12.0, 'country': 0.0, 'website_availability': 0.0, 'email_availability': 0.0, 'platform_source': 14.0, 'industry_match': 0.0, 'budget_potential': 0.0, 'messages': {'company_size': 'No company size -> 0', 'job_role': 'VP / Director-level title -> +12', 'country': 'No country / location -> 0', 'website_availability': 'No company website -> 0', 'email_availability': 'No email -> 0', 'platform_source': "Platform 'linkedin' -> +14", 'industry_match': 'No benchmark industry configured -> 0', 'budget_potential': 'No budget keywords -> 0'}, 'raw_total': 26.0}
2026-04-19 23:13:31,971 | INFO | lead_score | ref=One score=14 tier=cold factors={'company_size': 0.0, 'job_role': 0.0, 'country': 0.0, 'website_availability': 0.0, 'email_availability': 0.0, 'platform_source': 14.0, 'industry_match': 0.0, 'budget_potential': 0.0, 'messages': {'company_size': 'No company size -> 0', 'job_role': 'No job title -> 0', 'country': 'No country / location -> 0', 'website_availability': 'No company website -> 0', 'email_availability': 'No email -> 0', 'platform_source': "Platform 'linkedin' -> +14", 'industry_match': 'No benchmark industry configured -> 0', 'budget_potential': 'No budget keywords -> 0'}, 'raw_total': 14.0}
2026-04-19 23:13:32,006 | INFO | lead_score | ref=Two score=26 tier=cold factors={'company_size': 0.0, 'job_role': 12.0, 'country': 0.0, 'website_availability': 0.0, 'email_availability': 0.0, 'platform_source': 14.0, 'industry_match': 0.0, 'budget_potential': 0.0, 'messages': {'company_size': 'No company size -> 0', 'job_role': 'VP / Director-level title -> +12', 'country': 'No country / location -> 0', 'website_availability': 'No company website -> 0', 'email_availability': 'No email -> 0', 'platform_source': "Platform 'linkedin' -> +14", 'industry_match': 'No benchmark industry configured -> 0', 'budget_potential': 'No budget keywords -> 0'}, 'raw_total': 26.0}
2026-04-19 23:15:59,208 | INFO | lead_score | ref=One score=14 tier=cold factors={'company_size': 0.0, 'job_role': 0.0, 'country': 0.0, 'website_availability': 0.0, 'email_availability': 0.0, 'platform_source': 14.0, 'industry_match': 0.0, 'budget_potential': 0.0, 'messages': {'company_size': 'No company size -> 0', 'job_role': 'No job title -> 0', 'country': 'No country / location -> 0', 'website_availability': 'No company website -> 0', 'email_availability': 'No email -> 0', 'platform_source': "Platform 'linkedin' -> +14", 'industry_match': 'No benchmark industry configured -> 0', 'budget_potential': 'No budget keywords -> 0'}, 'raw_total': 14.0}
2026-04-19 23:15:59,261 | INFO | lead_score | ref=Two score=26 tier=cold factors={'company_size': 0.0, 'job_role': 12.0, 'country': 0.0, 'website_availability': 0.0, 'email_availability': 0.0, 'platform_source': 14.0, 'industry_match': 0.0, 'budget_potential': 0.0, 'messages': {'company_size': 'No company size -> 0', 'job_role': 'VP / Director-level title -> +12', 'country': 'No country / location -> 0', 'website_availability': 'No company website -> 0', 'email_availability': 'No email -> 0', 'platform_source': "Platform 'linkedin' -> +14", 'industry_match': 'No benchmark industry configured -> 0', 'budget_potential': 'No budget keywords -> 0'}, 'raw_total': 26.0}
2026-04-19 23:20:13,177 | INFO | lead_score | ref=One score=14 tier=cold factors={'company_size': 0.0, 'job_role': 0.0, 'country': 0.0, 'website_availability': 0.0, 'email_availability': 0.0, 'platform_source': 14.0, 'industry_match': 0.0, 'budget_potential': 0.0, 'messages': {'company_size': 'No company size -> 0', 'job_role': 'No job title -> 0', 'country': 'No country / location -> 0', 'website_availability': 'No company website -> 0', 'email_availability': 'No email -> 0', 'platform_source': "Platform 'linkedin' -> +14", 'industry_match': 'No benchmark industry configured -> 0', 'budget_potential': 'No budget keywords -> 0'}, 'raw_total': 14.0}
2026-04-19 23:20:13,184 | INFO | lead_score | ref=Two score=26 tier=cold factors={'company_size': 0.0, 'job_role': 12.0, 'country': 0.0, 'website_availability': 0.0, 'email_availability': 0.0, 'platform_source': 14.0, 'industry_match': 0.0, 'budget_potential': 0.0, 'messages': {'company_size': 'No company size -> 0', 'job_role': 'VP / Director-level title -> +12', 'country': 'No country / location -> 0', 'website_availability': 'No company website -> 0', 'email_availability': 'No email -> 0', 'platform_source': "Platform 'linkedin' -> +14", 'industry_match': 'No benchmark industry configured -> 0', 'budget_potential': 'No budget keywords -> 0'}, 'raw_total': 26.0}
2026-04-19 23:20:26,024 | INFO | lead_score | ref=One score=14 tier=cold factors={'company_size': 0.0, 'job_role': 0.0, 'country': 0.0, 'website_availability': 0.0, 'email_availability': 0.0, 'platform_source': 14.0, 'industry_match': 0.0, 'budget_potential': 0.0, 'messages': {'company_size': 'No company size -> 0', 'job_role': 'No job title -> 0', 'country': 'No country / location -> 0', 'website_availability': 'No company website -> 0', 'email_availability': 'No email -> 0', 'platform_source': "Platform 'linkedin' -> +14", 'industry_match': 'No benchmark industry configured -> 0', 'budget_potential': 'No budget keywords -> 0'}, 'raw_total': 14.0}
2026-04-19 23:20:26,031 | INFO | lead_score | ref=Two score=26 tier=cold factors={'company_size': 0.0, 'job_role': 12.0, 'country': 0.0, 'website_availability': 0.0, 'email_availability': 0.0, 'platform_source': 14.0, 'industry_match': 0.0, 'budget_potential': 0.0, 'messages': {'company_size': 'No company size -> 0', 'job_role': 'VP / Director-level title -> +12', 'country': 'No country / location -> 0', 'website_availability': 'No company website -> 0', 'email_availability': 'No email -> 0', 'platform_source': "Platform 'linkedin' -> +14", 'industry_match': 'No benchmark industry configured -> 0', 'budget_potential': 'No budget keywords -> 0'}, 'raw_total': 26.0}
2026-04-22 11:17:37,161 | INFO | lead_score | ref=One score=14 tier=cold factors={'company_size': 0.0, 'job_role': 0.0, 'country': 0.0, 'website_availability': 0.0, 'email_availability': 0.0, 'platform_source': 14.0, 'industry_match': 0.0, 'budget_potential': 0.0, 'messages': {'company_size': 'No company size -> 0', 'job_role': 'No job title -> 0', 'country': 'No country / location -> 0', 'website_availability': 'No company website -> 0', 'email_availability': 'No email -> 0', 'platform_source': "Platform 'linkedin' -> +14", 'industry_match': 'No benchmark industry configured -> 0', 'budget_potential': 'No budget keywords -> 0'}, 'raw_total': 14.0}
2026-04-22 11:17:37,167 | INFO | lead_score | ref=Two score=26 tier=cold factors={'company_size': 0.0, 'job_role': 12.0, 'country': 0.0, 'website_availability': 0.0, 'email_availability': 0.0, 'platform_source': 14.0, 'industry_match': 0.0, 'budget_potential': 0.0, 'messages': {'company_size': 'No company size -> 0', 'job_role': 'VP / Director-level title -> +12', 'country': 'No country / location -> 0', 'website_availability': 'No company website -> 0', 'email_availability': 'No email -> 0', 'platform_source': "Platform 'linkedin' -> +14", 'industry_match': 'No benchmark industry configured -> 0', 'budget_potential': 'No budget keywords -> 0'}, 'raw_total': 26.0}
2026-04-22 11:25:15,127 | INFO | lead_score | ref=One score=14 tier=cold factors={'company_size': 0.0, 'job_role': 0.0, 'country': 0.0, 'website_availability': 0.0, 'email_availability': 0.0, 'platform_source': 14.0, 'industry_match': 0.0, 'budget_potential': 0.0, 'messages': {'company_size': 'No company size -> 0', 'job_role': 'No job title -> 0', 'country': 'No country / location -> 0', 'website_availability': 'No company website -> 0', 'email_availability': 'No email -> 0', 'platform_source': "Platform 'linkedin' -> +14", 'industry_match': 'No benchmark industry configured -> 0', 'budget_potential': 'No budget keywords -> 0'}, 'raw_total': 14.0}
2026-04-22 11:25:15,132 | INFO | lead_score | ref=Two score=26 tier=cold factors={'company_size': 0.0, 'job_role': 12.0, 'country': 0.0, 'website_availability': 0.0, 'email_availability': 0.0, 'platform_source': 14.0, 'industry_match': 0.0, 'budget_potential': 0.0, 'messages': {'company_size': 'No company size -> 0', 'job_role': 'VP / Director-level title -> +12', 'country': 'No country / location -> 0', 'website_availability': 'No company website -> 0', 'email_availability': 'No email -> 0', 'platform_source': "Platform 'linkedin' -> +14", 'industry_match': 'No benchmark industry configured -> 0', 'budget_potential': 'No budget keywords -> 0'}, 'raw_total': 26.0}
2026-04-22 11:26:16,479 | INFO | lead_score | ref=One score=14 tier=cold factors={'company_size': 0.0, 'job_role': 0.0, 'country': 0.0, 'website_availability': 0.0, 'email_availability': 0.0, 'platform_source': 14.0, 'industry_match': 0.0, 'budget_potential': 0.0, 'messages': {'company_size': 'No company size -> 0', 'job_role': 'No job title -> 0', 'country': 'No country / location -> 0', 'website_availability': 'No company website -> 0', 'email_availability': 'No email -> 0', 'platform_source': "Platform 'linkedin' -> +14", 'industry_match': 'No benchmark industry configured -> 0', 'budget_potential': 'No budget keywords -> 0'}, 'raw_total': 14.0}
2026-04-22 11:26:16,487 | INFO | lead_score | ref=Two score=26 tier=cold factors={'company_size': 0.0, 'job_role': 12.0, 'country': 0.0, 'website_availability': 0.0, 'email_availability': 0.0, 'platform_source': 14.0, 'industry_match': 0.0, 'budget_potential': 0.0, 'messages': {'company_size': 'No company size -> 0', 'job_role': 'VP / Director-level title -> +12', 'country': 'No country / location -> 0', 'website_availability': 'No company website -> 0', 'email_availability': 'No email -> 0', 'platform_source': "Platform 'linkedin' -> +14", 'industry_match': 'No benchmark industry configured -> 0', 'budget_potential': 'No budget keywords -> 0'}, 'raw_total': 26.0}
2026-04-22 11:30:57,730 | INFO | lead_score | ref=One score=14 tier=cold factors={'company_size': 0.0, 'job_role': 0.0, 'country': 0.0, 'website_availability': 0.0, 'email_availability': 0.0, 'platform_source': 14.0, 'industry_match': 0.0, 'budget_potential': 0.0, 'messages': {'company_size': 'No company size -> 0', 'job_role': 'No job title -> 0', 'country': 'No country / location -> 0', 'website_availability': 'No company website -> 0', 'email_availability': 'No email -> 0', 'platform_source': "Platform 'linkedin' -> +14", 'industry_match': 'No benchmark industry configured -> 0', 'budget_potential': 'No budget keywords -> 0'}, 'raw_total': 14.0}
2026-04-22 11:30:57,736 | INFO | lead_score | ref=Two score=26 tier=cold factors={'company_size': 0.0, 'job_role': 12.0, 'country': 0.0, 'website_availability': 0.0, 'email_availability': 0.0, 'platform_source': 14.0, 'industry_match': 0.0, 'budget_potential': 0.0, 'messages': {'company_size': 'No company size -> 0', 'job_role': 'VP / Director-level title -> +12', 'country': 'No country / location -> 0', 'website_availability': 'No company website -> 0', 'email_availability': 'No email -> 0', 'platform_source': "Platform 'linkedin' -> +14", 'industry_match': 'No benchmark industry configured -> 0', 'budget_potential': 'No budget keywords -> 0'}, 'raw_total': 26.0}
2026-04-22 11:48:58,313 | INFO | lead_score | ref=One score=14 tier=cold factors={'company_size': 0.0, 'job_role': 0.0, 'country': 0.0, 'website_availability': 0.0, 'email_availability': 0.0, 'platform_source': 14.0, 'industry_match': 0.0, 'budget_potential': 0.0, 'messages': {'company_size': 'No company size -> 0', 'job_role': 'No job title -> 0', 'country': 'No country / location -> 0', 'website_availability': 'No company website -> 0', 'email_availability': 'No email -> 0', 'platform_source': "Platform 'linkedin' -> +14", 'industry_match': 'No benchmark industry configured -> 0', 'budget_potential': 'No budget keywords -> 0'}, 'raw_total': 14.0}
2026-04-22 11:48:58,320 | INFO | lead_score | ref=Two score=26 tier=cold factors={'company_size': 0.0, 'job_role': 12.0, 'country': 0.0, 'website_availability': 0.0, 'email_availability': 0.0, 'platform_source': 14.0, 'industry_match': 0.0, 'budget_potential': 0.0, 'messages': {'company_size': 'No company size -> 0', 'job_role': 'VP / Director-level title -> +12', 'country': 'No country / location -> 0', 'website_availability': 'No company website -> 0', 'email_availability': 'No email -> 0', 'platform_source': "Platform 'linkedin' -> +14", 'industry_match': 'No benchmark industry configured -> 0', 'budget_potential': 'No budget keywords -> 0'}, 'raw_total': 26.0}
2026-04-22 12:03:41,438 | INFO | lead_score | ref=One score=14 tier=cold factors={'company_size': 0.0, 'job_role': 0.0, 'country': 0.0, 'website_availability': 0.0, 'email_availability': 0.0, 'platform_source': 14.0, 'industry_match': 0.0, 'budget_potential': 0.0, 'messages': {'company_size': 'No company size -> 0', 'job_role': 'No job title -> 0', 'country': 'No country / location -> 0', 'website_availability': 'No company website -> 0', 'email_availability': 'No email -> 0', 'platform_source': "Platform 'linkedin' -> +14", 'industry_match': 'No benchmark industry configured -> 0', 'budget_potential': 'No budget keywords -> 0'}, 'raw_total': 14.0}
2026-04-22 12:03:41,444 | INFO | lead_score | ref=Two score=26 tier=cold factors={'company_size': 0.0, 'job_role': 12.0, 'country': 0.0, 'website_availability': 0.0, 'email_availability': 0.0, 'platform_source': 14.0, 'industry_match': 0.0, 'budget_potential': 0.0, 'messages': {'company_size': 'No company size -> 0', 'job_role': 'VP / Director-level title -> +12', 'country': 'No country / location -> 0', 'website_availability': 'No company website -> 0', 'email_availability': 'No email -> 0', 'platform_source': "Platform 'linkedin' -> +14", 'industry_match': 'No benchmark industry configured -> 0', 'budget_potential': 'No budget keywords -> 0'}, 'raw_total': 26.0}
2026-04-22 12:07:30,088 | INFO | lead_score | ref=Ann Joseph • 2nd Hiring Talents for India and UAE, Certified POSH Trainer Kochi, Kerala, India Connect Current: Co-Founder at Beacon Maven Students' Placement Team, IIT Kanpur, Gyanendra Chaudhary and 3 other mutual connections score=18 tier=cold factors={'company_size': 0.0, 'job_role': 0.0, 'country': 4.0, 'website_availability': 0.0, 'email_availability': 0.0, 'platform_source': 14.0, 'industry_match': 0.0, 'budget_potential': 0.0, 'messages': {'company_size': 'No company size -> 0', 'job_role': 'No job title -> 0', 'country': 'Location / country present -> +4', 'website_availability': 'No company website -> 0', 'email_availability': 'No email -> 0', 'platform_source': "Platform 'linkedin' -> +14", 'industry_match': 'No benchmark industry configured -> 0', 'budget_potential': 'No budget keywords -> 0'}, 'raw_total': 18.0}
2026-04-22 12:07:30,100 | INFO | lead_score | ref=Students' Placement Team, IIT Kanpur score=18 tier=cold factors={'company_size': 0.0, 'job_role': 0.0, 'country': 4.0, 'website_availability': 0.0, 'email_availability': 0.0, 'platform_source': 14.0, 'industry_match': 0.0, 'budget_potential': 0.0, 'messages': {'company_size': 'No company size -> 0', 'job_role': 'No job title -> 0', 'country': 'Location / country present -> +4', 'website_availability': 'No company website -> 0', 'email_availability': 'No email -> 0', 'platform_source': "Platform 'linkedin' -> +14", 'industry_match': 'No benchmark industry configured -> 0', 'budget_potential': 'No budget keywords -> 0'}, 'raw_total': 18.0}
2026-04-22 12:07:30,102 | INFO | lead_score | ref=Gyanendra Chaudhary score=18 tier=cold factors={'company_size': 0.0, 'job_role': 0.0, 'country': 4.0, 'website_availability': 0.0, 'email_availability': 0.0, 'platform_source': 14.0, 'industry_match': 0.0, 'budget_potential': 0.0, 'messages': {'company_size': 'No company size -> 0', 'job_role': 'No job title -> 0', 'country': 'Location / country present -> +4', 'website_availability': 'No company website -> 0', 'email_availability': 'No email -> 0', 'platform_source': "Platform 'linkedin' -> +14", 'industry_match': 'No benchmark industry configured -> 0', 'budget_potential': 'No budget keywords -> 0'}, 'raw_total': 18.0}
2026-04-22 12:07:30,104 | INFO | lead_score | ref=Dr Shweta Rohan • 2nd Co-Founder - Hospitality Jobs (UAE) / K B M (INDIA) United Arab Emirates Connect Current: Co-Founder at Hospitality Jobs (UAE) score=18 tier=cold factors={'company_size': 0.0, 'job_role': 0.0, 'country': 4.0, 'website_availability': 0.0, 'email_availability': 0.0, 'platform_source': 14.0, 'industry_match': 0.0, 'budget_potential': 0.0, 'messages': {'company_size': 'No company size -> 0', 'job_role': 'No job title -> 0', 'country': 'Location / country present -> +4', 'website_availability': 'No company website -> 0', 'email_availability': 'No email -> 0', 'platform_source': "Platform 'linkedin' -> +14", 'industry_match': 'No benchmark industry configured -> 0', 'budget_potential': 'No budget keywords -> 0'}, 'raw_total': 18.0}
2026-04-22 12:07:30,106 | INFO | lead_score | ref=Aleksandar Milovanovic • 2nd Founder at ServPro UAE United Arab Emirates Follow Current: Founder at ServPro - UAE 2K followers Paul Evans is a mutual connection score=18 tier=cold factors={'company_size': 0.0, 'job_role': 0.0, 'country': 4.0, 'website_availability': 0.0, 'email_availability': 0.0, 'platform_source': 14.0, 'industry_match': 0.0, 'budget_potential': 0.0, 'messages': {'company_size': 'No company size -> 0', 'job_role': 'No job title -> 0', 'country': 'Location / country present -> +4', 'website_availability': 'No company website -> 0', 'email_availability': 'No email -> 0', 'platform_source': "Platform 'linkedin' -> +14", 'industry_match': 'No benchmark industry configured -> 0', 'budget_potential': 'No budget keywords -> 0'}, 'raw_total': 18.0}
2026-04-22 12:07:30,107 | INFO | lead_score | ref=Paul Evans score=18 tier=cold factors={'company_size': 0.0, 'job_role': 0.0, 'country': 4.0, 'website_availability': 0.0, 'email_availability': 0.0, 'platform_source': 14.0, 'industry_match': 0.0, 'budget_potential': 0.0, 'messages': {'company_size': 'No company size -> 0', 'job_role': 'No job title -> 0', 'country': 'Location / country present -> +4', 'website_availability': 'No company website -> 0', 'email_availability': 'No email -> 0', 'platform_source': "Platform 'linkedin' -> +14", 'industry_match': 'No benchmark industry configured -> 0', 'budget_potential': 'No budget keywords -> 0'}, 'raw_total': 18.0}
2026-04-22 12:07:30,117 | INFO | lead_score | ref=Naser Al Otaibi • 2nd Assistant Director of Corporate Performance at Central Bank of The UAE United Arab Emirates Connect Current: Founder and Director General at Concrete Concept General Contracting Sanja Radlovacki MSc MBA Ed.S and Faheema Ali are mutua score=18 tier=cold factors={'company_size': 0.0, 'job_role': 0.0, 'country': 4.0, 'website_availability': 0.0, 'email_availability': 0.0, 'platform_source': 14.0, 'industry_match': 0.0, 'budget_potential': 0.0, 'messages': {'company_size': 'No company size -> 0', 'job_role': 'No job title -> 0', 'country': 'Location / country present -> +4', 'website_availability': 'No company website -> 0', 'email_availability': 'No email -> 0', 'platform_source': "Platform 'linkedin' -> +14", 'industry_match': 'No benchmark industry configured -> 0', 'budget_potential': 'No budget keywords -> 0'}, 'raw_total': 18.0}
2026-04-22 12:07:30,120 | INFO | lead_score | ref=Faheema Ali score=18 tier=cold factors={'company_size': 0.0, 'job_role': 0.0, 'country': 4.0, 'website_availability': 0.0, 'email_availability': 0.0, 'platform_source': 14.0, 'industry_match': 0.0, 'budget_potential': 0.0, 'messages': {'company_size': 'No company size -> 0', 'job_role': 'No job title -> 0', 'country': 'Location / country present -> +4', 'website_availability': 'No company website -> 0', 'email_availability': 'No email -> 0', 'platform_source': "Platform 'linkedin' -> +14", 'industry_match': 'No benchmark industry configured -> 0', 'budget_potential': 'No budget keywords -> 0'}, 'raw_total': 18.0}
2026-04-22 12:07:30,121 | INFO | lead_score | ref=Jovanka Tomasevic • 2nd Founder at JT Events UAE United Arab Emirates Connect Paul Evans, Faris Saeed and 2 other mutual connections score=18 tier=cold factors={'company_size': 0.0, 'job_role': 0.0, 'country': 4.0, 'website_availability': 0.0, 'email_availability': 0.0, 'platform_source': 14.0, 'industry_match': 0.0, 'budget_potential': 0.0, 'messages': {'company_size': 'No company size -> 0', 'job_role': 'No job title -> 0', 'country': 'Location / country present -> +4', 'website_availability': 'No company website -> 0', 'email_availability': 'No email -> 0', 'platform_source': "Platform 'linkedin' -> +14", 'industry_match': 'No benchmark industry configured -> 0', 'budget_potential': 'No budget keywords -> 0'}, 'raw_total': 18.0}
2026-04-22 12:07:30,123 | INFO | lead_score | ref=Muhammad Umair Khalid • 2nd Founder & CEO at Orbix Technologies, UAE Dubai, United Arab Emirates Follow 2K followers TK Kader is a mutual connection score=18 tier=cold factors={'company_size': 0.0, 'job_role': 0.0, 'country': 4.0, 'website_availability': 0.0, 'email_availability': 0.0, 'platform_source': 14.0, 'industry_match': 0.0, 'budget_potential': 0.0, 'messages': {'company_size': 'No company size -> 0', 'job_role': 'No job title -> 0', 'country': 'Location / country present -> +4', 'website_availability': 'No company website -> 0', 'email_availability': 'No email -> 0', 'platform_source': "Platform 'linkedin' -> +14", 'industry_match': 'No benchmark industry configured -> 0', 'budget_potential': 'No budget keywords -> 0'}, 'raw_total': 18.0}
2026-04-22 12:07:30,124 | INFO | lead_score | ref=TK Kader score=18 tier=cold factors={'company_size': 0.0, 'job_role': 0.0, 'country': 4.0, 'website_availability': 0.0, 'email_availability': 0.0, 'platform_source': 14.0, 'industry_match': 0.0, 'budget_potential': 0.0, 'messages': {'company_size': 'No company size -> 0', 'job_role': 'No job title -> 0', 'country': 'Location / country present -> +4', 'website_availability': 'No company website -> 0', 'email_availability': 'No email -> 0', 'platform_source': "Platform 'linkedin' -> +14", 'industry_match': 'No benchmark industry configured -> 0', 'budget_potential': 'No budget keywords -> 0'}, 'raw_total': 18.0}
2026-04-22 12:07:30,126 | INFO | lead_score | ref=Halima Jumani • 2nd Founder and CEO - Kibsons E-commerce Dubai UAE United Kingdom Connect Sanja Radlovacki MSc MBA Ed.S and J. Elasseri are mutual connections score=18 tier=cold factors={'company_size': 0.0, 'job_role': 0.0, 'country': 4.0, 'website_availability': 0.0, 'email_availability': 0.0, 'platform_source': 14.0, 'industry_match': 0.0, 'budget_potential': 0.0, 'messages': {'company_size': 'No company size -> 0', 'job_role': 'No job title -> 0', 'country': 'Location / country present -> +4', 'website_availability': 'No company website -> 0', 'email_availability': 'No email -> 0', 'platform_source': "Platform 'linkedin' -> +14", 'industry_match': 'No benchmark industry configured -> 0', 'budget_potential': 'No budget keywords -> 0'}, 'raw_total': 18.0}
2026-04-22 12:07:30,127 | INFO | lead_score | ref=J. Elasseri score=18 tier=cold factors={'company_size': 0.0, 'job_role': 0.0, 'country': 4.0, 'website_availability': 0.0, 'email_availability': 0.0, 'platform_source': 14.0, 'industry_match': 0.0, 'budget_potential': 0.0, 'messages': {'company_size': 'No company size -> 0', 'job_role': 'No job title -> 0', 'country': 'Location / country present -> +4', 'website_availability': 'No company website -> 0', 'email_availability': 'No email -> 0', 'platform_source': "Platform 'linkedin' -> +14", 'industry_match': 'No benchmark industry configured -> 0', 'budget_potential': 'No budget keywords -> 0'}, 'raw_total': 18.0}
2026-04-22 12:07:30,128 | INFO | lead_score | ref=Sonny Bains • 2nd Managing Director and Co Founder at Expat Motors UAE United Arab Emirates Connect Current: Managing Director at Expat Motors UAE Paul Evans is a mutual connection score=18 tier=cold factors={'company_size': 0.0, 'job_role': 0.0, 'country': 4.0, 'website_availability': 0.0, 'email_availability': 0.0, 'platform_source': 14.0, 'industry_match': 0.0, 'budget_potential': 0.0, 'messages': {'company_size': 'No company size -> 0', 'job_role': 'No job title -> 0', 'country': 'Location / country present -> +4', 'website_availability': 'No company website -> 0', 'email_availability': 'No email -> 0', 'platform_source': "Platform 'linkedin' -> +14", 'industry_match': 'No benchmark industry configured -> 0', 'budget_potential': 'No budget keywords -> 0'}, 'raw_total': 18.0}
2026-04-22 12:07:30,130 | INFO | lead_score | ref=Amna Husain • 2nd Human Resources Leader | Ex - IFFCO(UAE) | Ex - L’Oréal | FMCG | Strategy | Employee Relations | Business Partnering | Learning & Talent Development India Connect Past: Co-founder - Facilitator, & HR Consultant at Eclatstory Shahvir Iran score=18 tier=cold factors={'company_size': 0.0, 'job_role': 0.0, 'country': 4.0, 'website_availability': 0.0, 'email_availability': 0.0, 'platform_source': 14.0, 'industry_match': 0.0, 'budget_potential': 0.0, 'messages': {'company_size': 'No company size -> 0', 'job_role': 'No job title -> 0', 'country': 'Location / country present -> +4', 'website_availability': 'No company website -> 0', 'email_availability': 'No email -> 0', 'platform_source': "Platform 'linkedin' -> +14", 'industry_match': 'No benchmark industry configured -> 0', 'budget_potential': 'No budget keywords -> 0'}, 'raw_total': 18.0}
2026-04-22 12:07:30,131 | INFO | lead_score | ref=Shahvir Irani score=18 tier=cold factors={'company_size': 0.0, 'job_role': 0.0, 'country': 4.0, 'website_availability': 0.0, 'email_availability': 0.0, 'platform_source': 14.0, 'industry_match': 0.0, 'budget_potential': 0.0, 'messages': {'company_size': 'No company size -> 0', 'job_role': 'No job title -> 0', 'country': 'Location / country present -> +4', 'website_availability': 'No company website -> 0', 'email_availability': 'No email -> 0', 'platform_source': "Platform 'linkedin' -> +14", 'industry_match': 'No benchmark industry configured -> 0', 'budget_potential': 'No budget keywords -> 0'}, 'raw_total': 18.0}
2026-04-22 12:07:53,525 | ERROR | Subject generation failed — using fallback
2026-04-22 12:07:53,526 | ERROR | Message generation failed — using fallback
2026-04-22 12:16:55,897 | ERROR | Subject generation failed — using fallback
2026-04-22 12:16:55,897 | ERROR | Message generation failed — using fallback
2026-04-22 12:26:33,981 | INFO | lead_score | ref=One score=14 tier=cold factors={'company_size': 0.0, 'job_role': 0.0, 'country': 0.0, 'website_availability': 0.0, 'email_availability': 0.0, 'platform_source': 14.0, 'industry_match': 0.0, 'budget_potential': 0.0, 'messages': {'company_size': 'No company size -> 0', 'job_role': 'No job title -> 0', 'country': 'No country / location -> 0', 'website_availability': 'No company website -> 0', 'email_availability': 'No email -> 0', 'platform_source': "Platform 'linkedin' -> +14", 'industry_match': 'No benchmark industry configured -> 0', 'budget_potential': 'No budget keywords -> 0'}, 'raw_total': 14.0}
2026-04-22 12:26:33,986 | INFO | lead_score | ref=Two score=26 tier=cold factors={'company_size': 0.0, 'job_role': 12.0, 'country': 0.0, 'website_availability': 0.0, 'email_availability': 0.0, 'platform_source': 14.0, 'industry_match': 0.0, 'budget_potential': 0.0, 'messages': {'company_size': 'No company size -> 0', 'job_role': 'VP / Director-level title -> +12', 'country': 'No country / location -> 0', 'website_availability': 'No company website -> 0', 'email_availability': 'No email -> 0', 'platform_source': "Platform 'linkedin' -> +14", 'industry_match': 'No benchmark industry configured -> 0', 'budget_potential': 'No budget keywords -> 0'}, 'raw_total': 26.0}
2026-04-22 12:28:45,733 | ERROR | Subject generation failed — using fallback
2026-04-22 12:28:45,733 | ERROR | Message generation failed — using fallback
2026-04-22 12:29:08,800 | ERROR | Subject generation failed — using fallback
2026-04-22 12:29:08,801 | ERROR | Message generation failed — using fallback
2026-04-22 12:33:58,198 | INFO | lead_score | ref=Sophie Allen • 2nd Founder | Hiring BDRs in London & East Coast USA. Nice, Provence-Alpes-Côte d'Azur, France Follow Current: Founder at Trampoline 47K followers Jay Singh, Sachin Dhanotiya and 1 other mutual connection Book an appointment score=18 tier=cold factors={'company_size': 0.0, 'job_role': 0.0, 'country': 4.0, 'website_availability': 0.0, 'email_availability': 0.0, 'platform_source': 14.0, 'industry_match': 0.0, 'budget_potential': 0.0, 'messages': {'company_size': 'No company size -> 0', 'job_role': 'No job title -> 0', 'country': 'Location / country present -> +4', 'website_availability': 'No company website -> 0', 'email_availability': 'No email -> 0', 'platform_source': "Platform 'linkedin' -> +14", 'industry_match': 'No benchmark industry configured -> 0', 'budget_potential': 'No budget keywords -> 0'}, 'raw_total': 18.0}
2026-04-22 12:33:58,215 | INFO | lead_score | ref=Jay Singh score=18 tier=cold factors={'company_size': 0.0, 'job_role': 0.0, 'country': 4.0, 'website_availability': 0.0, 'email_availability': 0.0, 'platform_source': 14.0, 'industry_match': 0.0, 'budget_potential': 0.0, 'messages': {'company_size': 'No company size -> 0', 'job_role': 'No job title -> 0', 'country': 'Location / country present -> +4', 'website_availability': 'No company website -> 0', 'email_availability': 'No email -> 0', 'platform_source': "Platform 'linkedin' -> +14", 'industry_match': 'No benchmark industry configured -> 0', 'budget_potential': 'No budget keywords -> 0'}, 'raw_total': 18.0}
2026-04-22 12:33:58,220 | INFO | lead_score | ref=Sachin Dhanotiya score=18 tier=cold factors={'company_size': 0.0, 'job_role': 0.0, 'country': 4.0, 'website_availability': 0.0, 'email_availability': 0.0, 'platform_source': 14.0, 'industry_match': 0.0, 'budget_potential': 0.0, 'messages': {'company_size': 'No company size -> 0', 'job_role': 'No job title -> 0', 'country': 'Location / country present -> +4', 'website_availability': 'No company website -> 0', 'email_availability': 'No email -> 0', 'platform_source': "Platform 'linkedin' -> +14", 'industry_match': 'No benchmark industry configured -> 0', 'budget_potential': 'No budget keywords -> 0'}, 'raw_total': 18.0}
2026-04-22 12:33:58,223 | INFO | lead_score | ref=Humayun Kabir • 2nd Run Club Founder | Building London’s most energetic run community. United Kingdom Connect Current: Founder at Canary Wharf Run Club score=18 tier=cold factors={'company_size': 0.0, 'job_role': 0.0, 'country': 4.0, 'website_availability': 0.0, 'email_availability': 0.0, 'platform_source': 14.0, 'industry_match': 0.0, 'budget_potential': 0.0, 'messages': {'company_size': 'No company size -> 0', 'job_role': 'No job title -> 0', 'country': 'Location / country present -> +4', 'website_availability': 'No company website -> 0', 'email_availability': 'No email -> 0', 'platform_source': "Platform 'linkedin' -> +14", 'industry_match': 'No benchmark industry configured -> 0', 'budget_potential': 'No budget keywords -> 0'}, 'raw_total': 18.0}
2026-04-22 12:33:58,226 | INFO | lead_score | ref=Smith O'Connor • 2nd CEO at Masraf London London, England, United Kingdom Connect Current: Board Member at RACINE ESTATE LONDON LTD Yael Tamar and MAHMOUD ALMAGHRABI are mutual connections score=18 tier=cold factors={'company_size': 0.0, 'job_role': 0.0, 'country': 4.0, 'website_availability': 0.0, 'email_availability': 0.0, 'platform_source': 14.0, 'industry_match': 0.0, 'budget_potential': 0.0, 'messages': {'company_size': 'No company size -> 0', 'job_role': 'No job title -> 0', 'country': 'Location / country present -> +4', 'website_availability': 'No company website -> 0', 'email_availability': 'No email -> 0', 'platform_source': "Platform 'linkedin' -> +14", 'industry_match': 'No benchmark industry configured -> 0', 'budget_potential': 'No budget keywords -> 0'}, 'raw_total': 18.0}
2026-04-22 12:33:58,229 | INFO | lead_score | ref=Yael Tamar score=18 tier=cold factors={'company_size': 0.0, 'job_role': 0.0, 'country': 4.0, 'website_availability': 0.0, 'email_availability': 0.0, 'platform_source': 14.0, 'industry_match': 0.0, 'budget_potential': 0.0, 'messages': {'company_size': 'No company size -> 0', 'job_role': 'No job title -> 0', 'country': 'Location / country present -> +4', 'website_availability': 'No company website -> 0', 'email_availability': 'No email -> 0', 'platform_source': "Platform 'linkedin' -> +14", 'industry_match': 'No benchmark industry configured -> 0', 'budget_potential': 'No budget keywords -> 0'}, 'raw_total': 18.0}
2026-04-22 12:33:58,232 | INFO | lead_score | ref=MAHMOUD ALMAGHRABI score=18 tier=cold factors={'company_size': 0.0, 'job_role': 0.0, 'country': 4.0, 'website_availability': 0.0, 'email_availability': 0.0, 'platform_source': 14.0, 'industry_match': 0.0, 'budget_potential': 0.0, 'messages': {'company_size': 'No company size -> 0', 'job_role': 'No job title -> 0', 'country': 'Location / country present -> +4', 'website_availability': 'No company website -> 0', 'email_availability': 'No email -> 0', 'platform_source': "Platform 'linkedin' -> +14", 'industry_match': 'No benchmark industry configured -> 0', 'budget_potential': 'No budget keywords -> 0'}, 'raw_total': 18.0}
2026-04-22 12:33:58,236 | INFO | lead_score | ref=Amir Hashmi • 2nd CEO. Cloud, data/AI Engineering. Central London London, England, United Kingdom Connect Current: Chair at University College London Hospitals NHS Foundation Trust Debanjali Chakraborty, Ubaidullah Choudhury and 2 other mutual connections score=18 tier=cold factors={'company_size': 0.0, 'job_role': 0.0, 'country': 4.0, 'website_availability': 0.0, 'email_availability': 0.0, 'platform_source': 14.0, 'industry_match': 0.0, 'budget_potential': 0.0, 'messages': {'company_size': 'No company size -> 0', 'job_role': 'No job title -> 0', 'country': 'Location / country present -> +4', 'website_availability': 'No company website -> 0', 'email_availability': 'No email -> 0', 'platform_source': "Platform 'linkedin' -> +14", 'industry_match': 'No benchmark industry configured -> 0', 'budget_potential': 'No budget keywords -> 0'}, 'raw_total': 18.0}
2026-04-22 12:33:58,239 | INFO | lead_score | ref=Debanjali Chakraborty score=18 tier=cold factors={'company_size': 0.0, 'job_role': 0.0, 'country': 4.0, 'website_availability': 0.0, 'email_availability': 0.0, 'platform_source': 14.0, 'industry_match': 0.0, 'budget_potential': 0.0, 'messages': {'company_size': 'No company size -> 0', 'job_role': 'No job title -> 0', 'country': 'Location / country present -> +4', 'website_availability': 'No company website -> 0', 'email_availability': 'No email -> 0', 'platform_source': "Platform 'linkedin' -> +14", 'industry_match': 'No benchmark industry configured -> 0', 'budget_potential': 'No budget keywords -> 0'}, 'raw_total': 18.0}
2026-04-22 12:33:58,241 | INFO | lead_score | ref=Ubaidullah Choudhury score=18 tier=cold factors={'company_size': 0.0, 'job_role': 0.0, 'country': 4.0, 'website_availability': 0.0, 'email_availability': 0.0, 'platform_source': 14.0, 'industry_match': 0.0, 'budget_potential': 0.0, 'messages': {'company_size': 'No company size -> 0', 'job_role': 'No job title -> 0', 'country': 'Location / country present -> +4', 'website_availability': 'No company website -> 0', 'email_availability': 'No email -> 0', 'platform_source': "Platform 'linkedin' -> +14", 'industry_match': 'No benchmark industry configured -> 0', 'budget_potential': 'No budget keywords -> 0'}, 'raw_total': 18.0}
2026-04-22 12:33:58,243 | INFO | lead_score | ref=Valerie Maine • 2nd CEO & Founder at Live True London Greater London, England, United Kingdom Follow Current: CEO & Founder at FUL London 1K followers Nick Ellsom is a mutual connection score=18 tier=cold factors={'company_size': 0.0, 'job_role': 0.0, 'country': 4.0, 'website_availability': 0.0, 'email_availability': 0.0, 'platform_source': 14.0, 'industry_match': 0.0, 'budget_potential': 0.0, 'messages': {'company_size': 'No company size -> 0', 'job_role': 'No job title -> 0', 'country': 'Location / country present -> +4', 'website_availability': 'No company website -> 0', 'email_availability': 'No email -> 0', 'platform_source': "Platform 'linkedin' -> +14", 'industry_match': 'No benchmark industry configured -> 0', 'budget_potential': 'No budget keywords -> 0'}, 'raw_total': 18.0}
2026-04-22 12:33:58,246 | INFO | lead_score | ref=Nick Ellsom score=18 tier=cold factors={'company_size': 0.0, 'job_role': 0.0, 'country': 4.0, 'website_availability': 0.0, 'email_availability': 0.0, 'platform_source': 14.0, 'industry_match': 0.0, 'budget_potential': 0.0, 'messages': {'company_size': 'No company size -> 0', 'job_role': 'No job title -> 0', 'country': 'Location / country present -> +4', 'website_availability': 'No company website -> 0', 'email_availability': 'No email -> 0', 'platform_source': "Platform 'linkedin' -> +14", 'industry_match': 'No benchmark industry configured -> 0', 'budget_potential': 'No budget keywords -> 0'}, 'raw_total': 18.0}
2026-04-22 12:33:58,258 | INFO | lead_score | ref=Ethan Green • 2nd London London, England, United Kingdom Connect Current: Founder at Hire Stack Rob Young is a mutual connection score=18 tier=cold factors={'company_size': 0.0, 'job_role': 0.0, 'country': 4.0, 'website_availability': 0.0, 'email_availability': 0.0, 'platform_source': 14.0, 'industry_match': 0.0, 'budget_potential': 0.0, 'messages': {'company_size': 'No company size -> 0', 'job_role': 'No job title -> 0', 'country': 'Location / country present -> +4', 'website_availability': 'No company website -> 0', 'email_availability': 'No email -> 0', 'platform_source': "Platform 'linkedin' -> +14", 'industry_match': 'No benchmark industry configured -> 0', 'budget_potential': 'No budget keywords -> 0'}, 'raw_total': 18.0}
2026-04-22 12:33:58,260 | INFO | lead_score | ref=Rob Young score=18 tier=cold factors={'company_size': 0.0, 'job_role': 0.0, 'country': 4.0, 'website_availability': 0.0, 'email_availability': 0.0, 'platform_source': 14.0, 'industry_match': 0.0, 'budget_potential': 0.0, 'messages': {'company_size': 'No company size -> 0', 'job_role': 'No job title -> 0', 'country': 'Location / country present -> +4', 'website_availability': 'No company website -> 0', 'email_availability': 'No email -> 0', 'platform_source': "Platform 'linkedin' -> +14", 'industry_match': 'No benchmark industry configured -> 0', 'budget_potential': 'No budget keywords -> 0'}, 'raw_total': 18.0}
2026-04-22 12:33:58,262 | INFO | lead_score | ref=Megha Ruia • 3rd+ Director | Building Hamster London Delhi, India Message Current: Founder at Hamster London score=18 tier=cold factors={'company_size': 0.0, 'job_role': 0.0, 'country': 4.0, 'website_availability': 0.0, 'email_availability': 0.0, 'platform_source': 14.0, 'industry_match': 0.0, 'budget_potential': 0.0, 'messages': {'company_size': 'No company size -> 0', 'job_role': 'No job title -> 0', 'country': 'Location / country present -> +4', 'website_availability': 'No company website -> 0', 'email_availability': 'No email -> 0', 'platform_source': "Platform 'linkedin' -> +14", 'industry_match': 'No benchmark industry configured -> 0', 'budget_potential': 'No budget keywords -> 0'}, 'raw_total': 18.0}
2026-04-22 12:33:58,264 | INFO | lead_score | ref=Alex West • 2nd Founder | London Group Pty Ltd Greater Sydney Area Connect Current: Director | Co-Founder at London Group Pty Ltd Melissa Person, Foun Expo and 1 other mutual connection score=18 tier=cold factors={'company_size': 0.0, 'job_role': 0.0, 'country': 4.0, 'website_availability': 0.0, 'email_availability': 0.0, 'platform_source': 14.0, 'industry_match': 0.0, 'budget_potential': 0.0, 'messages': {'company_size': 'No company size -> 0', 'job_role': 'No job title -> 0', 'country': 'Location / country present -> +4', 'website_availability': 'No company website -> 0', 'email_availability': 'No email -> 0', 'platform_source': "Platform 'linkedin' -> +14", 'industry_match': 'No benchmark industry configured -> 0', 'budget_potential': 'No budget keywords -> 0'}, 'raw_total': 18.0}
2026-04-22 12:33:58,267 | INFO | lead_score | ref=Melissa Person score=18 tier=cold factors={'company_size': 0.0, 'job_role': 0.0, 'country': 4.0, 'website_availability': 0.0, 'email_availability': 0.0, 'platform_source': 14.0, 'industry_match': 0.0, 'budget_potential': 0.0, 'messages': {'company_size': 'No company size -> 0', 'job_role': 'No job title -> 0', 'country': 'Location / country present -> +4', 'website_availability': 'No company website -> 0', 'email_availability': 'No email -> 0', 'platform_source': "Platform 'linkedin' -> +14", 'industry_match': 'No benchmark industry configured -> 0', 'budget_potential': 'No budget keywords -> 0'}, 'raw_total': 18.0}
2026-04-22 12:33:58,269 | INFO | lead_score | ref=Foun Expo score=18 tier=cold factors={'company_size': 0.0, 'job_role': 0.0, 'country': 4.0, 'website_availability': 0.0, 'email_availability': 0.0, 'platform_source': 14.0, 'industry_match': 0.0, 'budget_potential': 0.0, 'messages': {'company_size': 'No company size -> 0', 'job_role': 'No job title -> 0', 'country': 'Location / country present -> +4', 'website_availability': 'No company website -> 0', 'email_availability': 'No email -> 0', 'platform_source': "Platform 'linkedin' -> +14", 'industry_match': 'No benchmark industry configured -> 0', 'budget_potential': 'No budget keywords -> 0'}, 'raw_total': 18.0}
2026-04-22 12:33:58,272 | INFO | lead_score | ref=Hemant Kambli • 2nd Founder & CEO - AARYA EDUCATION SERVICES LLC (London, United Kingdom) Mumbai, Maharashtra, India Connect Current: Founder & CEO at AARYA EDUCATION SERVICES LLC Pawas Goyal and Ramesh Chaudhari are mutual connections score=18 tier=cold factors={'company_size': 0.0, 'job_role': 0.0, 'country': 4.0, 'website_availability': 0.0, 'email_availability': 0.0, 'platform_source': 14.0, 'industry_match': 0.0, 'budget_potential': 0.0, 'messages': {'company_size': 'No company size -> 0', 'job_role': 'No job title -> 0', 'country': 'Location / country present -> +4', 'website_availability': 'No company website -> 0', 'email_availability': 'No email -> 0', 'platform_source': "Platform 'linkedin' -> +14", 'industry_match': 'No benchmark industry configured -> 0', 'budget_potential': 'No budget keywords -> 0'}, 'raw_total': 18.0}
2026-04-22 12:34:31,250 | WARNING | LinkedIn search: no profile links found in DOM yet (login wall, empty results, or slow render).
2026-04-22 12:34:31,255 | INFO | LinkedIn extract: 0 rows this pass (selectors or visibility).
2026-04-22 12:35:01,490 | WARNING | LinkedIn search: no profile links found in DOM yet (login wall, empty results, or slow render).
2026-04-22 12:35:01,493 | INFO | LinkedIn extract: 0 rows this pass (selectors or visibility).
2026-04-22 12:35:31,800 | WARNING | LinkedIn search: no profile links found in DOM yet (login wall, empty results, or slow render).
2026-04-22 12:35:31,804 | INFO | LinkedIn extract: 0 rows this pass (selectors or visibility).
2026-04-22 12:36:00,761 | WARNING | LinkedIn search: no profile links found in DOM yet (login wall, empty results, or slow render).
2026-04-22 12:36:00,764 | INFO | LinkedIn extract: 0 rows this pass (selectors or visibility).
2026-04-22 12:36:30,100 | WARNING | LinkedIn search: no profile links found in DOM yet (login wall, empty results, or slow render).
2026-04-22 12:36:30,103 | INFO | LinkedIn extract: 0 rows this pass (selectors or visibility).
2026-04-22 12:37:00,428 | WARNING | LinkedIn search: no profile links found in DOM yet (login wall, empty results, or slow render).
2026-04-22 12:37:00,431 | INFO | LinkedIn extract: 0 rows this pass (selectors or visibility).
2026-04-22 12:37:29,830 | WARNING | LinkedIn search: no profile links found in DOM yet (login wall, empty results, or slow render).
2026-04-22 12:37:29,834 | INFO | LinkedIn extract: 0 rows this pass (selectors or visibility).
2026-04-22 12:37:59,803 | WARNING | LinkedIn search: no profile links found in DOM yet (login wall, empty results, or slow render).
2026-04-22 12:37:59,805 | INFO | LinkedIn extract: 0 rows this pass (selectors or visibility).
2026-04-22 12:38:28,516 | WARNING | LinkedIn search: no profile links found in DOM yet (login wall, empty results, or slow render).
2026-04-22 12:38:28,531 | INFO | LinkedIn extract: 0 rows this pass (selectors or visibility).
2026-04-22 12:38:59,137 | WARNING | LinkedIn search: no profile links found in DOM yet (login wall, empty results, or slow render).
2026-04-22 12:38:59,140 | INFO | LinkedIn extract: 0 rows this pass (selectors or visibility).
2026-04-22 12:39:28,761 | WARNING | LinkedIn search: no profile links found in DOM yet (login wall, empty results, or slow render).
2026-04-22 12:39:28,764 | INFO | LinkedIn extract: 0 rows this pass (selectors or visibility).
2026-04-22 12:39:58,028 | WARNING | LinkedIn search: no profile links found in DOM yet (login wall, empty results, or slow render).
2026-04-22 12:39:58,031 | INFO | LinkedIn extract: 0 rows this pass (selectors or visibility).
2026-04-22 12:51:28,120 | ERROR | Subject generation failed — using fallback
2026-04-22 12:51:28,120 | ERROR | Message generation failed — using fallback
2026-04-22 13:01:18,729 | ERROR | Subject generation failed — using fallback
2026-04-22 13:01:18,729 | ERROR | Message generation failed — using fallback
2026-04-22 13:03:39,090 | ERROR | Subject generation failed — using fallback
2026-04-22 13:03:39,091 | ERROR | Message generation failed — using fallback
2026-04-27 15:05:31,501 | INFO | lead_score | ref=One score=14 tier=cold factors={'company_size': 0.0, 'job_role': 0.0, 'country': 0.0, 'website_availability': 0.0, 'email_availability': 0.0, 'platform_source': 14.0, 'industry_match': 0.0, 'budget_potential': 0.0, 'messages': {'company_size': 'No company size -> 0', 'job_role': 'No job title -> 0', 'country': 'No country / location -> 0', 'website_availability': 'No company website -> 0', 'email_availability': 'No email -> 0', 'platform_source': "Platform 'linkedin' -> +14", 'industry_match': 'No benchmark industry configured -> 0', 'budget_potential': 'No budget keywords -> 0'}, 'raw_total': 14.0}
2026-04-27 15:05:31,505 | INFO | lead_score | ref=Two score=26 tier=cold factors={'company_size': 0.0, 'job_role': 12.0, 'country': 0.0, 'website_availability': 0.0, 'email_availability': 0.0, 'platform_source': 14.0, 'industry_match': 0.0, 'budget_potential': 0.0, 'messages': {'company_size': 'No company size -> 0', 'job_role': 'VP / Director-level title -> +12', 'country': 'No country / location -> 0', 'website_availability': 'No company website -> 0', 'email_availability': 'No email -> 0', 'platform_source': "Platform 'linkedin' -> +14", 'industry_match': 'No benchmark industry configured -> 0', 'budget_potential': 'No budget keywords -> 0'}, 'raw_total': 26.0}
2026-04-27 15:43:04,469 | INFO | lead_score | ref=One score=14 tier=cold factors={'company_size': 0.0, 'job_role': 0.0, 'country': 0.0, 'website_availability': 0.0, 'email_availability': 0.0, 'platform_source': 14.0, 'industry_match': 0.0, 'budget_potential': 0.0, 'messages': {'company_size': 'No company size -> 0', 'job_role': 'No job title -> 0', 'country': 'No country / location -> 0', 'website_availability': 'No company website -> 0', 'email_availability': 'No email -> 0', 'platform_source': "Platform 'linkedin' -> +14", 'industry_match': 'No benchmark industry configured -> 0', 'budget_potential': 'No budget keywords -> 0'}, 'raw_total': 14.0}
2026-04-27 15:43:04,473 | INFO | lead_score | ref=Two score=26 tier=cold factors={'company_size': 0.0, 'job_role': 12.0, 'country': 0.0, 'website_availability': 0.0, 'email_availability': 0.0, 'platform_source': 14.0, 'industry_match': 0.0, 'budget_potential': 0.0, 'messages': {'company_size': 'No company size -> 0', 'job_role': 'VP / Director-level title -> +12', 'country': 'No country / location -> 0', 'website_availability': 'No company website -> 0', 'email_availability': 'No email -> 0', 'platform_source': "Platform 'linkedin' -> +14", 'industry_match': 'No benchmark industry configured -> 0', 'budget_potential': 'No budget keywords -> 0'}, 'raw_total': 26.0}
2026-04-27 15:47:35,416 | INFO | lead_score | ref=One score=14 tier=cold factors={'company_size': 0.0, 'job_role': 0.0, 'country': 0.0, 'website_availability': 0.0, 'email_availability': 0.0, 'platform_source': 14.0, 'industry_match': 0.0, 'budget_potential': 0.0, 'messages': {'company_size': 'No company size -> 0', 'job_role': 'No job title -> 0', 'country': 'No country / location -> 0', 'website_availability': 'No company website -> 0', 'email_availability': 'No email -> 0', 'platform_source': "Platform 'linkedin' -> +14", 'industry_match': 'No benchmark industry configured -> 0', 'budget_potential': 'No budget keywords -> 0'}, 'raw_total': 14.0}
2026-04-27 15:47:35,421 | INFO | lead_score | ref=Two score=26 tier=cold factors={'company_size': 0.0, 'job_role': 12.0, 'country': 0.0, 'website_availability': 0.0, 'email_availability': 0.0, 'platform_source': 14.0, 'industry_match': 0.0, 'budget_potential': 0.0, 'messages': {'company_size': 'No company size -> 0', 'job_role': 'VP / Director-level title -> +12', 'country': 'No country / location -> 0', 'website_availability': 'No company website -> 0', 'email_availability': 'No email -> 0', 'platform_source': "Platform 'linkedin' -> +14", 'industry_match': 'No benchmark industry configured -> 0', 'budget_potential': 'No budget keywords -> 0'}, 'raw_total': 26.0}
2026-04-27 15:54:09,912 | INFO | lead_score | ref=One score=14 tier=cold factors={'company_size': 0.0, 'job_role': 0.0, 'country': 0.0, 'website_availability': 0.0, 'email_availability': 0.0, 'platform_source': 14.0, 'industry_match': 0.0, 'budget_potential': 0.0, 'messages': {'company_size': 'No company size -> 0', 'job_role': 'No job title -> 0', 'country': 'No country / location -> 0', 'website_availability': 'No company website -> 0', 'email_availability': 'No email -> 0', 'platform_source': "Platform 'linkedin' -> +14", 'industry_match': 'No benchmark industry configured -> 0', 'budget_potential': 'No budget keywords -> 0'}, 'raw_total': 14.0}
2026-04-27 15:54:09,917 | INFO | lead_score | ref=Two score=26 tier=cold factors={'company_size': 0.0, 'job_role': 12.0, 'country': 0.0, 'website_availability': 0.0, 'email_availability': 0.0, 'platform_source': 14.0, 'industry_match': 0.0, 'budget_potential': 0.0, 'messages': {'company_size': 'No company size -> 0', 'job_role': 'VP / Director-level title -> +12', 'country': 'No country / location -> 0', 'website_availability': 'No company website -> 0', 'email_availability': 'No email -> 0', 'platform_source': "Platform 'linkedin' -> +14", 'industry_match': 'No benchmark industry configured -> 0', 'budget_potential': 'No budget keywords -> 0'}, 'raw_total': 26.0}
2026-04-27 15:58:27,103 | INFO | lead_score | ref=One score=14 tier=cold factors={'company_size': 0.0, 'job_role': 0.0, 'country': 0.0, 'website_availability': 0.0, 'email_availability': 0.0, 'platform_source': 14.0, 'industry_match': 0.0, 'budget_potential': 0.0, 'messages': {'company_size': 'No company size -> 0', 'job_role': 'No job title -> 0', 'country': 'No country / location -> 0', 'website_availability': 'No company website -> 0', 'email_availability': 'No email -> 0', 'platform_source': "Platform 'linkedin' -> +14", 'industry_match': 'No benchmark industry configured -> 0', 'budget_potential': 'No budget keywords -> 0'}, 'raw_total': 14.0}
2026-04-27 15:58:27,107 | INFO | lead_score | ref=Two score=26 tier=cold factors={'company_size': 0.0, 'job_role': 12.0, 'country': 0.0, 'website_availability': 0.0, 'email_availability': 0.0, 'platform_source': 14.0, 'industry_match': 0.0, 'budget_potential': 0.0, 'messages': {'company_size': 'No company size -> 0', 'job_role': 'VP / Director-level title -> +12', 'country': 'No country / location -> 0', 'website_availability': 'No company website -> 0', 'email_availability': 'No email -> 0', 'platform_source': "Platform 'linkedin' -> +14", 'industry_match': 'No benchmark industry configured -> 0', 'budget_potential': 'No budget keywords -> 0'}, 'raw_total': 26.0}
2026-04-27 15:59:13,976 | INFO | lead_score | ref=One score=14 tier=cold factors={'company_size': 0.0, 'job_role': 0.0, 'country': 0.0, 'website_availability': 0.0, 'email_availability': 0.0, 'platform_source': 14.0, 'industry_match': 0.0, 'budget_potential': 0.0, 'messages': {'company_size': 'No company size -> 0', 'job_role': 'No job title -> 0', 'country': 'No country / location -> 0', 'website_availability': 'No company website -> 0', 'email_availability': 'No email -> 0', 'platform_source': "Platform 'linkedin' -> +14", 'industry_match': 'No benchmark industry configured -> 0', 'budget_potential': 'No budget keywords -> 0'}, 'raw_total': 14.0}
2026-04-27 15:59:13,980 | INFO | lead_score | ref=Two score=26 tier=cold factors={'company_size': 0.0, 'job_role': 12.0, 'country': 0.0, 'website_availability': 0.0, 'email_availability': 0.0, 'platform_source': 14.0, 'industry_match': 0.0, 'budget_potential': 0.0, 'messages': {'company_size': 'No company size -> 0', 'job_role': 'VP / Director-level title -> +12', 'country': 'No country / location -> 0', 'website_availability': 'No company website -> 0', 'email_availability': 'No email -> 0', 'platform_source': "Platform 'linkedin' -> +14", 'industry_match': 'No benchmark industry configured -> 0', 'budget_potential': 'No budget keywords -> 0'}, 'raw_total': 26.0}
2026-04-27 16:01:02,324 | INFO | lead_score | ref=One score=14 tier=cold factors={'company_size': 0.0, 'job_role': 0.0, 'country': 0.0, 'website_availability': 0.0, 'email_availability': 0.0, 'platform_source': 14.0, 'industry_match': 0.0, 'budget_potential': 0.0, 'messages': {'company_size': 'No company size -> 0', 'job_role': 'No job title -> 0', 'country': 'No country / location -> 0', 'website_availability': 'No company website -> 0', 'email_availability': 'No email -> 0', 'platform_source': "Platform 'linkedin' -> +14", 'industry_match': 'No benchmark industry configured -> 0', 'budget_potential': 'No budget keywords -> 0'}, 'raw_total': 14.0}
2026-04-27 16:01:02,328 | INFO | lead_score | ref=Two score=26 tier=cold factors={'company_size': 0.0, 'job_role': 12.0, 'country': 0.0, 'website_availability': 0.0, 'email_availability': 0.0, 'platform_source': 14.0, 'industry_match': 0.0, 'budget_potential': 0.0, 'messages': {'company_size': 'No company size -> 0', 'job_role': 'VP / Director-level title -> +12', 'country': 'No country / location -> 0', 'website_availability': 'No company website -> 0', 'email_availability': 'No email -> 0', 'platform_source': "Platform 'linkedin' -> +14", 'industry_match': 'No benchmark industry configured -> 0', 'budget_potential': 'No budget keywords -> 0'}, 'raw_total': 26.0}
2026-04-27 16:05:38,733 | INFO | lead_score | ref=One score=14 tier=cold factors={'company_size': 0.0, 'job_role': 0.0, 'country': 0.0, 'website_availability': 0.0, 'email_availability': 0.0, 'platform_source': 14.0, 'industry_match': 0.0, 'budget_potential': 0.0, 'messages': {'company_size': 'No company size -> 0', 'job_role': 'No job title -> 0', 'country': 'No country / location -> 0', 'website_availability': 'No company website -> 0', 'email_availability': 'No email -> 0', 'platform_source': "Platform 'linkedin' -> +14", 'industry_match': 'No benchmark industry configured -> 0', 'budget_potential': 'No budget keywords -> 0'}, 'raw_total': 14.0}
2026-04-27 16:05:38,738 | INFO | lead_score | ref=Two score=26 tier=cold factors={'company_size': 0.0, 'job_role': 12.0, 'country': 0.0, 'website_availability': 0.0, 'email_availability': 0.0, 'platform_source': 14.0, 'industry_match': 0.0, 'budget_potential': 0.0, 'messages': {'company_size': 'No company size -> 0', 'job_role': 'VP / Director-level title -> +12', 'country': 'No country / location -> 0', 'website_availability': 'No company website -> 0', 'email_availability': 'No email -> 0', 'platform_source': "Platform 'linkedin' -> +14", 'industry_match': 'No benchmark industry configured -> 0', 'budget_potential': 'No budget keywords -> 0'}, 'raw_total': 26.0}
2026-04-27 16:09:52,161 | INFO | lead_score | ref=One score=14 tier=cold factors={'company_size': 0.0, 'job_role': 0.0, 'country': 0.0, 'website_availability': 0.0, 'email_availability': 0.0, 'platform_source': 14.0, 'industry_match': 0.0, 'budget_potential': 0.0, 'messages': {'company_size': 'No company size -> 0', 'job_role': 'No job title -> 0', 'country': 'No country / location -> 0', 'website_availability': 'No company website -> 0', 'email_availability': 'No email -> 0', 'platform_source': "Platform 'linkedin' -> +14", 'industry_match': 'No benchmark industry configured -> 0', 'budget_potential': 'No budget keywords -> 0'}, 'raw_total': 14.0}
2026-04-27 16:09:52,167 | INFO | lead_score | ref=Two score=26 tier=cold factors={'company_size': 0.0, 'job_role': 12.0, 'country': 0.0, 'website_availability': 0.0, 'email_availability': 0.0, 'platform_source': 14.0, 'industry_match': 0.0, 'budget_potential': 0.0, 'messages': {'company_size': 'No company size -> 0', 'job_role': 'VP / Director-level title -> +12', 'country': 'No country / location -> 0', 'website_availability': 'No company website -> 0', 'email_availability': 'No email -> 0', 'platform_source': "Platform 'linkedin' -> +14", 'industry_match': 'No benchmark industry configured -> 0', 'budget_potential': 'No budget keywords -> 0'}, 'raw_total': 26.0}
2026-04-27 16:10:30,541 | INFO | lead_score | ref=One score=14 tier=cold factors={'company_size': 0.0, 'job_role': 0.0, 'country': 0.0, 'website_availability': 0.0, 'email_availability': 0.0, 'platform_source': 14.0, 'industry_match': 0.0, 'budget_potential': 0.0, 'messages': {'company_size': 'No company size -> 0', 'job_role': 'No job title -> 0', 'country': 'No country / location -> 0', 'website_availability': 'No company website -> 0', 'email_availability': 'No email -> 0', 'platform_source': "Platform 'linkedin' -> +14", 'industry_match': 'No benchmark industry configured -> 0', 'budget_potential': 'No budget keywords -> 0'}, 'raw_total': 14.0}
2026-04-27 16:10:30,545 | INFO | lead_score | ref=Two score=26 tier=cold factors={'company_size': 0.0, 'job_role': 12.0, 'country': 0.0, 'website_availability': 0.0, 'email_availability': 0.0, 'platform_source': 14.0, 'industry_match': 0.0, 'budget_potential': 0.0, 'messages': {'company_size': 'No company size -> 0', 'job_role': 'VP / Director-level title -> +12', 'country': 'No country / location -> 0', 'website_availability': 'No company website -> 0', 'email_availability': 'No email -> 0', 'platform_source': "Platform 'linkedin' -> +14", 'industry_match': 'No benchmark industry configured -> 0', 'budget_potential': 'No budget keywords -> 0'}, 'raw_total': 26.0}
2026-04-27 16:14:20,600 | INFO | lead_score | ref=One score=14 tier=cold factors={'company_size': 0.0, 'job_role': 0.0, 'country': 0.0, 'website_availability': 0.0, 'email_availability': 0.0, 'platform_source': 14.0, 'industry_match': 0.0, 'budget_potential': 0.0, 'messages': {'company_size': 'No company size -> 0', 'job_role': 'No job title -> 0', 'country': 'No country / location -> 0', 'website_availability': 'No company website -> 0', 'email_availability': 'No email -> 0', 'platform_source': "Platform 'linkedin' -> +14", 'industry_match': 'No benchmark industry configured -> 0', 'budget_potential': 'No budget keywords -> 0'}, 'raw_total': 14.0}
2026-04-27 16:14:20,605 | INFO | lead_score | ref=Two score=26 tier=cold factors={'company_size': 0.0, 'job_role': 12.0, 'country': 0.0, 'website_availability': 0.0, 'email_availability': 0.0, 'platform_source': 14.0, 'industry_match': 0.0, 'budget_potential': 0.0, 'messages': {'company_size': 'No company size -> 0', 'job_role': 'VP / Director-level title -> +12', 'country': 'No country / location -> 0', 'website_availability': 'No company website -> 0', 'email_availability': 'No email -> 0', 'platform_source': "Platform 'linkedin' -> +14", 'industry_match': 'No benchmark industry configured -> 0', 'budget_potential': 'No budget keywords -> 0'}, 'raw_total': 26.0}
2026-04-27 16:29:00,268 | INFO | lead_score | ref=One score=14 tier=cold factors={'company_size': 0.0, 'job_role': 0.0, 'country': 0.0, 'website_availability': 0.0, 'email_availability': 0.0, 'platform_source': 14.0, 'industry_match': 0.0, 'budget_potential': 0.0, 'messages': {'company_size': 'No company size -> 0', 'job_role': 'No job title -> 0', 'country': 'No country / location -> 0', 'website_availability': 'No company website -> 0', 'email_availability': 'No email -> 0', 'platform_source': "Platform 'linkedin' -> +14", 'industry_match': 'No benchmark industry configured -> 0', 'budget_potential': 'No budget keywords -> 0'}, 'raw_total': 14.0}
2026-04-27 16:29:00,273 | INFO | lead_score | ref=Two score=26 tier=cold factors={'company_size': 0.0, 'job_role': 12.0, 'country': 0.0, 'website_availability': 0.0, 'email_availability': 0.0, 'platform_source': 14.0, 'industry_match': 0.0, 'budget_potential': 0.0, 'messages': {'company_size': 'No company size -> 0', 'job_role': 'VP / Director-level title -> +12', 'country': 'No country / location -> 0', 'website_availability': 'No company website -> 0', 'email_availability': 'No email -> 0', 'platform_source': "Platform 'linkedin' -> +14", 'industry_match': 'No benchmark industry configured -> 0', 'budget_potential': 'No budget keywords -> 0'}, 'raw_total': 26.0}
2026-04-27 16:38:59,637 | INFO | lead_score | ref=One score=14 tier=cold factors={'company_size': 0.0, 'job_role': 0.0, 'country': 0.0, 'website_availability': 0.0, 'email_availability': 0.0, 'platform_source': 14.0, 'industry_match': 0.0, 'budget_potential': 0.0, 'messages': {'company_size': 'No company size -> 0', 'job_role': 'No job title -> 0', 'country': 'No country / location -> 0', 'website_availability': 'No company website -> 0', 'email_availability': 'No email -> 0', 'platform_source': "Platform 'linkedin' -> +14", 'industry_match': 'No benchmark industry configured -> 0', 'budget_potential': 'No budget keywords -> 0'}, 'raw_total': 14.0}
2026-04-27 16:38:59,642 | INFO | lead_score | ref=Two score=26 tier=cold factors={'company_size': 0.0, 'job_role': 12.0, 'country': 0.0, 'website_availability': 0.0, 'email_availability': 0.0, 'platform_source': 14.0, 'industry_match': 0.0, 'budget_potential': 0.0, 'messages': {'company_size': 'No company size -> 0', 'job_role': 'VP / Director-level title -> +12', 'country': 'No country / location -> 0', 'website_availability': 'No company website -> 0', 'email_availability': 'No email -> 0', 'platform_source': "Platform 'linkedin' -> +14", 'industry_match': 'No benchmark industry configured -> 0', 'budget_potential': 'No budget keywords -> 0'}, 'raw_total': 26.0}
2026-04-27 16:46:47,080 | INFO | lead_score | ref=One score=14 tier=cold factors={'company_size': 0.0, 'job_role': 0.0, 'country': 0.0, 'website_availability': 0.0, 'email_availability': 0.0, 'platform_source': 14.0, 'industry_match': 0.0, 'budget_potential': 0.0, 'messages': {'company_size': 'No company size -> 0', 'job_role': 'No job title -> 0', 'country': 'No country / location -> 0', 'website_availability': 'No company website -> 0', 'email_availability': 'No email -> 0', 'platform_source': "Platform 'linkedin' -> +14", 'industry_match': 'No benchmark industry configured -> 0', 'budget_potential': 'No budget keywords -> 0'}, 'raw_total': 14.0}
2026-04-27 16:46:47,086 | INFO | lead_score | ref=Two score=26 tier=cold factors={'company_size': 0.0, 'job_role': 12.0, 'country': 0.0, 'website_availability': 0.0, 'email_availability': 0.0, 'platform_source': 14.0, 'industry_match': 0.0, 'budget_potential': 0.0, 'messages': {'company_size': 'No company size -> 0', 'job_role': 'VP / Director-level title -> +12', 'country': 'No country / location -> 0', 'website_availability': 'No company website -> 0', 'email_availability': 'No email -> 0', 'platform_source': "Platform 'linkedin' -> +14", 'industry_match': 'No benchmark industry configured -> 0', 'budget_potential': 'No budget keywords -> 0'}, 'raw_total': 26.0}
2026-04-27 16:59:39,349 | INFO | lead_score | ref=One score=14 tier=cold factors={'company_size': 0.0, 'job_role': 0.0, 'country': 0.0, 'website_availability': 0.0, 'email_availability': 0.0, 'platform_source': 14.0, 'industry_match': 0.0, 'budget_potential': 0.0, 'messages': {'company_size': 'No company size -> 0', 'job_role': 'No job title -> 0', 'country': 'No country / location -> 0', 'website_availability': 'No company website -> 0', 'email_availability': 'No email -> 0', 'platform_source': "Platform 'linkedin' -> +14", 'industry_match': 'No benchmark industry configured -> 0', 'budget_potential': 'No budget keywords -> 0'}, 'raw_total': 14.0}
2026-04-27 16:59:39,354 | INFO | lead_score | ref=Two score=26 tier=cold factors={'company_size': 0.0, 'job_role': 12.0, 'country': 0.0, 'website_availability': 0.0, 'email_availability': 0.0, 'platform_source': 14.0, 'industry_match': 0.0, 'budget_potential': 0.0, 'messages': {'company_size': 'No company size -> 0', 'job_role': 'VP / Director-level title -> +12', 'country': 'No country / location -> 0', 'website_availability': 'No company website -> 0', 'email_availability': 'No email -> 0', 'platform_source': "Platform 'linkedin' -> +14", 'industry_match': 'No benchmark industry configured -> 0', 'budget_potential': 'No budget keywords -> 0'}, 'raw_total': 26.0}
2026-04-27 17:57:43,969 | INFO | lead_score | ref=One score=14 tier=cold factors={'company_size': 0.0, 'job_role': 0.0, 'country': 0.0, 'website_availability': 0.0, 'email_availability': 0.0, 'platform_source': 14.0, 'industry_match': 0.0, 'budget_potential': 0.0, 'messages': {'company_size': 'No company size -> 0', 'job_role': 'No job title -> 0', 'country': 'No country / location -> 0', 'website_availability': 'No company website -> 0', 'email_availability': 'No email -> 0', 'platform_source': "Platform 'linkedin' -> +14", 'industry_match': 'No benchmark industry configured -> 0', 'budget_potential': 'No budget keywords -> 0'}, 'raw_total': 14.0}
2026-04-27 17:57:43,975 | INFO | lead_score | ref=Two score=26 tier=cold factors={'company_size': 0.0, 'job_role': 12.0, 'country': 0.0, 'website_availability': 0.0, 'email_availability': 0.0, 'platform_source': 14.0, 'industry_match': 0.0, 'budget_potential': 0.0, 'messages': {'company_size': 'No company size -> 0', 'job_role': 'VP / Director-level title -> +12', 'country': 'No country / location -> 0', 'website_availability': 'No company website -> 0', 'email_availability': 'No email -> 0', 'platform_source': "Platform 'linkedin' -> +14", 'industry_match': 'No benchmark industry configured -> 0', 'budget_potential': 'No budget keywords -> 0'}, 'raw_total': 26.0}
2026-04-27 18:14:16,236 | INFO | lead_score | ref=One score=14 tier=cold factors={'company_size': 0.0, 'job_role': 0.0, 'country': 0.0, 'website_availability': 0.0, 'email_availability': 0.0, 'platform_source': 14.0, 'industry_match': 0.0, 'budget_potential': 0.0, 'messages': {'company_size': 'No company size -> 0', 'job_role': 'No job title -> 0', 'country': 'No country / location -> 0', 'website_availability': 'No company website -> 0', 'email_availability': 'No email -> 0', 'platform_source': "Platform 'linkedin' -> +14", 'industry_match': 'No benchmark industry configured -> 0', 'budget_potential': 'No budget keywords -> 0'}, 'raw_total': 14.0}
2026-04-27 18:14:16,242 | INFO | lead_score | ref=Two score=26 tier=cold factors={'company_size': 0.0, 'job_role': 12.0, 'country': 0.0, 'website_availability': 0.0, 'email_availability': 0.0, 'platform_source': 14.0, 'industry_match': 0.0, 'budget_potential': 0.0, 'messages': {'company_size': 'No company size -> 0', 'job_role': 'VP / Director-level title -> +12', 'country': 'No country / location -> 0', 'website_availability': 'No company website -> 0', 'email_availability': 'No email -> 0', 'platform_source': "Platform 'linkedin' -> +14", 'industry_match': 'No benchmark industry configured -> 0', 'budget_potential': 'No budget keywords -> 0'}, 'raw_total': 26.0}
2026-04-27 18:15:15,908 | INFO | lead_score | ref=One score=14 tier=cold factors={'company_size': 0.0, 'job_role': 0.0, 'country': 0.0, 'website_availability': 0.0, 'email_availability': 0.0, 'platform_source': 14.0, 'industry_match': 0.0, 'budget_potential': 0.0, 'messages': {'company_size': 'No company size -> 0', 'job_role': 'No job title -> 0', 'country': 'No country / location -> 0', 'website_availability': 'No company website -> 0', 'email_availability': 'No email -> 0', 'platform_source': "Platform 'linkedin' -> +14", 'industry_match': 'No benchmark industry configured -> 0', 'budget_potential': 'No budget keywords -> 0'}, 'raw_total': 14.0}
2026-04-27 18:15:15,913 | INFO | lead_score | ref=Two score=26 tier=cold factors={'company_size': 0.0, 'job_role': 12.0, 'country': 0.0, 'website_availability': 0.0, 'email_availability': 0.0, 'platform_source': 14.0, 'industry_match': 0.0, 'budget_potential': 0.0, 'messages': {'company_size': 'No company size -> 0', 'job_role': 'VP / Director-level title -> +12', 'country': 'No country / location -> 0', 'website_availability': 'No company website -> 0', 'email_availability': 'No email -> 0', 'platform_source': "Platform 'linkedin' -> +14", 'industry_match': 'No benchmark industry configured -> 0', 'budget_potential': 'No budget keywords -> 0'}, 'raw_total': 26.0}
2026-04-27 18:23:59,623 | INFO | lead_score | ref=One score=14 tier=cold factors={'company_size': 0.0, 'job_role': 0.0, 'country': 0.0, 'website_availability': 0.0, 'email_availability': 0.0, 'platform_source': 14.0, 'industry_match': 0.0, 'budget_potential': 0.0, 'messages': {'company_size': 'No company size -> 0', 'job_role': 'No job title -> 0', 'country': 'No country / location -> 0', 'website_availability': 'No company website -> 0', 'email_availability': 'No email -> 0', 'platform_source': "Platform 'linkedin' -> +14", 'industry_match': 'No benchmark industry configured -> 0', 'budget_potential': 'No budget keywords -> 0'}, 'raw_total': 14.0}
2026-04-27 18:23:59,630 | INFO | lead_score | ref=Two score=26 tier=cold factors={'company_size': 0.0, 'job_role': 12.0, 'country': 0.0, 'website_availability': 0.0, 'email_availability': 0.0, 'platform_source': 14.0, 'industry_match': 0.0, 'budget_potential': 0.0, 'messages': {'company_size': 'No company size -> 0', 'job_role': 'VP / Director-level title -> +12', 'country': 'No country / location -> 0', 'website_availability': 'No company website -> 0', 'email_availability': 'No email -> 0', 'platform_source': "Platform 'linkedin' -> +14", 'industry_match': 'No benchmark industry configured -> 0', 'budget_potential': 'No budget keywords -> 0'}, 'raw_total': 26.0}
2026-04-27 18:32:01,785 | INFO | lead_score | ref=One score=14 tier=cold factors={'company_size': 0.0, 'job_role': 0.0, 'country': 0.0, 'website_availability': 0.0, 'email_availability': 0.0, 'platform_source': 14.0, 'industry_match': 0.0, 'budget_potential': 0.0, 'messages': {'company_size': 'No company size -> 0', 'job_role': 'No job title -> 0', 'country': 'No country / location -> 0', 'website_availability': 'No company website -> 0', 'email_availability': 'No email -> 0', 'platform_source': "Platform 'linkedin' -> +14", 'industry_match': 'No benchmark industry configured -> 0', 'budget_potential': 'No budget keywords -> 0'}, 'raw_total': 14.0}
2026-04-27 18:32:01,790 | INFO | lead_score | ref=Two score=26 tier=cold factors={'company_size': 0.0, 'job_role': 12.0, 'country': 0.0, 'website_availability': 0.0, 'email_availability': 0.0, 'platform_source': 14.0, 'industry_match': 0.0, 'budget_potential': 0.0, 'messages': {'company_size': 'No company size -> 0', 'job_role': 'VP / Director-level title -> +12', 'country': 'No country / location -> 0', 'website_availability': 'No company website -> 0', 'email_availability': 'No email -> 0', 'platform_source': "Platform 'linkedin' -> +14", 'industry_match': 'No benchmark industry configured -> 0', 'budget_potential': 'No budget keywords -> 0'}, 'raw_total': 26.0}
2026-04-27 18:41:14,095 | INFO | lead_score | ref=One score=14 tier=cold factors={'company_size': 0.0, 'job_role': 0.0, 'country': 0.0, 'website_availability': 0.0, 'email_availability': 0.0, 'platform_source': 14.0, 'industry_match': 0.0, 'budget_potential': 0.0, 'messages': {'company_size': 'No company size -> 0', 'job_role': 'No job title -> 0', 'country': 'No country / location -> 0', 'website_availability': 'No company website -> 0', 'email_availability': 'No email -> 0', 'platform_source': "Platform 'linkedin' -> +14", 'industry_match': 'No benchmark industry configured -> 0', 'budget_potential': 'No budget keywords -> 0'}, 'raw_total': 14.0}
2026-04-27 18:41:14,099 | INFO | lead_score | ref=Two score=26 tier=cold factors={'company_size': 0.0, 'job_role': 12.0, 'country': 0.0, 'website_availability': 0.0, 'email_availability': 0.0, 'platform_source': 14.0, 'industry_match': 0.0, 'budget_potential': 0.0, 'messages': {'company_size': 'No company size -> 0', 'job_role': 'VP / Director-level title -> +12', 'country': 'No country / location -> 0', 'website_availability': 'No company website -> 0', 'email_availability': 'No email -> 0', 'platform_source': "Platform 'linkedin' -> +14", 'industry_match': 'No benchmark industry configured -> 0', 'budget_potential': 'No budget keywords -> 0'}, 'raw_total': 26.0}
2026-04-27 18:53:04,281 | INFO | lead_score | ref=One score=14 tier=cold factors={'company_size': 0.0, 'job_role': 0.0, 'country': 0.0, 'website_availability': 0.0, 'email_availability': 0.0, 'platform_source': 14.0, 'industry_match': 0.0, 'budget_potential': 0.0, 'messages': {'company_size': 'No company size -> 0', 'job_role': 'No job title -> 0', 'country': 'No country / location -> 0', 'website_availability': 'No company website -> 0', 'email_availability': 'No email -> 0', 'platform_source': "Platform 'linkedin' -> +14", 'industry_match': 'No benchmark industry configured -> 0', 'budget_potential': 'No budget keywords -> 0'}, 'raw_total': 14.0}
2026-04-27 18:53:04,286 | INFO | lead_score | ref=Two score=26 tier=cold factors={'company_size': 0.0, 'job_role': 12.0, 'country': 0.0, 'website_availability': 0.0, 'email_availability': 0.0, 'platform_source': 14.0, 'industry_match': 0.0, 'budget_potential': 0.0, 'messages': {'company_size': 'No company size -> 0', 'job_role': 'VP / Director-level title -> +12', 'country': 'No country / location -> 0', 'website_availability': 'No company website -> 0', 'email_availability': 'No email -> 0', 'platform_source': "Platform 'linkedin' -> +14", 'industry_match': 'No benchmark industry configured -> 0', 'budget_potential': 'No budget keywords -> 0'}, 'raw_total': 26.0}
2026-04-27 18:53:28,156 | INFO | lead_score | ref=One score=14 tier=cold factors={'company_size': 0.0, 'job_role': 0.0, 'country': 0.0, 'website_availability': 0.0, 'email_availability': 0.0, 'platform_source': 14.0, 'industry_match': 0.0, 'budget_potential': 0.0, 'messages': {'company_size': 'No company size -> 0', 'job_role': 'No job title -> 0', 'country': 'No country / location -> 0', 'website_availability': 'No company website -> 0', 'email_availability': 'No email -> 0', 'platform_source': "Platform 'linkedin' -> +14", 'industry_match': 'No benchmark industry configured -> 0', 'budget_potential': 'No budget keywords -> 0'}, 'raw_total': 14.0}
2026-04-27 18:53:28,162 | INFO | lead_score | ref=Two score=26 tier=cold factors={'company_size': 0.0, 'job_role': 12.0, 'country': 0.0, 'website_availability': 0.0, 'email_availability': 0.0, 'platform_source': 14.0, 'industry_match': 0.0, 'budget_potential': 0.0, 'messages': {'company_size': 'No company size -> 0', 'job_role': 'VP / Director-level title -> +12', 'country': 'No country / location -> 0', 'website_availability': 'No company website -> 0', 'email_availability': 'No email -> 0', 'platform_source': "Platform 'linkedin' -> +14", 'industry_match': 'No benchmark industry configured -> 0', 'budget_potential': 'No budget keywords -> 0'}, 'raw_total': 26.0}
2026-04-27 19:01:57,766 | INFO | lead_score | ref=One score=14 tier=cold factors={'company_size': 0.0, 'job_role': 0.0, 'country': 0.0, 'website_availability': 0.0, 'email_availability': 0.0, 'platform_source': 14.0, 'industry_match': 0.0, 'budget_potential': 0.0, 'messages': {'company_size': 'No company size -> 0', 'job_role': 'No job title -> 0', 'country': 'No country / location -> 0', 'website_availability': 'No company website -> 0', 'email_availability': 'No email -> 0', 'platform_source': "Platform 'linkedin' -> +14", 'industry_match': 'No benchmark industry configured -> 0', 'budget_potential': 'No budget keywords -> 0'}, 'raw_total': 14.0}
2026-04-27 19:01:57,771 | INFO | lead_score | ref=Two score=26 tier=cold factors={'company_size': 0.0, 'job_role': 12.0, 'country': 0.0, 'website_availability': 0.0, 'email_availability': 0.0, 'platform_source': 14.0, 'industry_match': 0.0, 'budget_potential': 0.0, 'messages': {'company_size': 'No company size -> 0', 'job_role': 'VP / Director-level title -> +12', 'country': 'No country / location -> 0', 'website_availability': 'No company website -> 0', 'email_availability': 'No email -> 0', 'platform_source': "Platform 'linkedin' -> +14", 'industry_match': 'No benchmark industry configured -> 0', 'budget_potential': 'No budget keywords -> 0'}, 'raw_total': 26.0}
2026-04-28 12:57:30,050 | INFO | lead_score | ref=One score=14 tier=cold factors={'company_size': 0.0, 'job_role': 0.0, 'country': 0.0, 'website_availability': 0.0, 'email_availability': 0.0, 'platform_source': 14.0, 'industry_match': 0.0, 'budget_potential': 0.0, 'messages': {'company_size': 'No company size -> 0', 'job_role': 'No job title -> 0', 'country': 'No country / location -> 0', 'website_availability': 'No company website -> 0', 'email_availability': 'No email -> 0', 'platform_source': "Platform 'linkedin' -> +14", 'industry_match': 'No benchmark industry configured -> 0', 'budget_potential': 'No budget keywords -> 0'}, 'raw_total': 14.0}
2026-04-28 12:57:30,055 | INFO | lead_score | ref=Two score=26 tier=cold factors={'company_size': 0.0, 'job_role': 12.0, 'country': 0.0, 'website_availability': 0.0, 'email_availability': 0.0, 'platform_source': 14.0, 'industry_match': 0.0, 'budget_potential': 0.0, 'messages': {'company_size': 'No company size -> 0', 'job_role': 'VP / Director-level title -> +12', 'country': 'No country / location -> 0', 'website_availability': 'No company website -> 0', 'email_availability': 'No email -> 0', 'platform_source': "Platform 'linkedin' -> +14", 'industry_match': 'No benchmark industry configured -> 0', 'budget_potential': 'No budget keywords -> 0'}, 'raw_total': 26.0}
2026-04-28 13:01:31,692 | INFO | lead_score | ref=One score=14 tier=cold factors={'company_size': 0.0, 'job_role': 0.0, 'country': 0.0, 'website_availability': 0.0, 'email_availability': 0.0, 'platform_source': 14.0, 'industry_match': 0.0, 'budget_potential': 0.0, 'messages': {'company_size': 'No company size -> 0', 'job_role': 'No job title -> 0', 'country': 'No country / location -> 0', 'website_availability': 'No company website -> 0', 'email_availability': 'No email -> 0', 'platform_source': "Platform 'linkedin' -> +14", 'industry_match': 'No benchmark industry configured -> 0', 'budget_potential': 'No budget keywords -> 0'}, 'raw_total': 14.0}
2026-04-28 13:01:31,706 | INFO | lead_score | ref=Two score=26 tier=cold factors={'company_size': 0.0, 'job_role': 12.0, 'country': 0.0, 'website_availability': 0.0, 'email_availability': 0.0, 'platform_source': 14.0, 'industry_match': 0.0, 'budget_potential': 0.0, 'messages': {'company_size': 'No company size -> 0', 'job_role': 'VP / Director-level title -> +12', 'country': 'No country / location -> 0', 'website_availability': 'No company website -> 0', 'email_availability': 'No email -> 0', 'platform_source': "Platform 'linkedin' -> +14", 'industry_match': 'No benchmark industry configured -> 0', 'budget_potential': 'No budget keywords -> 0'}, 'raw_total': 26.0}
2026-04-28 13:02:03,798 | INFO | lead_score | ref=One score=14 tier=cold factors={'company_size': 0.0, 'job_role': 0.0, 'country': 0.0, 'website_availability': 0.0, 'email_availability': 0.0, 'platform_source': 14.0, 'industry_match': 0.0, 'budget_potential': 0.0, 'messages': {'company_size': 'No company size -> 0', 'job_role': 'No job title -> 0', 'country': 'No country / location -> 0', 'website_availability': 'No company website -> 0', 'email_availability': 'No email -> 0', 'platform_source': "Platform 'linkedin' -> +14", 'industry_match': 'No benchmark industry configured -> 0', 'budget_potential': 'No budget keywords -> 0'}, 'raw_total': 14.0}
2026-04-28 13:02:03,803 | INFO | lead_score | ref=Two score=26 tier=cold factors={'company_size': 0.0, 'job_role': 12.0, 'country': 0.0, 'website_availability': 0.0, 'email_availability': 0.0, 'platform_source': 14.0, 'industry_match': 0.0, 'budget_potential': 0.0, 'messages': {'company_size': 'No company size -> 0', 'job_role': 'VP / Director-level title -> +12', 'country': 'No country / location -> 0', 'website_availability': 'No company website -> 0', 'email_availability': 'No email -> 0', 'platform_source': "Platform 'linkedin' -> +14", 'industry_match': 'No benchmark industry configured -> 0', 'budget_potential': 'No budget keywords -> 0'}, 'raw_total': 26.0}
2026-04-28 13:11:43,003 | INFO | lead_score | ref=One score=14 tier=cold factors={'company_size': 0.0, 'job_role': 0.0, 'country': 0.0, 'website_availability': 0.0, 'email_availability': 0.0, 'platform_source': 14.0, 'industry_match': 0.0, 'budget_potential': 0.0, 'messages': {'company_size': 'No company size -> 0', 'job_role': 'No job title -> 0', 'country': 'No country / location -> 0', 'website_availability': 'No company website -> 0', 'email_availability': 'No email -> 0', 'platform_source': "Platform 'linkedin' -> +14", 'industry_match': 'No benchmark industry configured -> 0', 'budget_potential': 'No budget keywords -> 0'}, 'raw_total': 14.0}
2026-04-28 13:11:43,009 | INFO | lead_score | ref=Two score=26 tier=cold factors={'company_size': 0.0, 'job_role': 12.0, 'country': 0.0, 'website_availability': 0.0, 'email_availability': 0.0, 'platform_source': 14.0, 'industry_match': 0.0, 'budget_potential': 0.0, 'messages': {'company_size': 'No company size -> 0', 'job_role': 'VP / Director-level title -> +12', 'country': 'No country / location -> 0', 'website_availability': 'No company website -> 0', 'email_availability': 'No email -> 0', 'platform_source': "Platform 'linkedin' -> +14", 'industry_match': 'No benchmark industry configured -> 0', 'budget_potential': 'No budget keywords -> 0'}, 'raw_total': 26.0}
2026-04-28 13:15:37,754 | INFO | lead_score | ref=One score=14 tier=cold factors={'company_size': 0.0, 'job_role': 0.0, 'country': 0.0, 'website_availability': 0.0, 'email_availability': 0.0, 'platform_source': 14.0, 'industry_match': 0.0, 'budget_potential': 0.0, 'messages': {'company_size': 'No company size -> 0', 'job_role': 'No job title -> 0', 'country': 'No country / location -> 0', 'website_availability': 'No company website -> 0', 'email_availability': 'No email -> 0', 'platform_source': "Platform 'linkedin' -> +14", 'industry_match': 'No benchmark industry configured -> 0', 'budget_potential': 'No budget keywords -> 0'}, 'raw_total': 14.0}
2026-04-28 13:15:37,758 | INFO | lead_score | ref=Two score=26 tier=cold factors={'company_size': 0.0, 'job_role': 12.0, 'country': 0.0, 'website_availability': 0.0, 'email_availability': 0.0, 'platform_source': 14.0, 'industry_match': 0.0, 'budget_potential': 0.0, 'messages': {'company_size': 'No company size -> 0', 'job_role': 'VP / Director-level title -> +12', 'country': 'No country / location -> 0', 'website_availability': 'No company website -> 0', 'email_availability': 'No email -> 0', 'platform_source': "Platform 'linkedin' -> +14", 'industry_match': 'No benchmark industry configured -> 0', 'budget_potential': 'No budget keywords -> 0'}, 'raw_total': 26.0}
2026-04-28 13:15:57,461 | INFO | lead_score | ref=One score=14 tier=cold factors={'company_size': 0.0, 'job_role': 0.0, 'country': 0.0, 'website_availability': 0.0, 'email_availability': 0.0, 'platform_source': 14.0, 'industry_match': 0.0, 'budget_potential': 0.0, 'messages': {'company_size': 'No company size -> 0', 'job_role': 'No job title -> 0', 'country': 'No country / location -> 0', 'website_availability': 'No company website -> 0', 'email_availability': 'No email -> 0', 'platform_source': "Platform 'linkedin' -> +14", 'industry_match': 'No benchmark industry configured -> 0', 'budget_potential': 'No budget keywords -> 0'}, 'raw_total': 14.0}
2026-04-28 13:15:57,468 | INFO | lead_score | ref=Two score=26 tier=cold factors={'company_size': 0.0, 'job_role': 12.0, 'country': 0.0, 'website_availability': 0.0, 'email_availability': 0.0, 'platform_source': 14.0, 'industry_match': 0.0, 'budget_potential': 0.0, 'messages': {'company_size': 'No company size -> 0', 'job_role': 'VP / Director-level title -> +12', 'country': 'No country / location -> 0', 'website_availability': 'No company website -> 0', 'email_availability': 'No email -> 0', 'platform_source': "Platform 'linkedin' -> +14", 'industry_match': 'No benchmark industry configured -> 0', 'budget_potential': 'No budget keywords -> 0'}, 'raw_total': 26.0}
2026-04-28 13:20:55,659 | INFO | lead_score | ref=One score=14 tier=cold factors={'company_size': 0.0, 'job_role': 0.0, 'country': 0.0, 'website_availability': 0.0, 'email_availability': 0.0, 'platform_source': 14.0, 'industry_match': 0.0, 'budget_potential': 0.0, 'messages': {'company_size': 'No company size -> 0', 'job_role': 'No job title -> 0', 'country': 'No country / location -> 0', 'website_availability': 'No company website -> 0', 'email_availability': 'No email -> 0', 'platform_source': "Platform 'linkedin' -> +14", 'industry_match': 'No benchmark industry configured -> 0', 'budget_potential': 'No budget keywords -> 0'}, 'raw_total': 14.0}
2026-04-28 13:20:55,666 | INFO | lead_score | ref=Two score=26 tier=cold factors={'company_size': 0.0, 'job_role': 12.0, 'country': 0.0, 'website_availability': 0.0, 'email_availability': 0.0, 'platform_source': 14.0, 'industry_match': 0.0, 'budget_potential': 0.0, 'messages': {'company_size': 'No company size -> 0', 'job_role': 'VP / Director-level title -> +12', 'country': 'No country / location -> 0', 'website_availability': 'No company website -> 0', 'email_availability': 'No email -> 0', 'platform_source': "Platform 'linkedin' -> +14", 'industry_match': 'No benchmark industry configured -> 0', 'budget_potential': 'No budget keywords -> 0'}, 'raw_total': 26.0}
2026-04-28 13:26:36,367 | INFO | lead_score | ref=One score=14 tier=cold factors={'company_size': 0.0, 'job_role': 0.0, 'country': 0.0, 'website_availability': 0.0, 'email_availability': 0.0, 'platform_source': 14.0, 'industry_match': 0.0, 'budget_potential': 0.0, 'messages': {'company_size': 'No company size -> 0', 'job_role': 'No job title -> 0', 'country': 'No country / location -> 0', 'website_availability': 'No company website -> 0', 'email_availability': 'No email -> 0', 'platform_source': "Platform 'linkedin' -> +14", 'industry_match': 'No benchmark industry configured -> 0', 'budget_potential': 'No budget keywords -> 0'}, 'raw_total': 14.0}
2026-04-28 13:26:36,372 | INFO | lead_score | ref=Two score=26 tier=cold factors={'company_size': 0.0, 'job_role': 12.0, 'country': 0.0, 'website_availability': 0.0, 'email_availability': 0.0, 'platform_source': 14.0, 'industry_match': 0.0, 'budget_potential': 0.0, 'messages': {'company_size': 'No company size -> 0', 'job_role': 'VP / Director-level title -> +12', 'country': 'No country / location -> 0', 'website_availability': 'No company website -> 0', 'email_availability': 'No email -> 0', 'platform_source': "Platform 'linkedin' -> +14", 'industry_match': 'No benchmark industry configured -> 0', 'budget_potential': 'No budget keywords -> 0'}, 'raw_total': 26.0}
2026-04-28 13:39:01,318 | INFO | lead_score | ref=One score=14 tier=cold factors={'company_size': 0.0, 'job_role': 0.0, 'country': 0.0, 'website_availability': 0.0, 'email_availability': 0.0, 'platform_source': 14.0, 'industry_match': 0.0, 'budget_potential': 0.0, 'messages': {'company_size': 'No company size -> 0', 'job_role': 'No job title -> 0', 'country': 'No country / location -> 0', 'website_availability': 'No company website -> 0', 'email_availability': 'No email -> 0', 'platform_source': "Platform 'linkedin' -> +14", 'industry_match': 'No benchmark industry configured -> 0', 'budget_potential': 'No budget keywords -> 0'}, 'raw_total': 14.0}
2026-04-28 13:39:01,323 | INFO | lead_score | ref=Two score=26 tier=cold factors={'company_size': 0.0, 'job_role': 12.0, 'country': 0.0, 'website_availability': 0.0, 'email_availability': 0.0, 'platform_source': 14.0, 'industry_match': 0.0, 'budget_potential': 0.0, 'messages': {'company_size': 'No company size -> 0', 'job_role': 'VP / Director-level title -> +12', 'country': 'No country / location -> 0', 'website_availability': 'No company website -> 0', 'email_availability': 'No email -> 0', 'platform_source': "Platform 'linkedin' -> +14", 'industry_match': 'No benchmark industry configured -> 0', 'budget_potential': 'No budget keywords -> 0'}, 'raw_total': 26.0}
2026-04-28 13:39:01,564 | INFO | lead_score | ref=Jane Doe score=64 tier=warm factors={'company_size': 6.0, 'job_role': 12.0, 'country': 10.0, 'website_availability': 10.0, 'email_availability': 12.0, 'platform_source': 14.0, 'industry_match': 0.0, 'budget_potential': 0.0, 'messages': {'company_size': 'SMB size -> +6', 'job_role': 'VP / Director-level title -> +12', 'country': 'Tier-1 geography signal (us) -> +10', 'website_availability': 'Website URL present -> +10', 'email_availability': 'Corporate-looking email -> +12', 'platform_source': "Platform 'linkedin' -> +14", 'industry_match': 'No benchmark industry configured -> 0', 'budget_potential': 'No budget keywords -> 0'}, 'raw_total': 64.0}
2026-04-28 13:39:01,564 | INFO | lead_score | ref=Jane Doe score=88 tier=hot factors={'company_size': 6.0, 'job_role': 12.0, 'country': 10.0, 'website_availability': 10.0, 'email_availability': 12.0, 'platform_source': 14.0, 'industry_match': 0.0, 'budget_potential': 0.0, 'messages': {'company_size': 'SMB size -> +6', 'job_role': 'VP / Director-level title -> +12', 'country': 'Tier-1 geography signal (us) -> +10', 'website_availability': 'Website URL present -> +10', 'email_availability': 'Corporate-looking email -> +12', 'platform_source': "Platform 'linkedin' -> +14", 'industry_match': 'No benchmark industry configured -> 0', 'budget_potential': 'No budget keywords -> 0', 'signal_extension': 'Signals +24 (hiring=True, scaling=True, content_gap=True, ads_gap=True)'}, 'raw_total': 64.0}
2026-04-28 13:51:11,055 | INFO | lead_score | ref=Aman Verma score=34 tier=cold factors={'company_size': 0.0, 'job_role': 15.0, 'country': 0.0, 'website_availability': 5.0, 'email_availability': 0.0, 'platform_source': 14.0, 'industry_match': 0.0, 'budget_potential': 0.0, 'messages': {'company_size': 'No company size -> 0', 'job_role': 'Executive / founder role -> +15', 'country': 'No country / location -> 0', 'website_availability': 'Website hint present -> +5', 'email_availability': 'No email -> 0', 'platform_source': "Platform 'linkedin' -> +14", 'industry_match': 'No benchmark industry configured -> 0', 'budget_potential': 'No budget keywords -> 0'}, 'raw_total': 34.0}
2026-04-28 13:51:28,021 | INFO | lead_score | ref=One score=14 tier=cold factors={'company_size': 0.0, 'job_role': 0.0, 'country': 0.0, 'website_availability': 0.0, 'email_availability': 0.0, 'platform_source': 14.0, 'industry_match': 0.0, 'budget_potential': 0.0, 'messages': {'company_size': 'No company size -> 0', 'job_role': 'No job title -> 0', 'country': 'No country / location -> 0', 'website_availability': 'No company website -> 0', 'email_availability': 'No email -> 0', 'platform_source': "Platform 'linkedin' -> +14", 'industry_match': 'No benchmark industry configured -> 0', 'budget_potential': 'No budget keywords -> 0'}, 'raw_total': 14.0}
2026-04-28 13:51:28,025 | INFO | lead_score | ref=Two score=26 tier=cold factors={'company_size': 0.0, 'job_role': 12.0, 'country': 0.0, 'website_availability': 0.0, 'email_availability': 0.0, 'platform_source': 14.0, 'industry_match': 0.0, 'budget_potential': 0.0, 'messages': {'company_size': 'No company size -> 0', 'job_role': 'VP / Director-level title -> +12', 'country': 'No country / location -> 0', 'website_availability': 'No company website -> 0', 'email_availability': 'No email -> 0', 'platform_source': "Platform 'linkedin' -> +14", 'industry_match': 'No benchmark industry configured -> 0', 'budget_potential': 'No budget keywords -> 0'}, 'raw_total': 26.0}
2026-04-28 13:51:28,726 | INFO | lead_score | ref=Jane Doe score=64 tier=warm factors={'company_size': 6.0, 'job_role': 12.0, 'country': 10.0, 'website_availability': 10.0, 'email_availability': 12.0, 'platform_source': 14.0, 'industry_match': 0.0, 'budget_potential': 0.0, 'messages': {'company_size': 'SMB size -> +6', 'job_role': 'VP / Director-level title -> +12', 'country': 'Tier-1 geography signal (us) -> +10', 'website_availability': 'Website URL present -> +10', 'email_availability': 'Corporate-looking email -> +12', 'platform_source': "Platform 'linkedin' -> +14", 'industry_match': 'No benchmark industry configured -> 0', 'budget_potential': 'No budget keywords -> 0'}, 'raw_total': 64.0}
2026-04-28 13:51:28,726 | INFO | lead_score | ref=Jane Doe score=88 tier=hot factors={'company_size': 6.0, 'job_role': 12.0, 'country': 10.0, 'website_availability': 10.0, 'email_availability': 12.0, 'platform_source': 14.0, 'industry_match': 0.0, 'budget_potential': 0.0, 'messages': {'company_size': 'SMB size -> +6', 'job_role': 'VP / Director-level title -> +12', 'country': 'Tier-1 geography signal (us) -> +10', 'website_availability': 'Website URL present -> +10', 'email_availability': 'Corporate-looking email -> +12', 'platform_source': "Platform 'linkedin' -> +14", 'industry_match': 'No benchmark industry configured -> 0', 'budget_potential': 'No budget keywords -> 0', 'signal_extension': 'Signals +24 (hiring=True, scaling=True, content_gap=True, ads_gap=True)'}, 'raw_total': 64.0}
2026-04-28 13:52:23,742 | INFO | lead_score | ref=Aman Verma score=34 tier=cold factors={'company_size': 0.0, 'job_role': 15.0, 'country': 0.0, 'website_availability': 5.0, 'email_availability': 0.0, 'platform_source': 14.0, 'industry_match': 0.0, 'budget_potential': 0.0, 'messages': {'company_size': 'No company size -> 0', 'job_role': 'Executive / founder role -> +15', 'country': 'No country / location -> 0', 'website_availability': 'Website hint present -> +5', 'email_availability': 'No email -> 0', 'platform_source': "Platform 'linkedin' -> +14", 'industry_match': 'No benchmark industry configured -> 0', 'budget_potential': 'No budget keywords -> 0'}, 'raw_total': 34.0}
2026-04-28 13:52:40,749 | INFO | lead_score | ref=One score=14 tier=cold factors={'company_size': 0.0, 'job_role': 0.0, 'country': 0.0, 'website_availability': 0.0, 'email_availability': 0.0, 'platform_source': 14.0, 'industry_match': 0.0, 'budget_potential': 0.0, 'messages': {'company_size': 'No company size -> 0', 'job_role': 'No job title -> 0', 'country': 'No country / location -> 0', 'website_availability': 'No company website -> 0', 'email_availability': 'No email -> 0', 'platform_source': "Platform 'linkedin' -> +14", 'industry_match': 'No benchmark industry configured -> 0', 'budget_potential': 'No budget keywords -> 0'}, 'raw_total': 14.0}
2026-04-28 13:52:40,759 | INFO | lead_score | ref=Two score=26 tier=cold factors={'company_size': 0.0, 'job_role': 12.0, 'country': 0.0, 'website_availability': 0.0, 'email_availability': 0.0, 'platform_source': 14.0, 'industry_match': 0.0, 'budget_potential': 0.0, 'messages': {'company_size': 'No company size -> 0', 'job_role': 'VP / Director-level title -> +12', 'country': 'No country / location -> 0', 'website_availability': 'No company website -> 0', 'email_availability': 'No email -> 0', 'platform_source': "Platform 'linkedin' -> +14", 'industry_match': 'No benchmark industry configured -> 0', 'budget_potential': 'No budget keywords -> 0'}, 'raw_total': 26.0}
2026-04-28 13:52:41,225 | INFO | lead_score | ref=Jane Doe score=64 tier=warm factors={'company_size': 6.0, 'job_role': 12.0, 'country': 10.0, 'website_availability': 10.0, 'email_availability': 12.0, 'platform_source': 14.0, 'industry_match': 0.0, 'budget_potential': 0.0, 'messages': {'company_size': 'SMB size -> +6', 'job_role': 'VP / Director-level title -> +12', 'country': 'Tier-1 geography signal (us) -> +10', 'website_availability': 'Website URL present -> +10', 'email_availability': 'Corporate-looking email -> +12', 'platform_source': "Platform 'linkedin' -> +14", 'industry_match': 'No benchmark industry configured -> 0', 'budget_potential': 'No budget keywords -> 0'}, 'raw_total': 64.0}
2026-04-28 13:52:41,226 | INFO | lead_score | ref=Jane Doe score=88 tier=hot factors={'company_size': 6.0, 'job_role': 12.0, 'country': 10.0, 'website_availability': 10.0, 'email_availability': 12.0, 'platform_source': 14.0, 'industry_match': 0.0, 'budget_potential': 0.0, 'messages': {'company_size': 'SMB size -> +6', 'job_role': 'VP / Director-level title -> +12', 'country': 'Tier-1 geography signal (us) -> +10', 'website_availability': 'Website URL present -> +10', 'email_availability': 'Corporate-looking email -> +12', 'platform_source': "Platform 'linkedin' -> +14", 'industry_match': 'No benchmark industry configured -> 0', 'budget_potential': 'No budget keywords -> 0', 'signal_extension': 'Signals +24 (hiring=True, scaling=True, content_gap=True, ads_gap=True)'}, 'raw_total': 64.0}
2026-04-28 13:58:06,352 | INFO | lead_score | ref=Aman Verma score=34 tier=cold factors={'company_size': 0.0, 'job_role': 15.0, 'country': 0.0, 'website_availability': 5.0, 'email_availability': 0.0, 'platform_source': 14.0, 'industry_match': 0.0, 'budget_potential': 0.0, 'messages': {'company_size': 'No company size -> 0', 'job_role': 'Executive / founder role -> +15', 'country': 'No country / location -> 0', 'website_availability': 'Website hint present -> +5', 'email_availability': 'No email -> 0', 'platform_source': "Platform 'linkedin' -> +14", 'industry_match': 'No benchmark industry configured -> 0', 'budget_potential': 'No budget keywords -> 0'}, 'raw_total': 34.0}
2026-04-28 13:58:06,862 | INFO | weekly_engine start day=mon keyword=software location=
2026-04-28 13:58:06,863 | INFO | weekly_engine mon-fri done: saved={'created': 0, 'updated': 0, 'skipped': 0} enrich={'selected': 0, 'ok': 0, 'failed': 0, 'skipped': 0}
2026-04-28 13:58:22,985 | INFO | weekly_engine start day=mon keyword=acme location=
2026-04-28 13:58:22,997 | INFO | weekly_engine mon-fri done: saved={'created': 1, 'updated': 4, 'skipped': 0} enrich={'selected': 1, 'ok': 1, 'failed': 0, 'skipped': 0}
2026-04-28 13:58:23,012 | INFO | weekly_engine start day=sat keyword=software location=
2026-04-28 13:58:23,014 | INFO | weekly_engine saturday prepared candidates=1
2026-04-28 13:58:23,018 | INFO | weekly_engine start day=sun keyword=software location=
2026-04-28 13:58:23,023 | INFO | weekly_engine sunday cleanup/report: {'companies_total': 3, 'enriched_total': 1, 'high_priority_companies': 1, 'trimmed_content_rows': 0}
2026-04-28 13:58:23,052 | INFO | lead_score | ref=One score=14 tier=cold factors={'company_size': 0.0, 'job_role': 0.0, 'country': 0.0, 'website_availability': 0.0, 'email_availability': 0.0, 'platform_source': 14.0, 'industry_match': 0.0, 'budget_potential': 0.0, 'messages': {'company_size': 'No company size -> 0', 'job_role': 'No job title -> 0', 'country': 'No country / location -> 0', 'website_availability': 'No company website -> 0', 'email_availability': 'No email -> 0', 'platform_source': "Platform 'linkedin' -> +14", 'industry_match': 'No benchmark industry configured -> 0', 'budget_potential': 'No budget keywords -> 0'}, 'raw_total': 14.0}
2026-04-28 13:58:23,054 | INFO | lead_score | ref=Two score=26 tier=cold factors={'company_size': 0.0, 'job_role': 12.0, 'country': 0.0, 'website_availability': 0.0, 'email_availability': 0.0, 'platform_source': 14.0, 'industry_match': 0.0, 'budget_potential': 0.0, 'messages': {'company_size': 'No company size -> 0', 'job_role': 'VP / Director-level title -> +12', 'country': 'No country / location -> 0', 'website_availability': 'No company website -> 0', 'email_availability': 'No email -> 0', 'platform_source': "Platform 'linkedin' -> +14", 'industry_match': 'No benchmark industry configured -> 0', 'budget_potential': 'No budget keywords -> 0'}, 'raw_total': 26.0}
2026-04-28 13:58:23,363 | INFO | lead_score | ref=Jane Doe score=64 tier=warm factors={'company_size': 6.0, 'job_role': 12.0, 'country': 10.0, 'website_availability': 10.0, 'email_availability': 12.0, 'platform_source': 14.0, 'industry_match': 0.0, 'budget_potential': 0.0, 'messages': {'company_size': 'SMB size -> +6', 'job_role': 'VP / Director-level title -> +12', 'country': 'Tier-1 geography signal (us) -> +10', 'website_availability': 'Website URL present -> +10', 'email_availability': 'Corporate-looking email -> +12', 'platform_source': "Platform 'linkedin' -> +14", 'industry_match': 'No benchmark industry configured -> 0', 'budget_potential': 'No budget keywords -> 0'}, 'raw_total': 64.0}
2026-04-28 13:58:23,364 | INFO | lead_score | ref=Jane Doe score=88 tier=hot factors={'company_size': 6.0, 'job_role': 12.0, 'country': 10.0, 'website_availability': 10.0, 'email_availability': 12.0, 'platform_source': 14.0, 'industry_match': 0.0, 'budget_potential': 0.0, 'messages': {'company_size': 'SMB size -> +6', 'job_role': 'VP / Director-level title -> +12', 'country': 'Tier-1 geography signal (us) -> +10', 'website_availability': 'Website URL present -> +10', 'email_availability': 'Corporate-looking email -> +12', 'platform_source': "Platform 'linkedin' -> +14", 'industry_match': 'No benchmark industry configured -> 0', 'budget_potential': 'No budget keywords -> 0', 'signal_extension': 'Signals +24 (hiring=True, scaling=True, content_gap=True, ads_gap=True)'}, 'raw_total': 64.0}
2026-04-28 14:03:52,872 | INFO | lead_score | ref=Aman Verma score=43 tier=cold factors={'company_size': 0.0, 'job_role': 15.0, 'country': 0.0, 'website_availability': 5.0, 'email_availability': 0.0, 'platform_source': 14.0, 'industry_match': 0.0, 'budget_potential': 0.0, 'messages': {'company_size': 'No company size -> 0', 'job_role': 'Executive / founder role -> +15', 'country': 'No country / location -> 0', 'website_availability': 'Website hint present -> +5', 'email_availability': 'No email -> 0', 'platform_source': "Platform 'linkedin' -> +14", 'industry_match': 'No benchmark industry configured -> 0', 'budget_potential': 'No budget keywords -> 0'}, 'raw_total': 34.0}
2026-04-28 14:03:53,419 | INFO | weekly_engine start day=mon keyword=software location=
2026-04-28 14:03:53,419 | INFO | weekly_engine mon-fri done: saved={'created': 0, 'updated': 0, 'skipped': 0} enrich={'selected': 0, 'ok': 0, 'failed': 0, 'skipped': 0}
2026-04-28 14:04:15,544 | INFO | weekly_engine start day=mon keyword=acme location=
2026-04-28 14:04:15,553 | INFO | weekly_engine mon-fri done: saved={'created': 1, 'updated': 4, 'skipped': 0} enrich={'selected': 1, 'ok': 1, 'failed': 0, 'skipped': 0}
2026-04-28 14:04:15,562 | INFO | weekly_engine start day=sat keyword=software location=
2026-04-28 14:04:15,563 | INFO | weekly_engine saturday prepared candidates=1
2026-04-28 14:04:15,567 | INFO | weekly_engine start day=sun keyword=software location=
2026-04-28 14:04:15,570 | INFO | weekly_engine sunday cleanup/report: {'companies_total': 3, 'enriched_total': 1, 'high_priority_companies': 0, 'trimmed_content_rows': 0}
2026-04-28 14:04:15,593 | INFO | lead_score | ref=One score=1 tier=cold factors={'company_size': 0.0, 'job_role': 0.0, 'country': 0.0, 'website_availability': 0.0, 'email_availability': 0.0, 'platform_source': 14.0, 'industry_match': 0.0, 'budget_potential': 0.0, 'messages': {'company_size': 'No company size -> 0', 'job_role': 'No job title -> 0', 'country': 'No country / location -> 0', 'website_availability': 'No company website -> 0', 'email_availability': 'No email -> 0', 'platform_source': "Platform 'linkedin' -> +14", 'industry_match': 'No benchmark industry configured -> 0', 'budget_potential': 'No budget keywords -> 0'}, 'raw_total': 14.0}
2026-04-28 14:04:15,595 | INFO | lead_score | ref=Two score=31 tier=cold factors={'company_size': 0.0, 'job_role': 12.0, 'country': 0.0, 'website_availability': 0.0, 'email_availability': 0.0, 'platform_source': 14.0, 'industry_match': 0.0, 'budget_potential': 0.0, 'messages': {'company_size': 'No company size -> 0', 'job_role': 'VP / Director-level title -> +12', 'country': 'No country / location -> 0', 'website_availability': 'No company website -> 0', 'email_availability': 'No email -> 0', 'platform_source': "Platform 'linkedin' -> +14", 'industry_match': 'No benchmark industry configured -> 0', 'budget_potential': 'No budget keywords -> 0'}, 'raw_total': 26.0}
2026-04-28 14:04:15,841 | INFO | lead_score | ref=Jane Doe score=52 tier=warm factors={'company_size': 6.0, 'job_role': 12.0, 'country': 10.0, 'website_availability': 10.0, 'email_availability': 12.0, 'platform_source': 14.0, 'industry_match': 0.0, 'budget_potential': 0.0, 'messages': {'company_size': 'SMB size -> +6', 'job_role': 'VP / Director-level title -> +12', 'country': 'Tier-1 geography signal (us) -> +10', 'website_availability': 'Website URL present -> +10', 'email_availability': 'Corporate-looking email -> +12', 'platform_source': "Platform 'linkedin' -> +14", 'industry_match': 'No benchmark industry configured -> 0', 'budget_potential': 'No budget keywords -> 0'}, 'raw_total': 64.0}
2026-04-28 14:04:15,842 | INFO | lead_score | ref=Jane Doe score=76 tier=warm factors={'company_size': 6.0, 'job_role': 12.0, 'country': 10.0, 'website_availability': 10.0, 'email_availability': 12.0, 'platform_source': 14.0, 'industry_match': 0.0, 'budget_potential': 0.0, 'messages': {'company_size': 'SMB size -> +6', 'job_role': 'VP / Director-level title -> +12', 'country': 'Tier-1 geography signal (us) -> +10', 'website_availability': 'Website URL present -> +10', 'email_availability': 'Corporate-looking email -> +12', 'platform_source': "Platform 'linkedin' -> +14", 'industry_match': 'No benchmark industry configured -> 0', 'budget_potential': 'No budget keywords -> 0', 'signal_extension': 'Signals +24 (hiring=True, scaling=True, content_gap=True, ads_gap=True)'}, 'raw_total': 64.0}
2026-04-28 14:08:45,498 | INFO | lead_score | ref=Aman Verma score=43 tier=cold factors={'company_size': 0.0, 'job_role': 15.0, 'country': 0.0, 'website_availability': 5.0, 'email_availability': 0.0, 'platform_source': 14.0, 'industry_match': 0.0, 'budget_potential': 0.0, 'messages': {'company_size': 'No company size -> 0', 'job_role': 'Executive / founder role -> +15', 'country': 'No country / location -> 0', 'website_availability': 'Website hint present -> +5', 'email_availability': 'No email -> 0', 'platform_source': "Platform 'linkedin' -> +14", 'industry_match': 'No benchmark industry configured -> 0', 'budget_potential': 'No budget keywords -> 0'}, 'raw_total': 34.0}
2026-04-28 14:08:45,974 | INFO | weekly_engine start day=mon keyword=software location=
2026-04-28 14:08:45,974 | INFO | weekly_engine mon-fri done: saved={'created': 0, 'updated': 0, 'skipped': 0} enrich={'selected': 0, 'ok': 0, 'failed': 0, 'skipped': 0}
2026-04-28 14:09:08,607 | INFO | weekly_engine start day=mon keyword=acme location=
2026-04-28 14:09:08,616 | INFO | weekly_engine mon-fri done: saved={'created': 1, 'updated': 4, 'skipped': 0} enrich={'selected': 1, 'ok': 1, 'failed': 0, 'skipped': 0}
2026-04-28 14:09:08,623 | INFO | weekly_engine start day=sat keyword=software location=
2026-04-28 14:09:08,625 | INFO | weekly_engine saturday prepared candidates=1
2026-04-28 14:09:08,627 | INFO | weekly_engine start day=sun keyword=software location=
2026-04-28 14:09:08,629 | INFO | weekly_engine sunday cleanup/report: {'companies_total': 3, 'enriched_total': 1, 'high_priority_companies': 0, 'trimmed_content_rows': 0}
2026-04-28 14:09:08,649 | INFO | lead_score | ref=One score=1 tier=cold factors={'company_size': 0.0, 'job_role': 0.0, 'country': 0.0, 'website_availability': 0.0, 'email_availability': 0.0, 'platform_source': 14.0, 'industry_match': 0.0, 'budget_potential': 0.0, 'messages': {'company_size': 'No company size -> 0', 'job_role': 'No job title -> 0', 'country': 'No country / location -> 0', 'website_availability': 'No company website -> 0', 'email_availability': 'No email -> 0', 'platform_source': "Platform 'linkedin' -> +14", 'industry_match': 'No benchmark industry configured -> 0', 'budget_potential': 'No budget keywords -> 0'}, 'raw_total': 14.0}
2026-04-28 14:09:08,651 | INFO | lead_score | ref=Two score=31 tier=cold factors={'company_size': 0.0, 'job_role': 12.0, 'country': 0.0, 'website_availability': 0.0, 'email_availability': 0.0, 'platform_source': 14.0, 'industry_match': 0.0, 'budget_potential': 0.0, 'messages': {'company_size': 'No company size -> 0', 'job_role': 'VP / Director-level title -> +12', 'country': 'No country / location -> 0', 'website_availability': 'No company website -> 0', 'email_availability': 'No email -> 0', 'platform_source': "Platform 'linkedin' -> +14", 'industry_match': 'No benchmark industry configured -> 0', 'budget_potential': 'No budget keywords -> 0'}, 'raw_total': 26.0}
2026-04-28 14:09:08,891 | INFO | lead_score | ref=Jane Doe score=52 tier=warm factors={'company_size': 6.0, 'job_role': 12.0, 'country': 10.0, 'website_availability': 10.0, 'email_availability': 12.0, 'platform_source': 14.0, 'industry_match': 0.0, 'budget_potential': 0.0, 'messages': {'company_size': 'SMB size -> +6', 'job_role': 'VP / Director-level title -> +12', 'country': 'Tier-1 geography signal (us) -> +10', 'website_availability': 'Website URL present -> +10', 'email_availability': 'Corporate-looking email -> +12', 'platform_source': "Platform 'linkedin' -> +14", 'industry_match': 'No benchmark industry configured -> 0', 'budget_potential': 'No budget keywords -> 0'}, 'raw_total': 64.0}
2026-04-28 14:09:08,892 | INFO | lead_score | ref=Jane Doe score=76 tier=warm factors={'company_size': 6.0, 'job_role': 12.0, 'country': 10.0, 'website_availability': 10.0, 'email_availability': 12.0, 'platform_source': 14.0, 'industry_match': 0.0, 'budget_potential': 0.0, 'messages': {'company_size': 'SMB size -> +6', 'job_role': 'VP / Director-level title -> +12', 'country': 'Tier-1 geography signal (us) -> +10', 'website_availability': 'Website URL present -> +10', 'email_availability': 'Corporate-looking email -> +12', 'platform_source': "Platform 'linkedin' -> +14", 'industry_match': 'No benchmark industry configured -> 0', 'budget_potential': 'No budget keywords -> 0', 'signal_extension': 'Signals +24 (hiring=True, scaling=True, content_gap=True, ads_gap=True)'}, 'raw_total': 64.0}
2026-04-28 14:10:31,076 | INFO | lead_score | ref=Aman Verma score=43 tier=cold factors={'company_size': 0.0, 'job_role': 15.0, 'country': 0.0, 'website_availability': 5.0, 'email_availability': 0.0, 'platform_source': 14.0, 'industry_match': 0.0, 'budget_potential': 0.0, 'messages': {'company_size': 'No company size -> 0', 'job_role': 'Executive / founder role -> +15', 'country': 'No country / location -> 0', 'website_availability': 'Website hint present -> +5', 'email_availability': 'No email -> 0', 'platform_source': "Platform 'linkedin' -> +14", 'industry_match': 'No benchmark industry configured -> 0', 'budget_potential': 'No budget keywords -> 0'}, 'raw_total': 34.0}
2026-04-28 14:10:31,622 | INFO | weekly_engine start day=mon keyword=software location=
2026-04-28 14:10:31,622 | INFO | weekly_engine mon-fri done: saved={'created': 0, 'updated': 0, 'skipped': 0} enrich={'selected': 0, 'ok': 0, 'failed': 0, 'skipped': 0}
2026-04-28 14:10:47,973 | INFO | weekly_engine start day=mon keyword=acme location=
2026-04-28 14:10:47,989 | INFO | weekly_engine mon-fri done: saved={'created': 1, 'updated': 4, 'skipped': 0} enrich={'selected': 1, 'ok': 1, 'failed': 0, 'skipped': 0}
2026-04-28 14:10:47,999 | INFO | weekly_engine start day=sat keyword=software location=
2026-04-28 14:10:48,000 | INFO | weekly_engine saturday prepared candidates=1
2026-04-28 14:10:48,004 | INFO | weekly_engine start day=sun keyword=software location=
2026-04-28 14:10:48,007 | INFO | weekly_engine sunday cleanup/report: {'companies_total': 3, 'enriched_total': 1, 'high_priority_companies': 0, 'trimmed_content_rows': 0}
2026-04-28 14:10:48,036 | INFO | lead_score | ref=One score=1 tier=cold factors={'company_size': 0.0, 'job_role': 0.0, 'country': 0.0, 'website_availability': 0.0, 'email_availability': 0.0, 'platform_source': 14.0, 'industry_match': 0.0, 'budget_potential': 0.0, 'messages': {'company_size': 'No company size -> 0', 'job_role': 'No job title -> 0', 'country': 'No country / location -> 0', 'website_availability': 'No company website -> 0', 'email_availability': 'No email -> 0', 'platform_source': "Platform 'linkedin' -> +14", 'industry_match': 'No benchmark industry configured -> 0', 'budget_potential': 'No budget keywords -> 0'}, 'raw_total': 14.0}
2026-04-28 14:10:48,038 | INFO | lead_score | ref=Two score=31 tier=cold factors={'company_size': 0.0, 'job_role': 12.0, 'country': 0.0, 'website_availability': 0.0, 'email_availability': 0.0, 'platform_source': 14.0, 'industry_match': 0.0, 'budget_potential': 0.0, 'messages': {'company_size': 'No company size -> 0', 'job_role': 'VP / Director-level title -> +12', 'country': 'No country / location -> 0', 'website_availability': 'No company website -> 0', 'email_availability': 'No email -> 0', 'platform_source': "Platform 'linkedin' -> +14", 'industry_match': 'No benchmark industry configured -> 0', 'budget_potential': 'No budget keywords -> 0'}, 'raw_total': 26.0}
2026-04-28 14:10:48,298 | INFO | lead_score | ref=Jane Doe score=52 tier=warm factors={'company_size': 6.0, 'job_role': 12.0, 'country': 10.0, 'website_availability': 10.0, 'email_availability': 12.0, 'platform_source': 14.0, 'industry_match': 0.0, 'budget_potential': 0.0, 'messages': {'company_size': 'SMB size -> +6', 'job_role': 'VP / Director-level title -> +12', 'country': 'Tier-1 geography signal (us) -> +10', 'website_availability': 'Website URL present -> +10', 'email_availability': 'Corporate-looking email -> +12', 'platform_source': "Platform 'linkedin' -> +14", 'industry_match': 'No benchmark industry configured -> 0', 'budget_potential': 'No budget keywords -> 0'}, 'raw_total': 64.0}
2026-04-28 14:10:48,298 | INFO | lead_score | ref=Jane Doe score=76 tier=warm factors={'company_size': 6.0, 'job_role': 12.0, 'country': 10.0, 'website_availability': 10.0, 'email_availability': 12.0, 'platform_source': 14.0, 'industry_match': 0.0, 'budget_potential': 0.0, 'messages': {'company_size': 'SMB size -> +6', 'job_role': 'VP / Director-level title -> +12', 'country': 'Tier-1 geography signal (us) -> +10', 'website_availability': 'Website URL present -> +10', 'email_availability': 'Corporate-looking email -> +12', 'platform_source': "Platform 'linkedin' -> +14", 'industry_match': 'No benchmark industry configured -> 0', 'budget_potential': 'No budget keywords -> 0', 'signal_extension': 'Signals +24 (hiring=True, scaling=True, content_gap=True, ads_gap=True)'}, 'raw_total': 64.0}
2026-04-28 15:03:11,776 | INFO | lead_score | ref=Aman Verma score=43 tier=cold factors={'company_size': 0.0, 'job_role': 15.0, 'country': 0.0, 'website_availability': 5.0, 'email_availability': 0.0, 'platform_source': 14.0, 'industry_match': 0.0, 'budget_potential': 0.0, 'messages': {'company_size': 'No company size -> 0', 'job_role': 'Executive / founder role -> +15', 'country': 'No country / location -> 0', 'website_availability': 'Website hint present -> +5', 'email_availability': 'No email -> 0', 'platform_source': "Platform 'linkedin' -> +14", 'industry_match': 'No benchmark industry configured -> 0', 'budget_potential': 'No budget keywords -> 0'}, 'raw_total': 34.0}
2026-04-28 15:03:12,281 | INFO | weekly_engine start day=mon keyword=software location=
2026-04-28 15:03:12,281 | INFO | weekly_engine mon-fri done: saved={'created': 0, 'updated': 0, 'skipped': 0} enrich={'selected': 0, 'ok': 0, 'failed': 0, 'skipped': 0}
2026-04-28 15:19:30,309 | INFO | lead_score | ref=Aman Verma score=43 tier=cold factors={'company_size': 0.0, 'job_role': 15.0, 'country': 0.0, 'website_availability': 5.0, 'email_availability': 0.0, 'platform_source': 14.0, 'industry_match': 0.0, 'budget_potential': 0.0, 'messages': {'company_size': 'No company size -> 0', 'job_role': 'Executive / founder role -> +15', 'country': 'No country / location -> 0', 'website_availability': 'Website hint present -> +5', 'email_availability': 'No email -> 0', 'platform_source': "Platform 'linkedin' -> +14", 'industry_match': 'No benchmark industry configured -> 0', 'budget_potential': 'No budget keywords -> 0'}, 'raw_total': 34.0}
2026-04-28 15:19:30,822 | INFO | weekly_engine start day=mon keyword=software location=
2026-04-28 15:19:30,822 | INFO | weekly_engine mon-fri done: saved={'created': 0, 'updated': 0, 'skipped': 0} enrich={'selected': 0, 'ok': 0, 'failed': 0, 'skipped': 0}
2026-04-28 15:49:22,960 | INFO | lead_score | ref=Aman Verma score=43 tier=cold factors={'company_size': 0.0, 'job_role': 15.0, 'country': 0.0, 'website_availability': 5.0, 'email_availability': 0.0, 'platform_source': 14.0, 'industry_match': 0.0, 'budget_potential': 0.0, 'messages': {'company_size': 'No company size -> 0', 'job_role': 'Executive / founder role -> +15', 'country': 'No country / location -> 0', 'website_availability': 'Website hint present -> +5', 'email_availability': 'No email -> 0', 'platform_source': "Platform 'linkedin' -> +14", 'industry_match': 'No benchmark industry configured -> 0', 'budget_potential': 'No budget keywords -> 0'}, 'raw_total': 34.0}
2026-04-28 15:49:23,470 | INFO | weekly_engine start day=mon keyword=software location=
2026-04-28 15:49:23,471 | INFO | weekly_engine mon-fri done: saved={'created': 0, 'updated': 0, 'skipped': 0} enrich={'selected': 0, 'ok': 0, 'failed': 0, 'skipped': 0}
2026-04-28 16:00:08,401 | INFO | lead_score | ref=Aman Verma score=43 tier=cold factors={'company_size': 0.0, 'job_role': 15.0, 'country': 0.0, 'website_availability': 5.0, 'email_availability': 0.0, 'platform_source': 14.0, 'industry_match': 0.0, 'budget_potential': 0.0, 'messages': {'company_size': 'No company size -> 0', 'job_role': 'Executive / founder role -> +15', 'country': 'No country / location -> 0', 'website_availability': 'Website hint present -> +5', 'email_availability': 'No email -> 0', 'platform_source': "Platform 'linkedin' -> +14", 'industry_match': 'No benchmark industry configured -> 0', 'budget_potential': 'No budget keywords -> 0'}, 'raw_total': 34.0}
2026-04-28 16:00:08,975 | INFO | weekly_engine start day=mon keyword=software location=
2026-04-28 16:00:08,975 | INFO | weekly_engine mon-fri done: saved={'created': 0, 'updated': 0, 'skipped': 0} enrich={'selected': 0, 'ok': 0, 'failed': 0, 'skipped': 0}
2026-04-28 16:00:09,029 | INFO | lead_score | ref=One score=1 tier=cold factors={'company_size': 0.0, 'job_role': 0.0, 'country': 0.0, 'website_availability': 0.0, 'email_availability': 0.0, 'platform_source': 14.0, 'industry_match': 0.0, 'budget_potential': 0.0, 'messages': {'company_size': 'No company size -> 0', 'job_role': 'No job title -> 0', 'country': 'No country / location -> 0', 'website_availability': 'No company website -> 0', 'email_availability': 'No email -> 0', 'platform_source': "Platform 'linkedin' -> +14", 'industry_match': 'No benchmark industry configured -> 0', 'budget_potential': 'No budget keywords -> 0'}, 'raw_total': 14.0}
2026-04-28 16:00:09,032 | INFO | lead_score | ref=Two score=31 tier=cold factors={'company_size': 0.0, 'job_role': 12.0, 'country': 0.0, 'website_availability': 0.0, 'email_availability': 0.0, 'platform_source': 14.0, 'industry_match': 0.0, 'budget_potential': 0.0, 'messages': {'company_size': 'No company size -> 0', 'job_role': 'VP / Director-level title -> +12', 'country': 'No country / location -> 0', 'website_availability': 'No company website -> 0', 'email_availability': 'No email -> 0', 'platform_source': "Platform 'linkedin' -> +14", 'industry_match': 'No benchmark industry configured -> 0', 'budget_potential': 'No budget keywords -> 0'}, 'raw_total': 26.0}
2026-04-28 16:00:09,039 | INFO | lead_score | ref=Jane Doe score=52 tier=warm factors={'company_size': 6.0, 'job_role': 12.0, 'country': 10.0, 'website_availability': 10.0, 'email_availability': 12.0, 'platform_source': 14.0, 'industry_match': 0.0, 'budget_potential': 0.0, 'messages': {'company_size': 'SMB size -> +6', 'job_role': 'VP / Director-level title -> +12', 'country': 'Tier-1 geography signal (us) -> +10', 'website_availability': 'Website URL present -> +10', 'email_availability': 'Corporate-looking email -> +12', 'platform_source': "Platform 'linkedin' -> +14", 'industry_match': 'No benchmark industry configured -> 0', 'budget_potential': 'No budget keywords -> 0'}, 'raw_total': 64.0}
2026-04-28 16:00:09,039 | INFO | lead_score | ref=Jane Doe score=76 tier=warm factors={'company_size': 6.0, 'job_role': 12.0, 'country': 10.0, 'website_availability': 10.0, 'email_availability': 12.0, 'platform_source': 14.0, 'industry_match': 0.0, 'budget_potential': 0.0, 'messages': {'company_size': 'SMB size -> +6', 'job_role': 'VP / Director-level title -> +12', 'country': 'Tier-1 geography signal (us) -> +10', 'website_availability': 'Website URL present -> +10', 'email_availability': 'Corporate-looking email -> +12', 'platform_source': "Platform 'linkedin' -> +14", 'industry_match': 'No benchmark industry configured -> 0', 'budget_potential': 'No budget keywords -> 0', 'signal_extension': 'Signals +24 (hiring=True, scaling=True, content_gap=True, ads_gap=True)'}, 'raw_total': 64.0}
2026-04-28 17:24:34,538 | INFO | lead_score | ref=Aman Verma score=43 tier=cold factors={'company_size': 0.0, 'job_role': 15.0, 'country': 0.0, 'website_availability': 5.0, 'email_availability': 0.0, 'platform_source': 14.0, 'industry_match': 0.0, 'budget_potential': 0.0, 'messages': {'company_size': 'No company size -> 0', 'job_role': 'Executive / founder role -> +15', 'country': 'No country / location -> 0', 'website_availability': 'Website hint present -> +5', 'email_availability': 'No email -> 0', 'platform_source': "Platform 'linkedin' -> +14", 'industry_match': 'No benchmark industry configured -> 0', 'budget_potential': 'No budget keywords -> 0'}, 'raw_total': 34.0}
2026-04-28 17:24:35,039 | INFO | weekly_engine start day=mon keyword=software location=
2026-04-28 17:24:35,039 | INFO | weekly_engine mon-fri done: saved={'created': 0, 'updated': 0, 'skipped': 0} enrich={'selected': 0, 'ok': 0, 'failed': 0, 'skipped': 0}
2026-04-28 17:26:57,674 | INFO | lead_score | ref=Aman Verma score=43 tier=cold factors={'company_size': 0.0, 'job_role': 15.0, 'country': 0.0, 'website_availability': 5.0, 'email_availability': 0.0, 'platform_source': 14.0, 'industry_match': 0.0, 'budget_potential': 0.0, 'messages': {'company_size': 'No company size -> 0', 'job_role': 'Executive / founder role -> +15', 'country': 'No country / location -> 0', 'website_availability': 'Website hint present -> +5', 'email_availability': 'No email -> 0', 'platform_source': "Platform 'linkedin' -> +14", 'industry_match': 'No benchmark industry configured -> 0', 'budget_potential': 'No budget keywords -> 0'}, 'raw_total': 34.0}
2026-04-28 17:26:58,230 | INFO | weekly_engine start day=mon keyword=software location=
2026-04-28 17:26:58,231 | INFO | weekly_engine mon-fri done: saved={'created': 0, 'updated': 0, 'skipped': 0} enrich={'selected': 0, 'ok': 0, 'failed': 0, 'skipped': 0}
2026-04-28 17:29:38,920 | INFO | lead_score | ref=Aman Verma score=43 tier=cold factors={'company_size': 0.0, 'job_role': 15.0, 'country': 0.0, 'website_availability': 5.0, 'email_availability': 0.0, 'platform_source': 14.0, 'industry_match': 0.0, 'budget_potential': 0.0, 'messages': {'company_size': 'No company size -> 0', 'job_role': 'Executive / founder role -> +15', 'country': 'No country / location -> 0', 'website_availability': 'Website hint present -> +5', 'email_availability': 'No email -> 0', 'platform_source': "Platform 'linkedin' -> +14", 'industry_match': 'No benchmark industry configured -> 0', 'budget_potential': 'No budget keywords -> 0'}, 'raw_total': 34.0}
2026-04-28 17:29:39,485 | INFO | weekly_engine start day=mon keyword=software location=
2026-04-28 17:29:39,486 | INFO | weekly_engine Startup ingestion done: saved={'created': 0, 'updated': 0, 'skipped': 0} enrich={'selected': 0, 'ok': 0, 'failed': 0, 'skipped': 0}
2026-04-28 17:34:06,088 | INFO | lead_score | ref=Aman Verma score=43 tier=cold factors={'company_size': 0.0, 'job_role': 15.0, 'country': 0.0, 'website_availability': 5.0, 'email_availability': 0.0, 'platform_source': 14.0, 'industry_match': 0.0, 'budget_potential': 0.0, 'messages': {'company_size': 'No company size -> 0', 'job_role': 'Executive / founder role -> +15', 'country': 'No country / location -> 0', 'website_availability': 'Website hint present -> +5', 'email_availability': 'No email -> 0', 'platform_source': "Platform 'linkedin' -> +14", 'industry_match': 'No benchmark industry configured -> 0', 'budget_potential': 'No budget keywords -> 0'}, 'raw_total': 34.0}
2026-04-28 17:34:06,573 | INFO | weekly_engine start day=mon keyword=software location=
2026-04-28 17:34:06,573 | INFO | weekly_engine Startup ingestion done: saved={'created': 0, 'updated': 0, 'skipped': 0} enrich={'selected': 0, 'ok': 0, 'failed': 0, 'skipped': 0}
2026-04-28 17:38:00,703 | INFO | lead_score | ref=Aman Verma score=43 tier=cold factors={'company_size': 0.0, 'job_role': 15.0, 'country': 0.0, 'website_availability': 5.0, 'email_availability': 0.0, 'platform_source': 14.0, 'industry_match': 0.0, 'budget_potential': 0.0, 'messages': {'company_size': 'No company size -> 0', 'job_role': 'Executive / founder role -> +15', 'country': 'No country / location -> 0', 'website_availability': 'Website hint present -> +5', 'email_availability': 'No email -> 0', 'platform_source': "Platform 'linkedin' -> +14", 'industry_match': 'No benchmark industry configured -> 0', 'budget_potential': 'No budget keywords -> 0'}, 'raw_total': 34.0}
2026-04-28 17:38:01,177 | INFO | weekly_engine start day=mon keyword=software location=
2026-04-28 17:38:01,177 | INFO | weekly_engine Startup ingestion done: saved={'created': 0, 'updated': 0, 'skipped': 0} enrich={'selected': 0, 'ok': 0, 'failed': 0, 'skipped': 0}
2026-04-28 17:38:01,637 | INFO | weekly_engine start day=fri keyword=software location=
2026-04-28 17:42:54,715 | INFO | lead_score | ref=Aman Verma score=43 tier=cold factors={'company_size': 0.0, 'job_role': 15.0, 'country': 0.0, 'website_availability': 5.0, 'email_availability': 0.0, 'platform_source': 14.0, 'industry_match': 0.0, 'budget_potential': 0.0, 'messages': {'company_size': 'No company size -> 0', 'job_role': 'Executive / founder role -> +15', 'country': 'No country / location -> 0', 'website_availability': 'Website hint present -> +5', 'email_availability': 'No email -> 0', 'platform_source': "Platform 'linkedin' -> +14", 'industry_match': 'No benchmark industry configured -> 0', 'budget_potential': 'No budget keywords -> 0'}, 'raw_total': 34.0}
2026-04-28 17:42:55,286 | INFO | weekly_engine start day=mon keyword=software location=
2026-04-28 17:42:55,287 | INFO | weekly_engine Startup ingestion done: saved={'created': 0, 'updated': 0, 'skipped': 0} enrich={'selected': 0, 'ok': 0, 'failed': 0, 'skipped': 0}
2026-04-28 17:42:55,891 | INFO | weekly_engine start day=fri keyword=software location=
2026-04-28 17:42:59,381 | INFO | weekly_engine start day=sat keyword=software location=
2026-04-28 17:42:59,385 | INFO | lead_score | ref=Ravi Kumar score=44 tier=cold factors={'company_size': 0.0, 'job_role': 15.0, 'country': 0.0, 'website_availability': 10.0, 'email_availability': 0.0, 'platform_source': 14.0, 'industry_match': 0.0, 'budget_potential': 0.0, 'messages': {'company_size': 'No company size -> 0', 'job_role': 'Executive / founder role -> +15', 'country': 'No country / location -> 0', 'website_availability': 'Website URL present -> +10', 'email_availability': 'No email -> 0', 'platform_source': "Platform 'linkedin' -> +14", 'industry_match': 'No benchmark industry configured -> 0', 'budget_potential': 'No budget keywords -> 0'}, 'raw_total': 39.0}
2026-04-28 17:42:59,389 | INFO | weekly_engine saturday prepared candidates=9
2026-04-28 17:46:18,830 | INFO | lead_score | ref=Aman Verma score=43 tier=cold factors={'company_size': 0.0, 'job_role': 15.0, 'country': 0.0, 'website_availability': 5.0, 'email_availability': 0.0, 'platform_source': 14.0, 'industry_match': 0.0, 'budget_potential': 0.0, 'messages': {'company_size': 'No company size -> 0', 'job_role': 'Executive / founder role -> +15', 'country': 'No country / location -> 0', 'website_availability': 'Website hint present -> +5', 'email_availability': 'No email -> 0', 'platform_source': "Platform 'linkedin' -> +14", 'industry_match': 'No benchmark industry configured -> 0', 'budget_potential': 'No budget keywords -> 0'}, 'raw_total': 34.0}
2026-04-28 17:46:19,529 | INFO | weekly_engine start day=mon keyword=software location=
2026-04-28 17:46:19,530 | INFO | weekly_engine Startup ingestion done: saved={'created': 0, 'updated': 0, 'skipped': 0} enrich={'selected': 0, 'ok': 0, 'failed': 0, 'skipped': 0}
2026-04-28 17:46:20,091 | INFO | weekly_engine start day=fri keyword=software location=
2026-04-28 17:46:23,668 | INFO | weekly_engine start day=sat keyword=software location=
2026-04-28 17:46:23,671 | INFO | lead_score | ref=Ravi Kumar score=44 tier=cold factors={'company_size': 0.0, 'job_role': 15.0, 'country': 0.0, 'website_availability': 10.0, 'email_availability': 0.0, 'platform_source': 14.0, 'industry_match': 0.0, 'budget_potential': 0.0, 'messages': {'company_size': 'No company size -> 0', 'job_role': 'Executive / founder role -> +15', 'country': 'No country / location -> 0', 'website_availability': 'Website URL present -> +10', 'email_availability': 'No email -> 0', 'platform_source': "Platform 'linkedin' -> +14", 'industry_match': 'No benchmark industry configured -> 0', 'budget_potential': 'No budget keywords -> 0'}, 'raw_total': 39.0}
2026-04-28 17:46:23,675 | INFO | weekly_engine saturday prepared candidates=9
2026-04-28 17:46:24,020 | INFO | weekly_engine start day=sun keyword=software location=
2026-04-28 17:46:24,029 | INFO | weekly_engine sunday cleanup/report: {'total_companies': 9, 'total_leads': 2, 'hot_leads': 0, 'enriched_total': 9, 'high_priority_companies': 0, 'trimmed_content_rows': 0, 'report_file': 'sessions\\weekly_reports\\weekly_report_20260428.json'}
2026-04-28 17:51:24,530 | INFO | lead_score | ref=Aman Verma score=43 tier=cold factors={'company_size': 0.0, 'job_role': 15.0, 'country': 0.0, 'website_availability': 5.0, 'email_availability': 0.0, 'platform_source': 14.0, 'industry_match': 0.0, 'budget_potential': 0.0, 'messages': {'company_size': 'No company size -> 0', 'job_role': 'Executive / founder role -> +15', 'country': 'No country / location -> 0', 'website_availability': 'Website hint present -> +5', 'email_availability': 'No email -> 0', 'platform_source': "Platform 'linkedin' -> +14", 'industry_match': 'No benchmark industry configured -> 0', 'budget_potential': 'No budget keywords -> 0'}, 'raw_total': 34.0}
2026-04-28 17:51:25,202 | INFO | weekly_engine start day=mon keyword=software location=
2026-04-28 17:51:25,202 | INFO | weekly_engine Startup ingestion done: saved={'created': 0, 'updated': 0, 'skipped': 0} enrich={'selected': 0, 'ok': 0, 'failed': 0, 'skipped': 0}
2026-04-28 17:51:25,764 | INFO | weekly_engine start day=fri keyword=software location=
2026-04-28 17:51:29,259 | INFO | weekly_engine start day=sat keyword=software location=
2026-04-28 17:51:29,262 | INFO | lead_score | ref=Ravi Kumar score=44 tier=cold factors={'company_size': 0.0, 'job_role': 15.0, 'country': 0.0, 'website_availability': 10.0, 'email_availability': 0.0, 'platform_source': 14.0, 'industry_match': 0.0, 'budget_potential': 0.0, 'messages': {'company_size': 'No company size -> 0', 'job_role': 'Executive / founder role -> +15', 'country': 'No country / location -> 0', 'website_availability': 'Website URL present -> +10', 'email_availability': 'No email -> 0', 'platform_source': "Platform 'linkedin' -> +14", 'industry_match': 'No benchmark industry configured -> 0', 'budget_potential': 'No budget keywords -> 0'}, 'raw_total': 39.0}
2026-04-28 17:51:29,265 | INFO | weekly_engine saturday prepared candidates=9
2026-04-28 17:51:29,498 | INFO | weekly_engine start day=sun keyword=software location=
2026-04-28 17:51:29,505 | INFO | weekly_engine sunday cleanup/report: {'total_companies': 9, 'total_leads': 2, 'hot_leads': 0, 'enriched_total': 9, 'high_priority_companies': 0, 'trimmed_content_rows': 0, 'report_file': 'sessions\\weekly_reports\\weekly_report_20260428.json'}
2026-04-28 17:55:55,409 | INFO | lead_score | ref=Aman Verma score=43 tier=cold factors={'company_size': 0.0, 'job_role': 15.0, 'country': 0.0, 'website_availability': 5.0, 'email_availability': 0.0, 'platform_source': 14.0, 'industry_match': 0.0, 'budget_potential': 0.0, 'messages': {'company_size': 'No company size -> 0', 'job_role': 'Executive / founder role -> +15', 'country': 'No country / location -> 0', 'website_availability': 'Website hint present -> +5', 'email_availability': 'No email -> 0', 'platform_source': "Platform 'linkedin' -> +14", 'industry_match': 'No benchmark industry configured -> 0', 'budget_potential': 'No budget keywords -> 0'}, 'raw_total': 34.0}
2026-04-28 17:55:56,155 | INFO | weekly_engine start day=mon keyword=software location=
2026-04-28 17:55:56,156 | INFO | weekly_engine Startup ingestion done: saved={'created': 0, 'updated': 0, 'skipped': 0} enrich={'selected': 0, 'ok': 0, 'failed': 0, 'skipped': 0}
2026-04-28 17:55:56,699 | INFO | weekly_engine start day=fri keyword=software location=
2026-04-28 17:56:00,428 | INFO | weekly_engine start day=sat keyword=software location=
2026-04-28 17:56:00,431 | INFO | lead_score | ref=Ravi Kumar score=44 tier=cold factors={'company_size': 0.0, 'job_role': 15.0, 'country': 0.0, 'website_availability': 10.0, 'email_availability': 0.0, 'platform_source': 14.0, 'industry_match': 0.0, 'budget_potential': 0.0, 'messages': {'company_size': 'No company size -> 0', 'job_role': 'Executive / founder role -> +15', 'country': 'No country / location -> 0', 'website_availability': 'Website URL present -> +10', 'email_availability': 'No email -> 0', 'platform_source': "Platform 'linkedin' -> +14", 'industry_match': 'No benchmark industry configured -> 0', 'budget_potential': 'No budget keywords -> 0'}, 'raw_total': 39.0}
2026-04-28 17:56:00,436 | INFO | weekly_engine saturday prepared candidates=9
2026-04-28 17:56:00,849 | INFO | weekly_engine start day=sun keyword=software location=
2026-04-28 17:56:00,856 | INFO | weekly_engine sunday cleanup/report: {'total_companies': 9, 'total_leads': 2, 'hot_leads': 0, 'enriched_total': 9, 'high_priority_companies': 0, 'trimmed_content_rows': 0, 'report_file': 'sessions\\weekly_reports\\weekly_report_20260428.json'}
2026-04-28 17:59:46,846 | INFO | lead_score | ref=Aman Verma score=43 tier=cold factors={'company_size': 0.0, 'job_role': 15.0, 'country': 0.0, 'website_availability': 5.0, 'email_availability': 0.0, 'platform_source': 14.0, 'industry_match': 0.0, 'budget_potential': 0.0, 'messages': {'company_size': 'No company size -> 0', 'job_role': 'Executive / founder role -> +15', 'country': 'No country / location -> 0', 'website_availability': 'Website hint present -> +5', 'email_availability': 'No email -> 0', 'platform_source': "Platform 'linkedin' -> +14", 'industry_match': 'No benchmark industry configured -> 0', 'budget_potential': 'No budget keywords -> 0'}, 'raw_total': 34.0}
2026-04-28 17:59:47,326 | INFO | weekly_engine start day=mon keyword=software location=
2026-04-28 17:59:47,326 | INFO | weekly_engine Startup ingestion done: saved={'created': 0, 'updated': 0, 'skipped': 0} enrich={'selected': 0, 'ok': 0, 'failed': 0, 'skipped': 0}
2026-04-28 17:59:47,796 | INFO | weekly_engine start day=fri keyword=software location=
2026-04-28 17:59:51,265 | INFO | weekly_engine start day=sat keyword=software location=
2026-04-28 17:59:51,267 | INFO | lead_score | ref=Ravi Kumar score=44 tier=cold factors={'company_size': 0.0, 'job_role': 15.0, 'country': 0.0, 'website_availability': 10.0, 'email_availability': 0.0, 'platform_source': 14.0, 'industry_match': 0.0, 'budget_potential': 0.0, 'messages': {'company_size': 'No company size -> 0', 'job_role': 'Executive / founder role -> +15', 'country': 'No country / location -> 0', 'website_availability': 'Website URL present -> +10', 'email_availability': 'No email -> 0', 'platform_source': "Platform 'linkedin' -> +14", 'industry_match': 'No benchmark industry configured -> 0', 'budget_potential': 'No budget keywords -> 0'}, 'raw_total': 39.0}
2026-04-28 17:59:51,271 | INFO | weekly_engine saturday prepared candidates=9
2026-04-28 17:59:51,501 | INFO | weekly_engine start day=sun keyword=software location=
2026-04-28 17:59:51,506 | INFO | weekly_engine sunday cleanup/report: {'total_companies': 9, 'total_leads': 2, 'hot_leads': 0, 'enriched_total': 9, 'high_priority_companies': 0, 'trimmed_content_rows': 0, 'report_file': 'sessions\\weekly_reports\\weekly_report_20260428.json'}
2026-04-28 18:06:16,627 | INFO | weekly_engine start day=mon keyword=software location=
2026-04-28 18:06:16,628 | INFO | weekly_engine Startup ingestion done: saved={'created': 0, 'updated': 0, 'skipped': 0} enrich={'selected': 0, 'ok': 0, 'failed': 0, 'skipped': 0}
2026-04-28 18:28:02,301 | INFO | weekly_engine start day=sat keyword=software location=
2026-04-28 18:28:02,304 | INFO | lead_score | ref=Loop Founder score=44 tier=cold factors={'company_size': 0.0, 'job_role': 15.0, 'country': 0.0, 'website_availability': 10.0, 'email_availability': 0.0, 'platform_source': 14.0, 'industry_match': 0.0, 'budget_potential': 0.0, 'messages': {'company_size': 'No company size -> 0', 'job_role': 'Executive / founder role -> +15', 'country': 'No country / location -> 0', 'website_availability': 'Website URL present -> +10', 'email_availability': 'No email -> 0', 'platform_source': "Platform 'linkedin' -> +14", 'industry_match': 'No benchmark industry configured -> 0', 'budget_potential': 'No budget keywords -> 0'}, 'raw_total': 39.0}
2026-04-28 18:28:02,311 | INFO | weekly_engine saturday prepared candidates=1
2026-04-28 18:28:03,491 | INFO | weekly_engine start day=sat keyword=software location=
2026-04-28 18:28:03,495 | INFO | lead_score | ref=Ravi Kumar score=44 tier=cold factors={'company_size': 0.0, 'job_role': 15.0, 'country': 0.0, 'website_availability': 10.0, 'email_availability': 0.0, 'platform_source': 14.0, 'industry_match': 0.0, 'budget_potential': 0.0, 'messages': {'company_size': 'No company size -> 0', 'job_role': 'Executive / founder role -> +15', 'country': 'No country / location -> 0', 'website_availability': 'Website URL present -> +10', 'email_availability': 'No email -> 0', 'platform_source': "Platform 'linkedin' -> +14", 'industry_match': 'No benchmark industry configured -> 0', 'budget_potential': 'No budget keywords -> 0'}, 'raw_total': 39.0}
2026-04-28 18:28:03,499 | INFO | weekly_engine saturday prepared candidates=2
2026-04-28 18:28:24,586 | INFO | weekly_engine start day=sat keyword=software location=
2026-04-28 18:28:24,589 | INFO | lead_score | ref=Loop Founder score=44 tier=cold factors={'company_size': 0.0, 'job_role': 15.0, 'country': 0.0, 'website_availability': 10.0, 'email_availability': 0.0, 'platform_source': 14.0, 'industry_match': 0.0, 'budget_potential': 0.0, 'messages': {'company_size': 'No company size -> 0', 'job_role': 'Executive / founder role -> +15', 'country': 'No country / location -> 0', 'website_availability': 'Website URL present -> +10', 'email_availability': 'No email -> 0', 'platform_source': "Platform 'linkedin' -> +14", 'industry_match': 'No benchmark industry configured -> 0', 'budget_potential': 'No budget keywords -> 0'}, 'raw_total': 39.0}
2026-04-28 18:28:24,596 | INFO | weekly_engine saturday prepared candidates=1
2026-04-28 18:28:25,515 | INFO | weekly_engine start day=sat keyword=software location=
2026-04-28 18:28:25,518 | INFO | lead_score | ref=Ravi Kumar score=44 tier=cold factors={'company_size': 0.0, 'job_role': 15.0, 'country': 0.0, 'website_availability': 10.0, 'email_availability': 0.0, 'platform_source': 14.0, 'industry_match': 0.0, 'budget_potential': 0.0, 'messages': {'company_size': 'No company size -> 0', 'job_role': 'Executive / founder role -> +15', 'country': 'No country / location -> 0', 'website_availability': 'Website URL present -> +10', 'email_availability': 'No email -> 0', 'platform_source': "Platform 'linkedin' -> +14", 'industry_match': 'No benchmark industry configured -> 0', 'budget_potential': 'No budget keywords -> 0'}, 'raw_total': 39.0}
2026-04-28 18:28:25,522 | INFO | weekly_engine saturday prepared candidates=2
2026-04-28 18:30:05,013 | INFO | lead_score | ref=Aman Verma score=43 tier=cold factors={'company_size': 0.0, 'job_role': 15.0, 'country': 0.0, 'website_availability': 5.0, 'email_availability': 0.0, 'platform_source': 14.0, 'industry_match': 0.0, 'budget_potential': 0.0, 'messages': {'company_size': 'No company size -> 0', 'job_role': 'Executive / founder role -> +15', 'country': 'No country / location -> 0', 'website_availability': 'Website hint present -> +5', 'email_availability': 'No email -> 0', 'platform_source': "Platform 'linkedin' -> +14", 'industry_match': 'No benchmark industry configured -> 0', 'budget_potential': 'No budget keywords -> 0'}, 'raw_total': 34.0}
2026-04-28 18:30:05,490 | INFO | weekly_engine start day=mon keyword=software location=
2026-04-28 18:30:05,491 | INFO | weekly_engine Startup ingestion done: saved={'created': 0, 'updated': 0, 'skipped': 0} enrich={'selected': 0, 'ok': 0, 'failed': 0, 'skipped': 0}
2026-04-28 18:30:05,953 | INFO | weekly_engine start day=fri keyword=software location=
2026-04-28 18:30:09,421 | INFO | weekly_engine start day=sat keyword=software location=
2026-04-28 18:30:09,425 | INFO | lead_score | ref=Ravi Kumar score=44 tier=cold factors={'company_size': 0.0, 'job_role': 15.0, 'country': 0.0, 'website_availability': 10.0, 'email_availability': 0.0, 'platform_source': 14.0, 'industry_match': 0.0, 'budget_potential': 0.0, 'messages': {'company_size': 'No company size -> 0', 'job_role': 'Executive / founder role -> +15', 'country': 'No country / location -> 0', 'website_availability': 'Website URL present -> +10', 'email_availability': 'No email -> 0', 'platform_source': "Platform 'linkedin' -> +14", 'industry_match': 'No benchmark industry configured -> 0', 'budget_potential': 'No budget keywords -> 0'}, 'raw_total': 39.0}
2026-04-28 18:30:09,430 | INFO | weekly_engine saturday prepared candidates=9
2026-04-28 18:30:09,700 | INFO | weekly_engine start day=sun keyword=software location=
2026-04-28 18:30:09,764 | INFO | weekly_engine sunday cleanup/report: {'total_companies': 9, 'total_leads': 2, 'hot_leads': 0, 'enriched_total': 9, 'high_priority_companies': 0, 'trimmed_content_rows': 0, 'report_file': 'sessions\\weekly_reports\\weekly_report_20260428.json'}
2026-04-28 18:30:29,699 | INFO | weekly_engine start day=mon keyword=acme location=
2026-04-28 18:30:29,708 | INFO | weekly_engine Startup ingestion done: saved={'created': 1, 'updated': 1, 'skipped': 0} enrich={'selected': 1, 'ok': 1, 'failed': 0, 'skipped': 0}
2026-04-28 18:30:29,720 | INFO | weekly_engine start day=sat keyword=software location=
2026-04-28 18:30:30,114 | INFO | weekly_engine start day=sun keyword=software location=
2026-04-28 18:30:30,118 | INFO | weekly_engine sunday cleanup/report: {'total_companies': 3, 'total_leads': 2, 'hot_leads': 0, 'enriched_total': 1, 'high_priority_companies': 0, 'trimmed_content_rows': 0, 'report_file': 'sessions\\weekly_reports\\weekly_report_20260428.json'}
2026-04-28 18:30:30,151 | INFO | lead_score | ref=One score=1 tier=cold factors={'company_size': 0.0, 'job_role': 0.0, 'country': 0.0, 'website_availability': 0.0, 'email_availability': 0.0, 'platform_source': 14.0, 'industry_match': 0.0, 'budget_potential': 0.0, 'messages': {'company_size': 'No company size -> 0', 'job_role': 'No job title -> 0', 'country': 'No country / location -> 0', 'website_availability': 'No company website -> 0', 'email_availability': 'No email -> 0', 'platform_source': "Platform 'linkedin' -> +14", 'industry_match': 'No benchmark industry configured -> 0', 'budget_potential': 'No budget keywords -> 0'}, 'raw_total': 14.0}
2026-04-28 18:30:30,154 | INFO | lead_score | ref=Two score=31 tier=cold factors={'company_size': 0.0, 'job_role': 12.0, 'country': 0.0, 'website_availability': 0.0, 'email_availability': 0.0, 'platform_source': 14.0, 'industry_match': 0.0, 'budget_potential': 0.0, 'messages': {'company_size': 'No company size -> 0', 'job_role': 'VP / Director-level title -> +12', 'country': 'No country / location -> 0', 'website_availability': 'No company website -> 0', 'email_availability': 'No email -> 0', 'platform_source': "Platform 'linkedin' -> +14", 'industry_match': 'No benchmark industry configured -> 0', 'budget_potential': 'No budget keywords -> 0'}, 'raw_total': 26.0}
2026-04-28 18:30:30,588 | INFO | lead_score | ref=Jane Doe score=52 tier=warm factors={'company_size': 6.0, 'job_role': 12.0, 'country': 10.0, 'website_availability': 10.0, 'email_availability': 12.0, 'platform_source': 14.0, 'industry_match': 0.0, 'budget_potential': 0.0, 'messages': {'company_size': 'SMB size -> +6', 'job_role': 'VP / Director-level title -> +12', 'country': 'Tier-1 geography signal (us) -> +10', 'website_availability': 'Website URL present -> +10', 'email_availability': 'Corporate-looking email -> +12', 'platform_source': "Platform 'linkedin' -> +14", 'industry_match': 'No benchmark industry configured -> 0', 'budget_potential': 'No budget keywords -> 0'}, 'raw_total': 64.0}
2026-04-28 18:30:30,588 | INFO | lead_score | ref=Jane Doe score=76 tier=warm factors={'company_size': 6.0, 'job_role': 12.0, 'country': 10.0, 'website_availability': 10.0, 'email_availability': 12.0, 'platform_source': 14.0, 'industry_match': 0.0, 'budget_potential': 0.0, 'messages': {'company_size': 'SMB size -> +6', 'job_role': 'VP / Director-level title -> +12', 'country': 'Tier-1 geography signal (us) -> +10', 'website_availability': 'Website URL present -> +10', 'email_availability': 'Corporate-looking email -> +12', 'platform_source': "Platform 'linkedin' -> +14", 'industry_match': 'No benchmark industry configured -> 0', 'budget_potential': 'No budget keywords -> 0', 'signal_extension': 'Signals +24 (hiring=True, scaling=True, content_gap=True, ads_gap=True)'}, 'raw_total': 64.0}
2026-04-28 18:30:32,104 | INFO | weekly_engine start day=sat keyword=software location=
2026-04-28 18:30:32,106 | INFO | lead_score | ref=Loop Founder score=44 tier=cold factors={'company_size': 0.0, 'job_role': 15.0, 'country': 0.0, 'website_availability': 10.0, 'email_availability': 0.0, 'platform_source': 14.0, 'industry_match': 0.0, 'budget_potential': 0.0, 'messages': {'company_size': 'No company size -> 0', 'job_role': 'Executive / founder role -> +15', 'country': 'No country / location -> 0', 'website_availability': 'Website URL present -> +10', 'email_availability': 'No email -> 0', 'platform_source': "Platform 'linkedin' -> +14", 'industry_match': 'No benchmark industry configured -> 0', 'budget_potential': 'No budget keywords -> 0'}, 'raw_total': 39.0}
2026-04-28 18:30:32,112 | INFO | weekly_engine saturday prepared candidates=4
2026-04-28 18:31:42,545 | INFO | lead_score | ref=Aman Verma score=43 tier=cold factors={'company_size': 0.0, 'job_role': 15.0, 'country': 0.0, 'website_availability': 5.0, 'email_availability': 0.0, 'platform_source': 14.0, 'industry_match': 0.0, 'budget_potential': 0.0, 'messages': {'company_size': 'No company size -> 0', 'job_role': 'Executive / founder role -> +15', 'country': 'No country / location -> 0', 'website_availability': 'Website hint present -> +5', 'email_availability': 'No email -> 0', 'platform_source': "Platform 'linkedin' -> +14", 'industry_match': 'No benchmark industry configured -> 0', 'budget_potential': 'No budget keywords -> 0'}, 'raw_total': 34.0}
2026-04-28 18:31:43,087 | INFO | weekly_engine start day=mon keyword=software location=
2026-04-28 18:31:43,088 | INFO | weekly_engine Startup ingestion done: saved={'created': 0, 'updated': 0, 'skipped': 0} enrich={'selected': 0, 'ok': 0, 'failed': 0, 'skipped': 0}
2026-04-28 18:31:43,577 | INFO | weekly_engine start day=fri keyword=software location=
2026-04-28 18:31:47,061 | INFO | weekly_engine start day=sat keyword=software location=
2026-04-28 18:31:47,063 | INFO | lead_score | ref=Ravi Kumar score=44 tier=cold factors={'company_size': 0.0, 'job_role': 15.0, 'country': 0.0, 'website_availability': 10.0, 'email_availability': 0.0, 'platform_source': 14.0, 'industry_match': 0.0, 'budget_potential': 0.0, 'messages': {'company_size': 'No company size -> 0', 'job_role': 'Executive / founder role -> +15', 'country': 'No country / location -> 0', 'website_availability': 'Website URL present -> +10', 'email_availability': 'No email -> 0', 'platform_source': "Platform 'linkedin' -> +14", 'industry_match': 'No benchmark industry configured -> 0', 'budget_potential': 'No budget keywords -> 0'}, 'raw_total': 39.0}
2026-04-28 18:31:47,067 | INFO | weekly_engine saturday prepared candidates=9
2026-04-28 18:31:47,308 | INFO | weekly_engine start day=sun keyword=software location=
2026-04-28 18:31:47,312 | INFO | weekly_engine sunday cleanup/report: {'total_companies': 9, 'total_leads': 2, 'hot_leads': 0, 'enriched_total': 9, 'high_priority_companies': 0, 'trimmed_content_rows': 0, 'report_file': 'sessions\\weekly_reports\\weekly_report_20260428.json'}
2026-04-28 18:32:07,127 | INFO | weekly_engine start day=mon keyword=acme location=
2026-04-28 18:32:07,134 | INFO | weekly_engine Startup ingestion done: saved={'created': 1, 'updated': 1, 'skipped': 0} enrich={'selected': 1, 'ok': 1, 'failed': 0, 'skipped': 0}
2026-04-28 18:32:07,145 | INFO | weekly_engine start day=sat keyword=software location=
2026-04-28 18:32:07,150 | INFO | weekly_engine start day=sun keyword=software location=
2026-04-28 18:32:07,153 | INFO | weekly_engine sunday cleanup/report: {'total_companies': 3, 'total_leads': 2, 'hot_leads': 0, 'enriched_total': 1, 'high_priority_companies': 0, 'trimmed_content_rows': 0, 'report_file': 'sessions\\weekly_reports\\weekly_report_20260428.json'}
2026-04-28 18:32:07,180 | INFO | lead_score | ref=One score=1 tier=cold factors={'company_size': 0.0, 'job_role': 0.0, 'country': 0.0, 'website_availability': 0.0, 'email_availability': 0.0, 'platform_source': 14.0, 'industry_match': 0.0, 'budget_potential': 0.0, 'messages': {'company_size': 'No company size -> 0', 'job_role': 'No job title -> 0', 'country': 'No country / location -> 0', 'website_availability': 'No company website -> 0', 'email_availability': 'No email -> 0', 'platform_source': "Platform 'linkedin' -> +14", 'industry_match': 'No benchmark industry configured -> 0', 'budget_potential': 'No budget keywords -> 0'}, 'raw_total': 14.0}
2026-04-28 18:32:07,182 | INFO | lead_score | ref=Two score=31 tier=cold factors={'company_size': 0.0, 'job_role': 12.0, 'country': 0.0, 'website_availability': 0.0, 'email_availability': 0.0, 'platform_source': 14.0, 'industry_match': 0.0, 'budget_potential': 0.0, 'messages': {'company_size': 'No company size -> 0', 'job_role': 'VP / Director-level title -> +12', 'country': 'No country / location -> 0', 'website_availability': 'No company website -> 0', 'email_availability': 'No email -> 0', 'platform_source': "Platform 'linkedin' -> +14", 'industry_match': 'No benchmark industry configured -> 0', 'budget_potential': 'No budget keywords -> 0'}, 'raw_total': 26.0}
2026-04-28 18:32:07,444 | INFO | lead_score | ref=Jane Doe score=52 tier=warm factors={'company_size': 6.0, 'job_role': 12.0, 'country': 10.0, 'website_availability': 10.0, 'email_availability': 12.0, 'platform_source': 14.0, 'industry_match': 0.0, 'budget_potential': 0.0, 'messages': {'company_size': 'SMB size -> +6', 'job_role': 'VP / Director-level title -> +12', 'country': 'Tier-1 geography signal (us) -> +10', 'website_availability': 'Website URL present -> +10', 'email_availability': 'Corporate-looking email -> +12', 'platform_source': "Platform 'linkedin' -> +14", 'industry_match': 'No benchmark industry configured -> 0', 'budget_potential': 'No budget keywords -> 0'}, 'raw_total': 64.0}
2026-04-28 18:32:07,444 | INFO | lead_score | ref=Jane Doe score=76 tier=warm factors={'company_size': 6.0, 'job_role': 12.0, 'country': 10.0, 'website_availability': 10.0, 'email_availability': 12.0, 'platform_source': 14.0, 'industry_match': 0.0, 'budget_potential': 0.0, 'messages': {'company_size': 'SMB size -> +6', 'job_role': 'VP / Director-level title -> +12', 'country': 'Tier-1 geography signal (us) -> +10', 'website_availability': 'Website URL present -> +10', 'email_availability': 'Corporate-looking email -> +12', 'platform_source': "Platform 'linkedin' -> +14", 'industry_match': 'No benchmark industry configured -> 0', 'budget_potential': 'No budget keywords -> 0', 'signal_extension': 'Signals +24 (hiring=True, scaling=True, content_gap=True, ads_gap=True)'}, 'raw_total': 64.0}
2026-04-28 18:32:08,924 | INFO | weekly_engine start day=sat keyword=software location=
2026-04-28 18:32:08,926 | INFO | lead_score | ref=Loop Founder score=44 tier=cold factors={'company_size': 0.0, 'job_role': 15.0, 'country': 0.0, 'website_availability': 10.0, 'email_availability': 0.0, 'platform_source': 14.0, 'industry_match': 0.0, 'budget_potential': 0.0, 'messages': {'company_size': 'No company size -> 0', 'job_role': 'Executive / founder role -> +15', 'country': 'No country / location -> 0', 'website_availability': 'Website URL present -> +10', 'email_availability': 'No email -> 0', 'platform_source': "Platform 'linkedin' -> +14", 'industry_match': 'No benchmark industry configured -> 0', 'budget_potential': 'No budget keywords -> 0'}, 'raw_total': 39.0}
2026-04-28 18:32:08,930 | INFO | weekly_engine saturday prepared candidates=4
2026-04-29 10:27:29,343 | INFO | lead_score | ref=Aman Verma score=43 tier=cold factors={'company_size': 0.0, 'job_role': 15.0, 'country': 0.0, 'website_availability': 5.0, 'email_availability': 0.0, 'platform_source': 14.0, 'industry_match': 0.0, 'budget_potential': 0.0, 'messages': {'company_size': 'No company size -> 0', 'job_role': 'Executive / founder role -> +15', 'country': 'No country / location -> 0', 'website_availability': 'Website hint present -> +5', 'email_availability': 'No email -> 0', 'platform_source': "Platform 'linkedin' -> +14", 'industry_match': 'No benchmark industry configured -> 0', 'budget_potential': 'No budget keywords -> 0'}, 'raw_total': 34.0}
2026-04-29 10:27:29,877 | INFO | weekly_engine start day=mon keyword=software location=
2026-04-29 10:27:29,878 | INFO | weekly_engine Startup ingestion done: saved={'created': 0, 'updated': 0, 'skipped': 0} enrich={'selected': 0, 'ok': 0, 'failed': 0, 'skipped': 0}
2026-04-29 10:27:30,383 | INFO | weekly_engine start day=fri keyword=software location=
2026-04-29 10:27:33,865 | INFO | weekly_engine start day=sat keyword=software location=
2026-04-29 10:27:33,868 | INFO | lead_score | ref=Ravi Kumar score=44 tier=cold factors={'company_size': 0.0, 'job_role': 15.0, 'country': 0.0, 'website_availability': 10.0, 'email_availability': 0.0, 'platform_source': 14.0, 'industry_match': 0.0, 'budget_potential': 0.0, 'messages': {'company_size': 'No company size -> 0', 'job_role': 'Executive / founder role -> +15', 'country': 'No country / location -> 0', 'website_availability': 'Website URL present -> +10', 'email_availability': 'No email -> 0', 'platform_source': "Platform 'linkedin' -> +14", 'industry_match': 'No benchmark industry configured -> 0', 'budget_potential': 'No budget keywords -> 0'}, 'raw_total': 39.0}
2026-04-29 10:27:33,873 | INFO | weekly_engine saturday prepared candidates=9
2026-04-29 10:27:34,113 | INFO | weekly_engine start day=sun keyword=software location=
2026-04-29 10:27:34,155 | INFO | weekly_engine sunday cleanup/report: {'total_companies': 9, 'total_leads': 2, 'hot_leads': 0, 'enriched_total': 9, 'high_priority_companies': 0, 'trimmed_content_rows': 0, 'report_file': 'sessions\\weekly_reports\\weekly_report_20260429.json'}
2026-04-29 10:27:53,618 | INFO | weekly_engine start day=mon keyword=acme location=
2026-04-29 10:27:53,624 | INFO | weekly_engine Startup ingestion done: saved={'created': 1, 'updated': 1, 'skipped': 0} enrich={'selected': 1, 'ok': 1, 'failed': 0, 'skipped': 0}
2026-04-29 10:27:53,636 | INFO | weekly_engine start day=sat keyword=software location=
2026-04-29 10:27:53,640 | INFO | weekly_engine start day=sun keyword=software location=
2026-04-29 10:27:53,643 | INFO | weekly_engine sunday cleanup/report: {'total_companies': 3, 'total_leads': 2, 'hot_leads': 0, 'enriched_total': 1, 'high_priority_companies': 0, 'trimmed_content_rows': 0, 'report_file': 'sessions\\weekly_reports\\weekly_report_20260429.json'}
2026-04-29 10:27:53,672 | INFO | lead_score | ref=One score=1 tier=cold factors={'company_size': 0.0, 'job_role': 0.0, 'country': 0.0, 'website_availability': 0.0, 'email_availability': 0.0, 'platform_source': 14.0, 'industry_match': 0.0, 'budget_potential': 0.0, 'messages': {'company_size': 'No company size -> 0', 'job_role': 'No job title -> 0', 'country': 'No country / location -> 0', 'website_availability': 'No company website -> 0', 'email_availability': 'No email -> 0', 'platform_source': "Platform 'linkedin' -> +14", 'industry_match': 'No benchmark industry configured -> 0', 'budget_potential': 'No budget keywords -> 0'}, 'raw_total': 14.0}
2026-04-29 10:27:53,675 | INFO | lead_score | ref=Two score=31 tier=cold factors={'company_size': 0.0, 'job_role': 12.0, 'country': 0.0, 'website_availability': 0.0, 'email_availability': 0.0, 'platform_source': 14.0, 'industry_match': 0.0, 'budget_potential': 0.0, 'messages': {'company_size': 'No company size -> 0', 'job_role': 'VP / Director-level title -> +12', 'country': 'No country / location -> 0', 'website_availability': 'No company website -> 0', 'email_availability': 'No email -> 0', 'platform_source': "Platform 'linkedin' -> +14", 'industry_match': 'No benchmark industry configured -> 0', 'budget_potential': 'No budget keywords -> 0'}, 'raw_total': 26.0}
2026-04-29 10:27:54,005 | INFO | lead_score | ref=Jane Doe score=52 tier=warm factors={'company_size': 6.0, 'job_role': 12.0, 'country': 10.0, 'website_availability': 10.0, 'email_availability': 12.0, 'platform_source': 14.0, 'industry_match': 0.0, 'budget_potential': 0.0, 'messages': {'company_size': 'SMB size -> +6', 'job_role': 'VP / Director-level title -> +12', 'country': 'Tier-1 geography signal (us) -> +10', 'website_availability': 'Website URL present -> +10', 'email_availability': 'Corporate-looking email -> +12', 'platform_source': "Platform 'linkedin' -> +14", 'industry_match': 'No benchmark industry configured -> 0', 'budget_potential': 'No budget keywords -> 0'}, 'raw_total': 64.0}
2026-04-29 10:27:54,006 | INFO | lead_score | ref=Jane Doe score=76 tier=warm factors={'company_size': 6.0, 'job_role': 12.0, 'country': 10.0, 'website_availability': 10.0, 'email_availability': 12.0, 'platform_source': 14.0, 'industry_match': 0.0, 'budget_potential': 0.0, 'messages': {'company_size': 'SMB size -> +6', 'job_role': 'VP / Director-level title -> +12', 'country': 'Tier-1 geography signal (us) -> +10', 'website_availability': 'Website URL present -> +10', 'email_availability': 'Corporate-looking email -> +12', 'platform_source': "Platform 'linkedin' -> +14", 'industry_match': 'No benchmark industry configured -> 0', 'budget_potential': 'No budget keywords -> 0', 'signal_extension': 'Signals +24 (hiring=True, scaling=True, content_gap=True, ads_gap=True)'}, 'raw_total': 64.0}
2026-04-29 10:27:55,498 | INFO | weekly_engine start day=sat keyword=software location=
2026-04-29 10:27:55,501 | INFO | lead_score | ref=Loop Founder score=44 tier=cold factors={'company_size': 0.0, 'job_role': 15.0, 'country': 0.0, 'website_availability': 10.0, 'email_availability': 0.0, 'platform_source': 14.0, 'industry_match': 0.0, 'budget_potential': 0.0, 'messages': {'company_size': 'No company size -> 0', 'job_role': 'Executive / founder role -> +15', 'country': 'No country / location -> 0', 'website_availability': 'Website URL present -> +10', 'email_availability': 'No email -> 0', 'platform_source': "Platform 'linkedin' -> +14", 'industry_match': 'No benchmark industry configured -> 0', 'budget_potential': 'No budget keywords -> 0'}, 'raw_total': 39.0}
2026-04-29 10:27:55,505 | INFO | weekly_engine saturday prepared candidates=4
2026-04-29 10:32:04,188 | INFO | weekly_engine start day=mon keyword=acme location=
2026-04-29 10:32:04,208 | INFO | weekly_engine Startup ingestion done: saved={'created': 1, 'updated': 1, 'skipped': 0} enrich={'selected': 1, 'ok': 1, 'failed': 0, 'skipped': 0}
2026-04-29 10:32:04,238 | INFO | weekly_engine start day=sat keyword=software location=
2026-04-29 10:32:04,249 | INFO | weekly_engine start day=sun keyword=software location=
2026-04-29 10:32:04,260 | INFO | weekly_engine sunday cleanup/report: {'total_companies': 2, 'total_leads': 0, 'hot_leads': 0, 'enriched_total': 1, 'high_priority_companies': 0, 'trimmed_content_rows': 0, 'report_file': 'sessions\\weekly_reports\\weekly_report_20260429.json'}
2026-04-29 10:32:04,763 | INFO | weekly_engine start day=mon keyword=software location=
2026-04-29 10:32:04,766 | INFO | weekly_engine Startup ingestion done: saved={'created': 0, 'updated': 0, 'skipped': 0} enrich={'selected': 0, 'ok': 0, 'failed': 0, 'skipped': 0}
2026-04-29 10:32:05,218 | INFO | weekly_engine start day=fri keyword=software location=
2026-04-29 10:32:06,143 | INFO | weekly_engine start day=sat keyword=software location=
2026-04-29 10:32:06,151 | INFO | lead_score | ref=Ravi Kumar score=44 tier=cold factors={'company_size': 0.0, 'job_role': 15.0, 'country': 0.0, 'website_availability': 10.0, 'email_availability': 0.0, 'platform_source': 14.0, 'industry_match': 0.0, 'budget_potential': 0.0, 'messages': {'company_size': 'No company size -> 0', 'job_role': 'Executive / founder role -> +15', 'country': 'No country / location -> 0', 'website_availability': 'Website URL present -> +10', 'email_availability': 'No email -> 0', 'platform_source': "Platform 'linkedin' -> +14", 'industry_match': 'No benchmark industry configured -> 0', 'budget_potential': 'No budget keywords -> 0'}, 'raw_total': 39.0}
2026-04-29 10:32:06,166 | INFO | weekly_engine saturday prepared candidates=2
2026-04-29 10:32:06,538 | INFO | weekly_engine start day=sun keyword=software location=
2026-04-29 10:32:06,543 | INFO | weekly_engine sunday cleanup/report: {'total_companies': 2, 'total_leads': 1, 'hot_leads': 0, 'enriched_total': 2, 'high_priority_companies': 0, 'trimmed_content_rows': 0, 'report_file': 'sessions\\weekly_reports\\weekly_report_20260429.json'}
2026-04-29 10:40:00,423 | INFO | lead_score | ref=Aman Verma score=42 tier=cold factors={'company_size': 0.0, 'job_role': 15.0, 'country': 0.0, 'website_availability': 5.0, 'email_availability': 0.0, 'platform_source': 14.0, 'industry_match': 0.0, 'budget_potential': 0.0, 'messages': {'company_size': 'No company size -> 0', 'job_role': 'Executive / founder role -> +15', 'country': 'No country / location -> 0', 'website_availability': 'Website hint present -> +5', 'email_availability': 'No email -> 0', 'platform_source': "Platform 'linkedin' -> +14", 'industry_match': 'No benchmark industry configured -> 0', 'budget_potential': 'No budget keywords -> 0'}, 'raw_total': 34.0}
2026-04-29 10:40:01,010 | INFO | weekly_engine start day=mon keyword=software location=
2026-04-29 10:40:01,012 | INFO | weekly_engine Startup ingestion done: saved={'created': 0, 'updated': 0, 'skipped': 0} enrich={'selected': 0, 'ok': 0, 'failed': 0, 'skipped': 0}
2026-04-29 10:40:01,688 | INFO | weekly_engine start day=fri keyword=software location=
2026-04-29 10:40:05,229 | INFO | weekly_engine start day=sat keyword=software location=
2026-04-29 10:40:05,232 | INFO | lead_score | ref=Ravi Kumar score=42 tier=cold factors={'company_size': 0.0, 'job_role': 15.0, 'country': 0.0, 'website_availability': 10.0, 'email_availability': 0.0, 'platform_source': 14.0, 'industry_match': 0.0, 'budget_potential': 0.0, 'messages': {'company_size': 'No company size -> 0', 'job_role': 'Executive / founder role -> +15', 'country': 'No country / location -> 0', 'website_availability': 'Website URL present -> +10', 'email_availability': 'No email -> 0', 'platform_source': "Platform 'linkedin' -> +14", 'industry_match': 'No benchmark industry configured -> 0', 'budget_potential': 'No budget keywords -> 0'}, 'raw_total': 39.0}
2026-04-29 10:40:05,236 | INFO | weekly_engine saturday prepared candidates=9
2026-04-29 10:40:05,512 | INFO | weekly_engine start day=sun keyword=software location=
2026-04-29 10:40:05,518 | INFO | weekly_engine sunday cleanup/report: {'total_companies': 9, 'total_leads': 2, 'hot_leads': 0, 'enriched_total': 9, 'high_priority_companies': 9, 'trimmed_content_rows': 0, 'report_file': 'sessions\\weekly_reports\\weekly_report_20260429.json'}
2026-04-29 10:40:06,386 | INFO | weekly_engine start day=mon keyword=acme location=
2026-04-29 10:40:06,396 | INFO | weekly_engine Startup ingestion done: saved={'created': 0, 'updated': 2, 'skipped': 0} enrich={'selected': 1, 'ok': 1, 'failed': 0, 'skipped': 0}
2026-04-29 10:40:06,414 | INFO | weekly_engine start day=sat keyword=software location=
2026-04-29 10:40:06,423 | INFO | weekly_engine start day=sun keyword=software location=
2026-04-29 10:40:06,428 | INFO | weekly_engine sunday cleanup/report: {'total_companies': 9, 'total_leads': 2, 'hot_leads': 0, 'enriched_total': 9, 'high_priority_companies': 9, 'trimmed_content_rows': 0, 'report_file': 'sessions\\weekly_reports\\weekly_report_20260429.json'}
2026-04-29 10:40:06,432 | INFO | lead_score | ref=Jane Doe score=52 tier=warm factors={'company_size': 6.0, 'job_role': 12.0, 'country': 10.0, 'website_availability': 10.0, 'email_availability': 12.0, 'platform_source': 14.0, 'industry_match': 0.0, 'budget_potential': 0.0, 'messages': {'company_size': 'SMB size -> +6', 'job_role': 'VP / Director-level title -> +12', 'country': 'Tier-1 geography signal (us) -> +10', 'website_availability': 'Website URL present -> +10', 'email_availability': 'Corporate-looking email -> +12', 'platform_source': "Platform 'linkedin' -> +14", 'industry_match': 'No benchmark industry configured -> 0', 'budget_potential': 'No budget keywords -> 0'}, 'raw_total': 64.0}
2026-04-29 10:40:06,433 | INFO | lead_score | ref=Jane Doe score=76 tier=warm factors={'company_size': 6.0, 'job_role': 12.0, 'country': 10.0, 'website_availability': 10.0, 'email_availability': 12.0, 'platform_source': 14.0, 'industry_match': 0.0, 'budget_potential': 0.0, 'messages': {'company_size': 'SMB size -> +6', 'job_role': 'VP / Director-level title -> +12', 'country': 'Tier-1 geography signal (us) -> +10', 'website_availability': 'Website URL present -> +10', 'email_availability': 'Corporate-looking email -> +12', 'platform_source': "Platform 'linkedin' -> +14", 'industry_match': 'No benchmark industry configured -> 0', 'budget_potential': 'No budget keywords -> 0', 'signal_extension': 'Signals +24 (hiring=True, scaling=True, content_gap=True, ads_gap=True)'}, 'raw_total': 64.0}
2026-04-29 10:41:33,814 | INFO | lead_score | ref=Aman Verma score=42 tier=cold factors={'company_size': 0.0, 'job_role': 15.0, 'country': 0.0, 'website_availability': 5.0, 'email_availability': 0.0, 'platform_source': 14.0, 'industry_match': 0.0, 'budget_potential': 0.0, 'messages': {'company_size': 'No company size -> 0', 'job_role': 'Executive / founder role -> +15', 'country': 'No country / location -> 0', 'website_availability': 'Website hint present -> +5', 'email_availability': 'No email -> 0', 'platform_source': "Platform 'linkedin' -> +14", 'industry_match': 'No benchmark industry configured -> 0', 'budget_potential': 'No budget keywords -> 0'}, 'raw_total': 34.0}
2026-04-29 10:41:34,397 | INFO | weekly_engine start day=mon keyword=software location=
2026-04-29 10:41:34,398 | INFO | weekly_engine Startup ingestion done: saved={'created': 0, 'updated': 0, 'skipped': 0} enrich={'selected': 0, 'ok': 0, 'failed': 0, 'skipped': 0}
2026-04-29 10:41:35,011 | INFO | weekly_engine start day=fri keyword=software location=
2026-04-29 10:41:38,669 | INFO | weekly_engine start day=sat keyword=software location=
2026-04-29 10:41:38,673 | INFO | lead_score | ref=Ravi Kumar score=42 tier=cold factors={'company_size': 0.0, 'job_role': 15.0, 'country': 0.0, 'website_availability': 10.0, 'email_availability': 0.0, 'platform_source': 14.0, 'industry_match': 0.0, 'budget_potential': 0.0, 'messages': {'company_size': 'No company size -> 0', 'job_role': 'Executive / founder role -> +15', 'country': 'No country / location -> 0', 'website_availability': 'Website URL present -> +10', 'email_availability': 'No email -> 0', 'platform_source': "Platform 'linkedin' -> +14", 'industry_match': 'No benchmark industry configured -> 0', 'budget_potential': 'No budget keywords -> 0'}, 'raw_total': 39.0}
2026-04-29 10:41:38,677 | INFO | weekly_engine saturday prepared candidates=9
2026-04-29 10:41:39,007 | INFO | weekly_engine start day=sun keyword=software location=
2026-04-29 10:41:39,014 | INFO | weekly_engine sunday cleanup/report: {'total_companies': 9, 'total_leads': 2, 'hot_leads': 0, 'enriched_total': 9, 'high_priority_companies': 9, 'trimmed_content_rows': 0, 'report_file': 'sessions\\weekly_reports\\weekly_report_20260429.json'}
2026-04-29 10:41:39,984 | INFO | weekly_engine start day=mon keyword=acme location=
2026-04-29 10:41:39,995 | INFO | weekly_engine Startup ingestion done: saved={'created': 0, 'updated': 2, 'skipped': 0} enrich={'selected': 1, 'ok': 1, 'failed': 0, 'skipped': 0}
2026-04-29 10:41:40,010 | INFO | weekly_engine start day=sat keyword=software location=
2026-04-29 10:41:40,016 | INFO | weekly_engine start day=sun keyword=software location=
2026-04-29 10:41:40,021 | INFO | weekly_engine sunday cleanup/report: {'total_companies': 9, 'total_leads': 2, 'hot_leads': 0, 'enriched_total': 9, 'high_priority_companies': 9, 'trimmed_content_rows': 0, 'report_file': 'sessions\\weekly_reports\\weekly_report_20260429.json'}
2026-04-29 10:41:40,027 | INFO | lead_score | ref=Jane Doe score=52 tier=warm factors={'company_size': 6.0, 'job_role': 12.0, 'country': 10.0, 'website_availability': 10.0, 'email_availability': 12.0, 'platform_source': 14.0, 'industry_match': 0.0, 'budget_potential': 0.0, 'messages': {'company_size': 'SMB size -> +6', 'job_role': 'VP / Director-level title -> +12', 'country': 'Tier-1 geography signal (us) -> +10', 'website_availability': 'Website URL present -> +10', 'email_availability': 'Corporate-looking email -> +12', 'platform_source': "Platform 'linkedin' -> +14", 'industry_match': 'No benchmark industry configured -> 0', 'budget_potential': 'No budget keywords -> 0'}, 'raw_total': 64.0}
2026-04-29 10:41:40,028 | INFO | lead_score | ref=Jane Doe score=76 tier=warm factors={'company_size': 6.0, 'job_role': 12.0, 'country': 10.0, 'website_availability': 10.0, 'email_availability': 12.0, 'platform_source': 14.0, 'industry_match': 0.0, 'budget_potential': 0.0, 'messages': {'company_size': 'SMB size -> +6', 'job_role': 'VP / Director-level title -> +12', 'country': 'Tier-1 geography signal (us) -> +10', 'website_availability': 'Website URL present -> +10', 'email_availability': 'Corporate-looking email -> +12', 'platform_source': "Platform 'linkedin' -> +14", 'industry_match': 'No benchmark industry configured -> 0', 'budget_potential': 'No budget keywords -> 0', 'signal_extension': 'Signals +24 (hiring=True, scaling=True, content_gap=True, ads_gap=True)'}, 'raw_total': 64.0}
2026-04-29 10:42:31,014 | INFO | lead_score | ref=Aman Verma score=42 tier=cold factors={'company_size': 0.0, 'job_role': 15.0, 'country': 0.0, 'website_availability': 5.0, 'email_availability': 0.0, 'platform_source': 14.0, 'industry_match': 0.0, 'budget_potential': 0.0, 'messages': {'company_size': 'No company size -> 0', 'job_role': 'Executive / founder role -> +15', 'country': 'No country / location -> 0', 'website_availability': 'Website hint present -> +5', 'email_availability': 'No email -> 0', 'platform_source': "Platform 'linkedin' -> +14", 'industry_match': 'No benchmark industry configured -> 0', 'budget_potential': 'No budget keywords -> 0'}, 'raw_total': 34.0}
2026-04-29 10:42:31,644 | INFO | weekly_engine start day=mon keyword=software location=
2026-04-29 10:42:31,645 | INFO | weekly_engine Startup ingestion done: saved={'created': 0, 'updated': 0, 'skipped': 0} enrich={'selected': 0, 'ok': 0, 'failed': 0, 'skipped': 0}
2026-04-29 10:42:32,208 | INFO | weekly_engine start day=fri keyword=software location=
2026-04-29 10:42:35,733 | INFO | weekly_engine start day=sat keyword=software location=
2026-04-29 10:42:35,736 | INFO | lead_score | ref=Ravi Kumar score=42 tier=cold factors={'company_size': 0.0, 'job_role': 15.0, 'country': 0.0, 'website_availability': 10.0, 'email_availability': 0.0, 'platform_source': 14.0, 'industry_match': 0.0, 'budget_potential': 0.0, 'messages': {'company_size': 'No company size -> 0', 'job_role': 'Executive / founder role -> +15', 'country': 'No country / location -> 0', 'website_availability': 'Website URL present -> +10', 'email_availability': 'No email -> 0', 'platform_source': "Platform 'linkedin' -> +14", 'industry_match': 'No benchmark industry configured -> 0', 'budget_potential': 'No budget keywords -> 0'}, 'raw_total': 39.0}
2026-04-29 10:42:35,739 | INFO | weekly_engine saturday prepared candidates=9
2026-04-29 10:42:36,028 | INFO | weekly_engine start day=sun keyword=software location=
2026-04-29 10:42:36,036 | INFO | weekly_engine sunday cleanup/report: {'total_companies': 9, 'total_leads': 2, 'hot_leads': 0, 'enriched_total': 9, 'high_priority_companies': 9, 'trimmed_content_rows': 0, 'report_file': 'sessions\\weekly_reports\\weekly_report_20260429.json'}
2026-04-29 10:42:58,157 | INFO | weekly_engine start day=mon keyword=acme location=
2026-04-29 10:42:58,167 | INFO | weekly_engine Startup ingestion done: saved={'created': 1, 'updated': 1, 'skipped': 0} enrich={'selected': 1, 'ok': 1, 'failed': 0, 'skipped': 0}
2026-04-29 10:42:58,180 | INFO | weekly_engine start day=sat keyword=software location=
2026-04-29 10:42:58,187 | INFO | weekly_engine start day=sun keyword=software location=
2026-04-29 10:42:58,191 | INFO | weekly_engine sunday cleanup/report: {'total_companies': 3, 'total_leads': 2, 'hot_leads': 0, 'enriched_total': 1, 'high_priority_companies': 1, 'trimmed_content_rows': 0, 'report_file': 'sessions\\weekly_reports\\weekly_report_20260429.json'}
2026-04-29 10:42:58,230 | INFO | lead_score | ref=One score=1 tier=cold factors={'company_size': 0.0, 'job_role': 0.0, 'country': 0.0, 'website_availability': 0.0, 'email_availability': 0.0, 'platform_source': 14.0, 'industry_match': 0.0, 'budget_potential': 0.0, 'messages': {'company_size': 'No company size -> 0', 'job_role': 'No job title -> 0', 'country': 'No country / location -> 0', 'website_availability': 'No company website -> 0', 'email_availability': 'No email -> 0', 'platform_source': "Platform 'linkedin' -> +14", 'industry_match': 'No benchmark industry configured -> 0', 'budget_potential': 'No budget keywords -> 0'}, 'raw_total': 14.0}
2026-04-29 10:42:58,233 | INFO | lead_score | ref=Two score=25 tier=cold factors={'company_size': 0.0, 'job_role': 12.0, 'country': 0.0, 'website_availability': 0.0, 'email_availability': 0.0, 'platform_source': 14.0, 'industry_match': 0.0, 'budget_potential': 0.0, 'messages': {'company_size': 'No company size -> 0', 'job_role': 'VP / Director-level title -> +12', 'country': 'No country / location -> 0', 'website_availability': 'No company website -> 0', 'email_availability': 'No email -> 0', 'platform_source': "Platform 'linkedin' -> +14", 'industry_match': 'No benchmark industry configured -> 0', 'budget_potential': 'No budget keywords -> 0'}, 'raw_total': 26.0}
2026-04-29 10:42:58,550 | INFO | lead_score | ref=Jane Doe score=52 tier=warm factors={'company_size': 6.0, 'job_role': 12.0, 'country': 10.0, 'website_availability': 10.0, 'email_availability': 12.0, 'platform_source': 14.0, 'industry_match': 0.0, 'budget_potential': 0.0, 'messages': {'company_size': 'SMB size -> +6', 'job_role': 'VP / Director-level title -> +12', 'country': 'Tier-1 geography signal (us) -> +10', 'website_availability': 'Website URL present -> +10', 'email_availability': 'Corporate-looking email -> +12', 'platform_source': "Platform 'linkedin' -> +14", 'industry_match': 'No benchmark industry configured -> 0', 'budget_potential': 'No budget keywords -> 0'}, 'raw_total': 64.0}
2026-04-29 10:42:58,551 | INFO | lead_score | ref=Jane Doe score=76 tier=warm factors={'company_size': 6.0, 'job_role': 12.0, 'country': 10.0, 'website_availability': 10.0, 'email_availability': 12.0, 'platform_source': 14.0, 'industry_match': 0.0, 'budget_potential': 0.0, 'messages': {'company_size': 'SMB size -> +6', 'job_role': 'VP / Director-level title -> +12', 'country': 'Tier-1 geography signal (us) -> +10', 'website_availability': 'Website URL present -> +10', 'email_availability': 'Corporate-looking email -> +12', 'platform_source': "Platform 'linkedin' -> +14", 'industry_match': 'No benchmark industry configured -> 0', 'budget_potential': 'No budget keywords -> 0', 'signal_extension': 'Signals +24 (hiring=True, scaling=True, content_gap=True, ads_gap=True)'}, 'raw_total': 64.0}
2026-04-29 10:43:00,102 | INFO | weekly_engine start day=sat keyword=software location=
2026-04-29 10:43:00,104 | INFO | lead_score | ref=Loop Founder score=42 tier=cold factors={'company_size': 0.0, 'job_role': 15.0, 'country': 0.0, 'website_availability': 10.0, 'email_availability': 0.0, 'platform_source': 14.0, 'industry_match': 0.0, 'budget_potential': 0.0, 'messages': {'company_size': 'No company size -> 0', 'job_role': 'Executive / founder role -> +15', 'country': 'No country / location -> 0', 'website_availability': 'Website URL present -> +10', 'email_availability': 'No email -> 0', 'platform_source': "Platform 'linkedin' -> +14", 'industry_match': 'No benchmark industry configured -> 0', 'budget_potential': 'No budget keywords -> 0'}, 'raw_total': 39.0}
2026-04-29 10:43:00,108 | INFO | weekly_engine saturday prepared candidates=4
2026-04-29 10:45:58,179 | INFO | weekly_engine start day=mon keyword=software location=
2026-04-29 10:45:58,180 | INFO | weekly_engine Startup ingestion done: saved={'created': 0, 'updated': 0, 'skipped': 0} enrich={'selected': 0, 'ok': 0, 'failed': 0, 'skipped': 0}
2026-04-29 11:21:21,165 | INFO | lead_score | ref=Aman Verma score=42 tier=cold factors={'company_size': 0.0, 'job_role': 15.0, 'country': 0.0, 'website_availability': 5.0, 'email_availability': 0.0, 'platform_source': 14.0, 'industry_match': 0.0, 'budget_potential': 0.0, 'messages': {'company_size': 'No company size -> 0', 'job_role': 'Executive / founder role -> +15', 'country': 'No country / location -> 0', 'website_availability': 'Website hint present -> +5', 'email_availability': 'No email -> 0', 'platform_source': "Platform 'linkedin' -> +14", 'industry_match': 'No benchmark industry configured -> 0', 'budget_potential': 'No budget keywords -> 0'}, 'raw_total': 34.0}
2026-04-29 11:21:21,675 | INFO | weekly_engine start day=mon keyword=software location=
2026-04-29 11:21:21,677 | INFO | weekly_engine Startup ingestion done: saved={'created': 0, 'updated': 0, 'skipped': 0} enrich={'selected': 0, 'ok': 0, 'failed': 0, 'skipped': 0}
2026-04-29 11:21:22,277 | INFO | weekly_engine start day=fri keyword=software location=
2026-04-29 11:21:25,771 | INFO | weekly_engine start day=sat keyword=software location=
2026-04-29 11:21:25,774 | INFO | lead_score | ref=Ravi Kumar score=42 tier=cold factors={'company_size': 0.0, 'job_role': 15.0, 'country': 0.0, 'website_availability': 10.0, 'email_availability': 0.0, 'platform_source': 14.0, 'industry_match': 0.0, 'budget_potential': 0.0, 'messages': {'company_size': 'No company size -> 0', 'job_role': 'Executive / founder role -> +15', 'country': 'No country / location -> 0', 'website_availability': 'Website URL present -> +10', 'email_availability': 'No email -> 0', 'platform_source': "Platform 'linkedin' -> +14", 'industry_match': 'No benchmark industry configured -> 0', 'budget_potential': 'No budget keywords -> 0'}, 'raw_total': 39.0}
2026-04-29 11:21:25,778 | INFO | weekly_engine saturday prepared candidates=9
2026-04-29 11:21:26,101 | INFO | weekly_engine start day=sun keyword=software location=
2026-04-29 11:21:26,108 | INFO | weekly_engine sunday cleanup/report: {'total_companies': 9, 'total_leads': 2, 'hot_leads': 0, 'enriched_total': 9, 'high_priority_companies': 9, 'trimmed_content_rows': 0, 'report_file': 'sessions\\weekly_reports\\weekly_report_20260429.json'}
2026-04-29 11:21:47,309 | INFO | weekly_engine start day=mon keyword=acme location=
2026-04-29 11:21:47,317 | INFO | weekly_engine Startup ingestion done: saved={'created': 1, 'updated': 1, 'skipped': 0} enrich={'selected': 1, 'ok': 1, 'failed': 0, 'skipped': 0}
2026-04-29 11:21:47,331 | INFO | weekly_engine start day=sat keyword=software location=
2026-04-29 11:21:47,338 | INFO | weekly_engine start day=sun keyword=software location=
2026-04-29 11:21:47,342 | INFO | weekly_engine sunday cleanup/report: {'total_companies': 3, 'total_leads': 2, 'hot_leads': 0, 'enriched_total': 1, 'high_priority_companies': 1, 'trimmed_content_rows': 0, 'report_file': 'sessions\\weekly_reports\\weekly_report_20260429.json'}
2026-04-29 11:21:47,375 | INFO | lead_score | ref=One score=1 tier=cold factors={'company_size': 0.0, 'job_role': 0.0, 'country': 0.0, 'website_availability': 0.0, 'email_availability': 0.0, 'platform_source': 14.0, 'industry_match': 0.0, 'budget_potential': 0.0, 'messages': {'company_size': 'No company size -> 0', 'job_role': 'No job title -> 0', 'country': 'No country / location -> 0', 'website_availability': 'No company website -> 0', 'email_availability': 'No email -> 0', 'platform_source': "Platform 'linkedin' -> +14", 'industry_match': 'No benchmark industry configured -> 0', 'budget_potential': 'No budget keywords -> 0'}, 'raw_total': 14.0}
2026-04-29 11:21:47,377 | INFO | lead_score | ref=Two score=25 tier=cold factors={'company_size': 0.0, 'job_role': 12.0, 'country': 0.0, 'website_availability': 0.0, 'email_availability': 0.0, 'platform_source': 14.0, 'industry_match': 0.0, 'budget_potential': 0.0, 'messages': {'company_size': 'No company size -> 0', 'job_role': 'VP / Director-level title -> +12', 'country': 'No country / location -> 0', 'website_availability': 'No company website -> 0', 'email_availability': 'No email -> 0', 'platform_source': "Platform 'linkedin' -> +14", 'industry_match': 'No benchmark industry configured -> 0', 'budget_potential': 'No budget keywords -> 0'}, 'raw_total': 26.0}
2026-04-29 11:21:47,650 | INFO | lead_score | ref=Jane Doe score=52 tier=warm factors={'company_size': 6.0, 'job_role': 12.0, 'country': 10.0, 'website_availability': 10.0, 'email_availability': 12.0, 'platform_source': 14.0, 'industry_match': 0.0, 'budget_potential': 0.0, 'messages': {'company_size': 'SMB size -> +6', 'job_role': 'VP / Director-level title -> +12', 'country': 'Tier-1 geography signal (us) -> +10', 'website_availability': 'Website URL present -> +10', 'email_availability': 'Corporate-looking email -> +12', 'platform_source': "Platform 'linkedin' -> +14", 'industry_match': 'No benchmark industry configured -> 0', 'budget_potential': 'No budget keywords -> 0'}, 'raw_total': 64.0}
2026-04-29 11:21:47,651 | INFO | lead_score | ref=Jane Doe score=76 tier=warm factors={'company_size': 6.0, 'job_role': 12.0, 'country': 10.0, 'website_availability': 10.0, 'email_availability': 12.0, 'platform_source': 14.0, 'industry_match': 0.0, 'budget_potential': 0.0, 'messages': {'company_size': 'SMB size -> +6', 'job_role': 'VP / Director-level title -> +12', 'country': 'Tier-1 geography signal (us) -> +10', 'website_availability': 'Website URL present -> +10', 'email_availability': 'Corporate-looking email -> +12', 'platform_source': "Platform 'linkedin' -> +14", 'industry_match': 'No benchmark industry configured -> 0', 'budget_potential': 'No budget keywords -> 0', 'signal_extension': 'Signals +24 (hiring=True, scaling=True, content_gap=True, ads_gap=True)'}, 'raw_total': 64.0}
2026-04-29 11:23:41,944 | INFO | lead_score | ref=Aman Verma score=42 tier=cold factors={'company_size': 0.0, 'job_role': 15.0, 'country': 0.0, 'website_availability': 5.0, 'email_availability': 0.0, 'platform_source': 14.0, 'industry_match': 0.0, 'budget_potential': 0.0, 'messages': {'company_size': 'No company size -> 0', 'job_role': 'Executive / founder role -> +15', 'country': 'No country / location -> 0', 'website_availability': 'Website hint present -> +5', 'email_availability': 'No email -> 0', 'platform_source': "Platform 'linkedin' -> +14", 'industry_match': 'No benchmark industry configured -> 0', 'budget_potential': 'No budget keywords -> 0'}, 'raw_total': 34.0}
2026-04-29 11:23:42,517 | INFO | weekly_engine start day=mon keyword=software location=
2026-04-29 11:23:42,518 | INFO | weekly_engine Startup ingestion done: saved={'created': 0, 'updated': 0, 'skipped': 0} enrich={'selected': 0, 'ok': 0, 'failed': 0, 'skipped': 0}
2026-04-29 11:23:43,122 | INFO | weekly_engine start day=fri keyword=software location=
2026-04-29 11:23:46,705 | INFO | weekly_engine start day=sat keyword=software location=
2026-04-29 11:23:46,708 | INFO | lead_score | ref=Ravi Kumar score=42 tier=cold factors={'company_size': 0.0, 'job_role': 15.0, 'country': 0.0, 'website_availability': 10.0, 'email_availability': 0.0, 'platform_source': 14.0, 'industry_match': 0.0, 'budget_potential': 0.0, 'messages': {'company_size': 'No company size -> 0', 'job_role': 'Executive / founder role -> +15', 'country': 'No country / location -> 0', 'website_availability': 'Website URL present -> +10', 'email_availability': 'No email -> 0', 'platform_source': "Platform 'linkedin' -> +14", 'industry_match': 'No benchmark industry configured -> 0', 'budget_potential': 'No budget keywords -> 0'}, 'raw_total': 39.0}
2026-04-29 11:23:46,712 | INFO | weekly_engine saturday prepared candidates=9
2026-04-29 11:23:46,964 | INFO | weekly_engine start day=sun keyword=software location=
2026-04-29 11:23:46,968 | INFO | weekly_engine sunday cleanup/report: {'total_companies': 9, 'total_leads': 2, 'hot_leads': 0, 'enriched_total': 9, 'high_priority_companies': 9, 'trimmed_content_rows': 0, 'report_file': 'sessions\\weekly_reports\\weekly_report_20260429.json'}
2026-04-29 11:24:08,047 | INFO | weekly_engine start day=mon keyword=acme location=
2026-04-29 11:24:08,054 | INFO | weekly_engine Startup ingestion done: saved={'created': 1, 'updated': 1, 'skipped': 0} enrich={'selected': 1, 'ok': 1, 'failed': 0, 'skipped': 0}
2026-04-29 11:24:08,066 | INFO | weekly_engine start day=sat keyword=software location=
2026-04-29 11:24:08,071 | INFO | weekly_engine start day=sun keyword=software location=
2026-04-29 11:24:08,075 | INFO | weekly_engine sunday cleanup/report: {'total_companies': 3, 'total_leads': 2, 'hot_leads': 0, 'enriched_total': 1, 'high_priority_companies': 1, 'trimmed_content_rows': 0, 'report_file': 'sessions\\weekly_reports\\weekly_report_20260429.json'}
2026-04-29 11:24:08,101 | INFO | lead_score | ref=One score=1 tier=cold factors={'company_size': 0.0, 'job_role': 0.0, 'country': 0.0, 'website_availability': 0.0, 'email_availability': 0.0, 'platform_source': 14.0, 'industry_match': 0.0, 'budget_potential': 0.0, 'messages': {'company_size': 'No company size -> 0', 'job_role': 'No job title -> 0', 'country': 'No country / location -> 0', 'website_availability': 'No company website -> 0', 'email_availability': 'No email -> 0', 'platform_source': "Platform 'linkedin' -> +14", 'industry_match': 'No benchmark industry configured -> 0', 'budget_potential': 'No budget keywords -> 0'}, 'raw_total': 14.0}
2026-04-29 11:24:08,103 | INFO | lead_score | ref=Two score=25 tier=cold factors={'company_size': 0.0, 'job_role': 12.0, 'country': 0.0, 'website_availability': 0.0, 'email_availability': 0.0, 'platform_source': 14.0, 'industry_match': 0.0, 'budget_potential': 0.0, 'messages': {'company_size': 'No company size -> 0', 'job_role': 'VP / Director-level title -> +12', 'country': 'No country / location -> 0', 'website_availability': 'No company website -> 0', 'email_availability': 'No email -> 0', 'platform_source': "Platform 'linkedin' -> +14", 'industry_match': 'No benchmark industry configured -> 0', 'budget_potential': 'No budget keywords -> 0'}, 'raw_total': 26.0}
2026-04-29 11:24:08,374 | INFO | lead_score | ref=Jane Doe score=52 tier=warm factors={'company_size': 6.0, 'job_role': 12.0, 'country': 10.0, 'website_availability': 10.0, 'email_availability': 12.0, 'platform_source': 14.0, 'industry_match': 0.0, 'budget_potential': 0.0, 'messages': {'company_size': 'SMB size -> +6', 'job_role': 'VP / Director-level title -> +12', 'country': 'Tier-1 geography signal (us) -> +10', 'website_availability': 'Website URL present -> +10', 'email_availability': 'Corporate-looking email -> +12', 'platform_source': "Platform 'linkedin' -> +14", 'industry_match': 'No benchmark industry configured -> 0', 'budget_potential': 'No budget keywords -> 0'}, 'raw_total': 64.0}
2026-04-29 11:24:08,375 | INFO | lead_score | ref=Jane Doe score=76 tier=warm factors={'company_size': 6.0, 'job_role': 12.0, 'country': 10.0, 'website_availability': 10.0, 'email_availability': 12.0, 'platform_source': 14.0, 'industry_match': 0.0, 'budget_potential': 0.0, 'messages': {'company_size': 'SMB size -> +6', 'job_role': 'VP / Director-level title -> +12', 'country': 'Tier-1 geography signal (us) -> +10', 'website_availability': 'Website URL present -> +10', 'email_availability': 'Corporate-looking email -> +12', 'platform_source': "Platform 'linkedin' -> +14", 'industry_match': 'No benchmark industry configured -> 0', 'budget_potential': 'No budget keywords -> 0', 'signal_extension': 'Signals +24 (hiring=True, scaling=True, content_gap=True, ads_gap=True)'}, 'raw_total': 64.0}
2026-04-29 11:24:09,858 | INFO | weekly_engine start day=sat keyword=software location=
2026-04-29 11:24:09,860 | INFO | lead_score | ref=Loop Founder score=42 tier=cold factors={'company_size': 0.0, 'job_role': 15.0, 'country': 0.0, 'website_availability': 10.0, 'email_availability': 0.0, 'platform_source': 14.0, 'industry_match': 0.0, 'budget_potential': 0.0, 'messages': {'company_size': 'No company size -> 0', 'job_role': 'Executive / founder role -> +15', 'country': 'No country / location -> 0', 'website_availability': 'Website URL present -> +10', 'email_availability': 'No email -> 0', 'platform_source': "Platform 'linkedin' -> +14", 'industry_match': 'No benchmark industry configured -> 0', 'budget_potential': 'No budget keywords -> 0'}, 'raw_total': 39.0}
2026-04-29 11:24:09,864 | INFO | weekly_engine saturday prepared candidates=4
2026-04-29 11:35:32,496 | INFO | lead_score | ref=Aman Verma score=42 tier=cold factors={'company_size': 0.0, 'job_role': 15.0, 'country': 0.0, 'website_availability': 5.0, 'email_availability': 0.0, 'platform_source': 14.0, 'industry_match': 0.0, 'budget_potential': 0.0, 'messages': {'company_size': 'No company size -> 0', 'job_role': 'Executive / founder role -> +15', 'country': 'No country / location -> 0', 'website_availability': 'Website hint present -> +5', 'email_availability': 'No email -> 0', 'platform_source': "Platform 'linkedin' -> +14", 'industry_match': 'No benchmark industry configured -> 0', 'budget_potential': 'No budget keywords -> 0'}, 'raw_total': 34.0}
2026-04-29 11:35:33,046 | INFO | weekly_engine start day=mon keyword=software location=
2026-04-29 11:35:33,047 | INFO | weekly_engine Startup ingestion done: saved={'created': 0, 'updated': 0, 'skipped': 0} enrich={'selected': 0, 'ok': 0, 'failed': 0, 'skipped': 0}
2026-04-29 11:35:33,561 | INFO | weekly_engine start day=fri keyword=software location=
2026-04-29 11:35:37,074 | INFO | weekly_engine start day=sat keyword=software location=
2026-04-29 11:35:37,080 | INFO | lead_score | ref=Ravi Kumar score=42 tier=cold factors={'company_size': 0.0, 'job_role': 15.0, 'country': 0.0, 'website_availability': 10.0, 'email_availability': 0.0, 'platform_source': 14.0, 'industry_match': 0.0, 'budget_potential': 0.0, 'messages': {'company_size': 'No company size -> 0', 'job_role': 'Executive / founder role -> +15', 'country': 'No country / location -> 0', 'website_availability': 'Website URL present -> +10', 'email_availability': 'No email -> 0', 'platform_source': "Platform 'linkedin' -> +14", 'industry_match': 'No benchmark industry configured -> 0', 'budget_potential': 'No budget keywords -> 0'}, 'raw_total': 39.0}
2026-04-29 11:35:37,085 | INFO | weekly_engine saturday prepared candidates=9
2026-04-29 11:35:37,408 | INFO | weekly_engine start day=sun keyword=software location=
2026-04-29 11:35:37,414 | INFO | weekly_engine sunday cleanup/report: {'total_companies': 9, 'total_leads': 2, 'hot_leads': 0, 'enriched_total': 9, 'high_priority_companies': 9, 'trimmed_content_rows': 0, 'report_file': 'sessions\\weekly_reports\\weekly_report_20260429.json'}
2026-04-29 11:35:58,826 | INFO | weekly_engine start day=mon keyword=acme location=
2026-04-29 11:35:58,834 | INFO | weekly_engine Startup ingestion done: saved={'created': 1, 'updated': 1, 'skipped': 0} enrich={'selected': 1, 'ok': 1, 'failed': 0, 'skipped': 0}
2026-04-29 11:35:58,846 | INFO | weekly_engine start day=sat keyword=software location=
2026-04-29 11:35:58,851 | INFO | weekly_engine start day=sun keyword=software location=
2026-04-29 11:35:58,854 | INFO | weekly_engine sunday cleanup/report: {'total_companies': 3, 'total_leads': 2, 'hot_leads': 0, 'enriched_total': 1, 'high_priority_companies': 1, 'trimmed_content_rows': 0, 'report_file': 'sessions\\weekly_reports\\weekly_report_20260429.json'}
2026-04-29 11:35:58,882 | INFO | lead_score | ref=One score=1 tier=cold factors={'company_size': 0.0, 'job_role': 0.0, 'country': 0.0, 'website_availability': 0.0, 'email_availability': 0.0, 'platform_source': 14.0, 'industry_match': 0.0, 'budget_potential': 0.0, 'messages': {'company_size': 'No company size -> 0', 'job_role': 'No job title -> 0', 'country': 'No country / location -> 0', 'website_availability': 'No company website -> 0', 'email_availability': 'No email -> 0', 'platform_source': "Platform 'linkedin' -> +14", 'industry_match': 'No benchmark industry configured -> 0', 'budget_potential': 'No budget keywords -> 0'}, 'raw_total': 14.0}
2026-04-29 11:35:58,884 | INFO | lead_score | ref=Two score=25 tier=cold factors={'company_size': 0.0, 'job_role': 12.0, 'country': 0.0, 'website_availability': 0.0, 'email_availability': 0.0, 'platform_source': 14.0, 'industry_match': 0.0, 'budget_potential': 0.0, 'messages': {'company_size': 'No company size -> 0', 'job_role': 'VP / Director-level title -> +12', 'country': 'No country / location -> 0', 'website_availability': 'No company website -> 0', 'email_availability': 'No email -> 0', 'platform_source': "Platform 'linkedin' -> +14", 'industry_match': 'No benchmark industry configured -> 0', 'budget_potential': 'No budget keywords -> 0'}, 'raw_total': 26.0}
2026-04-29 11:35:59,176 | INFO | lead_score | ref=Jane Doe score=52 tier=warm factors={'company_size': 6.0, 'job_role': 12.0, 'country': 10.0, 'website_availability': 10.0, 'email_availability': 12.0, 'platform_source': 14.0, 'industry_match': 0.0, 'budget_potential': 0.0, 'messages': {'company_size': 'SMB size -> +6', 'job_role': 'VP / Director-level title -> +12', 'country': 'Tier-1 geography signal (us) -> +10', 'website_availability': 'Website URL present -> +10', 'email_availability': 'Corporate-looking email -> +12', 'platform_source': "Platform 'linkedin' -> +14", 'industry_match': 'No benchmark industry configured -> 0', 'budget_potential': 'No budget keywords -> 0'}, 'raw_total': 64.0}
2026-04-29 11:35:59,177 | INFO | lead_score | ref=Jane Doe score=76 tier=warm factors={'company_size': 6.0, 'job_role': 12.0, 'country': 10.0, 'website_availability': 10.0, 'email_availability': 12.0, 'platform_source': 14.0, 'industry_match': 0.0, 'budget_potential': 0.0, 'messages': {'company_size': 'SMB size -> +6', 'job_role': 'VP / Director-level title -> +12', 'country': 'Tier-1 geography signal (us) -> +10', 'website_availability': 'Website URL present -> +10', 'email_availability': 'Corporate-looking email -> +12', 'platform_source': "Platform 'linkedin' -> +14", 'industry_match': 'No benchmark industry configured -> 0', 'budget_potential': 'No budget keywords -> 0', 'signal_extension': 'Signals +24 (hiring=True, scaling=True, content_gap=True, ads_gap=True)'}, 'raw_total': 64.0}
2026-04-29 11:36:00,702 | INFO | weekly_engine start day=sat keyword=software location=
2026-04-29 11:36:00,704 | INFO | lead_score | ref=Loop Founder score=42 tier=cold factors={'company_size': 0.0, 'job_role': 15.0, 'country': 0.0, 'website_availability': 10.0, 'email_availability': 0.0, 'platform_source': 14.0, 'industry_match': 0.0, 'budget_potential': 0.0, 'messages': {'company_size': 'No company size -> 0', 'job_role': 'Executive / founder role -> +15', 'country': 'No country / location -> 0', 'website_availability': 'Website URL present -> +10', 'email_availability': 'No email -> 0', 'platform_source': "Platform 'linkedin' -> +14", 'industry_match': 'No benchmark industry configured -> 0', 'budget_potential': 'No budget keywords -> 0'}, 'raw_total': 39.0}
2026-04-29 11:36:00,707 | INFO | weekly_engine saturday prepared candidates=4
2026-04-29 12:16:28,547 | INFO | weekly_engine start day=sat keyword=software location=
2026-04-29 12:16:28,552 | INFO | lead_score | ref=Loop Founder score=42 tier=cold factors={'company_size': 0.0, 'job_role': 15.0, 'country': 0.0, 'website_availability': 10.0, 'email_availability': 0.0, 'platform_source': 14.0, 'industry_match': 0.0, 'budget_potential': 0.0, 'messages': {'company_size': 'No company size -> 0', 'job_role': 'Executive / founder role -> +15', 'country': 'No country / location -> 0', 'website_availability': 'Website URL present -> +10', 'email_availability': 'No email -> 0', 'platform_source': "Platform 'linkedin' -> +14", 'industry_match': 'No benchmark industry configured -> 0', 'budget_potential': 'No budget keywords -> 0'}, 'raw_total': 39.0}
2026-04-29 12:16:28,561 | INFO | weekly_engine saturday prepared candidates=1
2026-04-29 12:57:12,621 | INFO | lead_score | ref=Aman Verma score=22 tier=cold factors={'company_size': 0.0, 'job_role': 15.0, 'country': 0.0, 'website_availability': 10.0, 'email_availability': 0.0, 'platform_source': 14.0, 'industry_match': 0.0, 'budget_potential': 0.0, 'messages': {'company_size': 'No company size -> 0', 'job_role': 'Executive / founder role -> +15', 'country': 'No country / location -> 0', 'website_availability': 'Website URL present -> +10', 'email_availability': 'No email -> 0', 'platform_source': "Platform 'linkedin' -> +14", 'industry_match': 'No benchmark industry configured -> 0', 'budget_potential': 'No budget keywords -> 0'}, 'raw_total': 39.0}
2026-04-29 12:57:13,116 | INFO | weekly_engine start day=mon keyword=software location=
2026-04-29 12:57:13,117 | INFO | weekly_engine Startup ingestion done: saved={'created': 0, 'updated': 0, 'skipped': 0} enrich={'selected': 0, 'ok': 0, 'failed': 0, 'skipped': 0}
2026-04-29 12:57:13,637 | INFO | weekly_engine start day=fri keyword=software location=
2026-04-29 12:57:17,258 | INFO | weekly_engine start day=sat keyword=software location=
2026-04-29 12:57:17,261 | INFO | lead_score | ref=Ravi Kumar score=22 tier=cold factors={'company_size': 0.0, 'job_role': 15.0, 'country': 0.0, 'website_availability': 10.0, 'email_availability': 0.0, 'platform_source': 14.0, 'industry_match': 0.0, 'budget_potential': 0.0, 'messages': {'company_size': 'No company size -> 0', 'job_role': 'Executive / founder role -> +15', 'country': 'No country / location -> 0', 'website_availability': 'Website URL present -> +10', 'email_availability': 'No email -> 0', 'platform_source': "Platform 'linkedin' -> +14", 'industry_match': 'No benchmark industry configured -> 0', 'budget_potential': 'No budget keywords -> 0'}, 'raw_total': 39.0}
2026-04-29 12:57:17,265 | INFO | weekly_engine saturday prepared candidates=9
2026-04-29 12:57:17,519 | INFO | weekly_engine start day=sun keyword=software location=
2026-04-29 12:57:17,525 | INFO | weekly_engine sunday cleanup/report: {'total_companies': 9, 'total_leads': 2, 'hot_leads': 0, 'enriched_total': 9, 'high_priority_companies': 0, 'trimmed_content_rows': 0, 'report_file': 'sessions\\weekly_reports\\weekly_report_20260429.json'}
2026-04-29 12:58:15,739 | INFO | lead_score | ref=Aman Verma score=22 tier=cold factors={'company_size': 0.0, 'job_role': 15.0, 'country': 0.0, 'website_availability': 10.0, 'email_availability': 0.0, 'platform_source': 14.0, 'industry_match': 0.0, 'budget_potential': 0.0, 'messages': {'company_size': 'No company size -> 0', 'job_role': 'Executive / founder role -> +15', 'country': 'No country / location -> 0', 'website_availability': 'Website URL present -> +10', 'email_availability': 'No email -> 0', 'platform_source': "Platform 'linkedin' -> +14", 'industry_match': 'No benchmark industry configured -> 0', 'budget_potential': 'No budget keywords -> 0'}, 'raw_total': 39.0}
2026-04-29 12:58:16,328 | INFO | weekly_engine start day=mon keyword=software location=
2026-04-29 12:58:16,330 | INFO | weekly_engine Startup ingestion done: saved={'created': 0, 'updated': 0, 'skipped': 0} enrich={'selected': 0, 'ok': 0, 'failed': 0, 'skipped': 0}
2026-04-29 12:58:16,943 | INFO | weekly_engine start day=fri keyword=software location=
2026-04-29 12:58:20,440 | INFO | weekly_engine start day=sat keyword=software location=
2026-04-29 12:58:20,446 | INFO | lead_score | ref=Ravi Kumar score=22 tier=cold factors={'company_size': 0.0, 'job_role': 15.0, 'country': 0.0, 'website_availability': 10.0, 'email_availability': 0.0, 'platform_source': 14.0, 'industry_match': 0.0, 'budget_potential': 0.0, 'messages': {'company_size': 'No company size -> 0', 'job_role': 'Executive / founder role -> +15', 'country': 'No country / location -> 0', 'website_availability': 'Website URL present -> +10', 'email_availability': 'No email -> 0', 'platform_source': "Platform 'linkedin' -> +14", 'industry_match': 'No benchmark industry configured -> 0', 'budget_potential': 'No budget keywords -> 0'}, 'raw_total': 39.0}
2026-04-29 12:58:20,450 | INFO | weekly_engine saturday prepared candidates=9
2026-04-29 12:58:20,792 | INFO | weekly_engine start day=sun keyword=software location=
2026-04-29 12:58:20,797 | INFO | weekly_engine sunday cleanup/report: {'total_companies': 9, 'total_leads': 2, 'hot_leads': 0, 'enriched_total': 9, 'high_priority_companies': 9, 'trimmed_content_rows': 0, 'report_file': 'sessions\\weekly_reports\\weekly_report_20260429.json'}
2026-04-29 13:01:31,365 | INFO | lead_score | ref=Aman Verma score=22 tier=cold factors={'company_size': 0.0, 'job_role': 15.0, 'country': 0.0, 'website_availability': 5.0, 'email_availability': 0.0, 'platform_source': 14.0, 'industry_match': 0.0, 'budget_potential': 0.0, 'messages': {'company_size': 'No company size -> 0', 'job_role': 'Executive / founder role -> +15', 'country': 'No country / location -> 0', 'website_availability': 'Website hint present -> +5', 'email_availability': 'No email -> 0', 'platform_source': "Platform 'linkedin' -> +14", 'industry_match': 'No benchmark industry configured -> 0', 'budget_potential': 'No budget keywords -> 0'}, 'raw_total': 34.0}
2026-04-29 13:01:31,863 | INFO | weekly_engine start day=mon keyword=software location=
2026-04-29 13:01:31,865 | INFO | weekly_engine Startup ingestion done: saved={'created': 0, 'updated': 0, 'skipped': 0} enrich={'selected': 0, 'ok': 0, 'failed': 0, 'skipped': 0}
2026-04-29 13:01:32,354 | INFO | weekly_engine start day=fri keyword=software location=
2026-04-29 13:01:35,834 | INFO | weekly_engine start day=sat keyword=software location=
2026-04-29 13:01:35,836 | INFO | lead_score | ref=Ravi Kumar score=22 tier=cold factors={'company_size': 0.0, 'job_role': 15.0, 'country': 0.0, 'website_availability': 10.0, 'email_availability': 0.0, 'platform_source': 14.0, 'industry_match': 0.0, 'budget_potential': 0.0, 'messages': {'company_size': 'No company size -> 0', 'job_role': 'Executive / founder role -> +15', 'country': 'No country / location -> 0', 'website_availability': 'Website URL present -> +10', 'email_availability': 'No email -> 0', 'platform_source': "Platform 'linkedin' -> +14", 'industry_match': 'No benchmark industry configured -> 0', 'budget_potential': 'No budget keywords -> 0'}, 'raw_total': 39.0}
2026-04-29 13:01:35,840 | INFO | weekly_engine saturday prepared candidates=9
2026-04-29 13:01:36,080 | INFO | weekly_engine start day=sun keyword=software location=
2026-04-29 13:01:36,085 | INFO | weekly_engine sunday cleanup/report: {'total_companies': 9, 'total_leads': 2, 'hot_leads': 0, 'enriched_total': 9, 'high_priority_companies': 9, 'trimmed_content_rows': 0, 'report_file': 'sessions\\weekly_reports\\weekly_report_20260429.json'}
2026-04-29 13:02:30,056 | INFO | lead_score | ref=Aman Verma score=22 tier=cold factors={'company_size': 0.0, 'job_role': 15.0, 'country': 0.0, 'website_availability': 5.0, 'email_availability': 0.0, 'platform_source': 14.0, 'industry_match': 0.0, 'budget_potential': 0.0, 'messages': {'company_size': 'No company size -> 0', 'job_role': 'Executive / founder role -> +15', 'country': 'No country / location -> 0', 'website_availability': 'Website hint present -> +5', 'email_availability': 'No email -> 0', 'platform_source': "Platform 'linkedin' -> +14", 'industry_match': 'No benchmark industry configured -> 0', 'budget_potential': 'No budget keywords -> 0'}, 'raw_total': 34.0}
2026-04-29 13:02:30,608 | INFO | weekly_engine start day=mon keyword=software location=
2026-04-29 13:02:30,609 | INFO | weekly_engine Startup ingestion done: saved={'created': 0, 'updated': 0, 'skipped': 0} enrich={'selected': 0, 'ok': 0, 'failed': 0, 'skipped': 0}
2026-04-29 13:02:31,326 | INFO | weekly_engine start day=fri keyword=software location=
2026-04-29 13:02:35,021 | INFO | weekly_engine start day=sat keyword=software location=
2026-04-29 13:02:35,023 | INFO | lead_score | ref=Ravi Kumar score=22 tier=cold factors={'company_size': 0.0, 'job_role': 15.0, 'country': 0.0, 'website_availability': 10.0, 'email_availability': 0.0, 'platform_source': 14.0, 'industry_match': 0.0, 'budget_potential': 0.0, 'messages': {'company_size': 'No company size -> 0', 'job_role': 'Executive / founder role -> +15', 'country': 'No country / location -> 0', 'website_availability': 'Website URL present -> +10', 'email_availability': 'No email -> 0', 'platform_source': "Platform 'linkedin' -> +14", 'industry_match': 'No benchmark industry configured -> 0', 'budget_potential': 'No budget keywords -> 0'}, 'raw_total': 39.0}
2026-04-29 13:02:35,027 | INFO | weekly_engine saturday prepared candidates=9
2026-04-29 13:02:35,264 | INFO | weekly_engine start day=sun keyword=software location=
2026-04-29 13:02:35,269 | INFO | weekly_engine sunday cleanup/report: {'total_companies': 9, 'total_leads': 2, 'hot_leads': 0, 'enriched_total': 9, 'high_priority_companies': 9, 'trimmed_content_rows': 0, 'report_file': 'sessions\\weekly_reports\\weekly_report_20260429.json'}
2026-04-29 13:03:42,552 | INFO | lead_score | ref=Aman Verma score=22 tier=cold factors={'company_size': 0.0, 'job_role': 15.0, 'country': 0.0, 'website_availability': 10.0, 'email_availability': 0.0, 'platform_source': 14.0, 'industry_match': 0.0, 'budget_potential': 0.0, 'messages': {'company_size': 'No company size -> 0', 'job_role': 'Executive / founder role -> +15', 'country': 'No country / location -> 0', 'website_availability': 'Website URL present -> +10', 'email_availability': 'No email -> 0', 'platform_source': "Platform 'linkedin' -> +14", 'industry_match': 'No benchmark industry configured -> 0', 'budget_potential': 'No budget keywords -> 0'}, 'raw_total': 39.0}
2026-04-29 13:03:43,062 | INFO | weekly_engine start day=mon keyword=software location=
2026-04-29 13:03:43,064 | INFO | weekly_engine Startup ingestion done: saved={'created': 0, 'updated': 0, 'skipped': 0} enrich={'selected': 0, 'ok': 0, 'failed': 0, 'skipped': 0}
2026-04-29 13:03:43,590 | INFO | weekly_engine start day=fri keyword=software location=
2026-04-29 13:03:47,090 | INFO | weekly_engine start day=sat keyword=software location=
2026-04-29 13:03:47,093 | INFO | lead_score | ref=Ravi Kumar score=22 tier=cold factors={'company_size': 0.0, 'job_role': 15.0, 'country': 0.0, 'website_availability': 10.0, 'email_availability': 0.0, 'platform_source': 14.0, 'industry_match': 0.0, 'budget_potential': 0.0, 'messages': {'company_size': 'No company size -> 0', 'job_role': 'Executive / founder role -> +15', 'country': 'No country / location -> 0', 'website_availability': 'Website URL present -> +10', 'email_availability': 'No email -> 0', 'platform_source': "Platform 'linkedin' -> +14", 'industry_match': 'No benchmark industry configured -> 0', 'budget_potential': 'No budget keywords -> 0'}, 'raw_total': 39.0}
2026-04-29 13:03:47,098 | INFO | weekly_engine saturday prepared candidates=9
2026-04-29 13:03:47,338 | INFO | weekly_engine start day=sun keyword=software location=
2026-04-29 13:03:47,343 | INFO | weekly_engine sunday cleanup/report: {'total_companies': 9, 'total_leads': 2, 'hot_leads': 0, 'enriched_total': 9, 'high_priority_companies': 9, 'trimmed_content_rows': 0, 'report_file': 'sessions\\weekly_reports\\weekly_report_20260429.json'}
2026-04-29 13:09:36,415 | INFO | lead_score | ref=Aman Verma score=22 tier=cold factors={'company_size': 0.0, 'job_role': 15.0, 'country': 0.0, 'website_availability': 5.0, 'email_availability': 0.0, 'platform_source': 14.0, 'industry_match': 0.0, 'budget_potential': 0.0, 'messages': {'company_size': 'No company size -> 0', 'job_role': 'Executive / founder role -> +15', 'country': 'No country / location -> 0', 'website_availability': 'Website hint present -> +5', 'email_availability': 'No email -> 0', 'platform_source': "Platform 'linkedin' -> +14", 'industry_match': 'No benchmark industry configured -> 0', 'budget_potential': 'No budget keywords -> 0'}, 'raw_total': 34.0}
2026-04-29 13:09:36,991 | INFO | weekly_engine start day=mon keyword=software location=
2026-04-29 13:09:36,994 | INFO | weekly_engine Startup ingestion done: saved={'created': 0, 'updated': 0, 'skipped': 0} enrich={'selected': 0, 'ok': 0, 'failed': 0, 'skipped': 0}
2026-04-29 13:09:37,594 | INFO | weekly_engine start day=fri keyword=software location=
2026-04-29 13:09:41,085 | INFO | weekly_engine start day=sat keyword=software location=
2026-04-29 13:09:41,092 | INFO | lead_score | ref=Ravi Kumar score=22 tier=cold factors={'company_size': 0.0, 'job_role': 15.0, 'country': 0.0, 'website_availability': 10.0, 'email_availability': 0.0, 'platform_source': 14.0, 'industry_match': 0.0, 'budget_potential': 0.0, 'messages': {'company_size': 'No company size -> 0', 'job_role': 'Executive / founder role -> +15', 'country': 'No country / location -> 0', 'website_availability': 'Website URL present -> +10', 'email_availability': 'No email -> 0', 'platform_source': "Platform 'linkedin' -> +14", 'industry_match': 'No benchmark industry configured -> 0', 'budget_potential': 'No budget keywords -> 0'}, 'raw_total': 39.0}
2026-04-29 13:09:41,096 | INFO | weekly_engine saturday prepared candidates=9
2026-04-29 13:09:41,334 | INFO | weekly_engine start day=sun keyword=software location=
2026-04-29 13:09:41,339 | INFO | weekly_engine sunday cleanup/report: {'total_companies': 9, 'total_leads': 2, 'hot_leads': 0, 'enriched_total': 9, 'high_priority_companies': 9, 'trimmed_content_rows': 0, 'report_file': 'sessions\\weekly_reports\\weekly_report_20260429.json'}
2026-04-29 13:10:43,345 | INFO | lead_score | ref=Aman Verma score=22 tier=cold factors={'company_size': 0.0, 'job_role': 15.0, 'country': 0.0, 'website_availability': 5.0, 'email_availability': 0.0, 'platform_source': 14.0, 'industry_match': 0.0, 'budget_potential': 0.0, 'messages': {'company_size': 'No company size -> 0', 'job_role': 'Executive / founder role -> +15', 'country': 'No country / location -> 0', 'website_availability': 'Website hint present -> +5', 'email_availability': 'No email -> 0', 'platform_source': "Platform 'linkedin' -> +14", 'industry_match': 'No benchmark industry configured -> 0', 'budget_potential': 'No budget keywords -> 0'}, 'raw_total': 34.0}
2026-04-29 13:10:43,967 | INFO | weekly_engine start day=mon keyword=software location=
2026-04-29 13:10:43,969 | INFO | weekly_engine Startup ingestion done: saved={'created': 0, 'updated': 0, 'skipped': 0} enrich={'selected': 0, 'ok': 0, 'failed': 0, 'skipped': 0}
2026-04-29 13:10:44,480 | INFO | weekly_engine start day=fri keyword=software location=
2026-04-29 13:10:48,073 | INFO | weekly_engine start day=sat keyword=software location=
2026-04-29 13:10:48,076 | INFO | lead_score | ref=Ravi Kumar score=22 tier=cold factors={'company_size': 0.0, 'job_role': 15.0, 'country': 0.0, 'website_availability': 10.0, 'email_availability': 0.0, 'platform_source': 14.0, 'industry_match': 0.0, 'budget_potential': 0.0, 'messages': {'company_size': 'No company size -> 0', 'job_role': 'Executive / founder role -> +15', 'country': 'No country / location -> 0', 'website_availability': 'Website URL present -> +10', 'email_availability': 'No email -> 0', 'platform_source': "Platform 'linkedin' -> +14", 'industry_match': 'No benchmark industry configured -> 0', 'budget_potential': 'No budget keywords -> 0'}, 'raw_total': 39.0}
2026-04-29 13:10:48,080 | INFO | weekly_engine saturday prepared candidates=9
2026-04-29 13:10:48,331 | INFO | weekly_engine start day=sun keyword=software location=
2026-04-29 13:10:48,338 | INFO | weekly_engine sunday cleanup/report: {'total_companies': 9, 'total_leads': 2, 'hot_leads': 0, 'enriched_total': 9, 'high_priority_companies': 9, 'trimmed_content_rows': 0, 'report_file': 'sessions\\weekly_reports\\weekly_report_20260429.json'}
2026-04-29 13:13:08,473 | INFO | lead_score | ref=Aman Verma score=22 tier=cold factors={'company_size': 0.0, 'job_role': 15.0, 'country': 0.0, 'website_availability': 10.0, 'email_availability': 0.0, 'platform_source': 14.0, 'industry_match': 0.0, 'budget_potential': 0.0, 'messages': {'company_size': 'No company size -> 0', 'job_role': 'Executive / founder role -> +15', 'country': 'No country / location -> 0', 'website_availability': 'Website URL present -> +10', 'email_availability': 'No email -> 0', 'platform_source': "Platform 'linkedin' -> +14", 'industry_match': 'No benchmark industry configured -> 0', 'budget_potential': 'No budget keywords -> 0'}, 'raw_total': 39.0}
2026-04-29 13:13:09,019 | INFO | weekly_engine start day=mon keyword=software location=
2026-04-29 13:13:09,020 | INFO | weekly_engine Startup ingestion done: saved={'created': 0, 'updated': 0, 'skipped': 0} enrich={'selected': 0, 'ok': 0, 'failed': 0, 'skipped': 0}
2026-04-29 13:13:09,611 | INFO | weekly_engine start day=fri keyword=software location=
2026-04-29 13:13:13,101 | INFO | weekly_engine start day=sat keyword=software location=
2026-04-29 13:13:13,147 | INFO | lead_score | ref=Ravi Kumar score=22 tier=cold factors={'company_size': 0.0, 'job_role': 15.0, 'country': 0.0, 'website_availability': 10.0, 'email_availability': 0.0, 'platform_source': 14.0, 'industry_match': 0.0, 'budget_potential': 0.0, 'messages': {'company_size': 'No company size -> 0', 'job_role': 'Executive / founder role -> +15', 'country': 'No country / location -> 0', 'website_availability': 'Website URL present -> +10', 'email_availability': 'No email -> 0', 'platform_source': "Platform 'linkedin' -> +14", 'industry_match': 'No benchmark industry configured -> 0', 'budget_potential': 'No budget keywords -> 0'}, 'raw_total': 39.0}
2026-04-29 13:13:13,152 | INFO | weekly_engine saturday prepared candidates=9
2026-04-29 13:13:13,405 | INFO | weekly_engine start day=sun keyword=software location=
2026-04-29 13:13:13,413 | INFO | weekly_engine sunday cleanup/report: {'total_companies': 9, 'total_leads': 2, 'hot_leads': 0, 'enriched_total': 9, 'high_priority_companies': 9, 'trimmed_content_rows': 0, 'report_file': 'sessions\\weekly_reports\\weekly_report_20260429.json'}
2026-04-29 13:15:14,532 | INFO | lead_score | ref=Aman Verma score=22 tier=cold factors={'company_size': 0.0, 'job_role': 15.0, 'country': 0.0, 'website_availability': 10.0, 'email_availability': 0.0, 'platform_source': 14.0, 'industry_match': 0.0, 'budget_potential': 0.0, 'messages': {'company_size': 'No company size -> 0', 'job_role': 'Executive / founder role -> +15', 'country': 'No country / location -> 0', 'website_availability': 'Website URL present -> +10', 'email_availability': 'No email -> 0', 'platform_source': "Platform 'linkedin' -> +14", 'industry_match': 'No benchmark industry configured -> 0', 'budget_potential': 'No budget keywords -> 0'}, 'raw_total': 39.0}
2026-04-29 13:15:15,056 | INFO | weekly_engine start day=mon keyword=software location=
2026-04-29 13:15:15,058 | INFO | weekly_engine Startup ingestion done: saved={'created': 0, 'updated': 0, 'skipped': 0} enrich={'selected': 0, 'ok': 0, 'failed': 0, 'skipped': 0}
2026-04-29 13:15:15,677 | INFO | weekly_engine start day=fri keyword=software location=
2026-04-29 13:15:19,234 | INFO | weekly_engine start day=sat keyword=software location=
2026-04-29 13:15:19,237 | INFO | lead_score | ref=Ravi Kumar score=22 tier=cold factors={'company_size': 0.0, 'job_role': 15.0, 'country': 0.0, 'website_availability': 10.0, 'email_availability': 0.0, 'platform_source': 14.0, 'industry_match': 0.0, 'budget_potential': 0.0, 'messages': {'company_size': 'No company size -> 0', 'job_role': 'Executive / founder role -> +15', 'country': 'No country / location -> 0', 'website_availability': 'Website URL present -> +10', 'email_availability': 'No email -> 0', 'platform_source': "Platform 'linkedin' -> +14", 'industry_match': 'No benchmark industry configured -> 0', 'budget_potential': 'No budget keywords -> 0'}, 'raw_total': 39.0}
2026-04-29 13:15:19,245 | INFO | weekly_engine saturday prepared candidates=9
2026-04-29 13:15:19,486 | INFO | weekly_engine start day=sun keyword=software location=
2026-04-29 13:15:19,491 | INFO | weekly_engine sunday cleanup/report: {'total_companies': 9, 'total_leads': 2, 'hot_leads': 0, 'enriched_total': 9, 'high_priority_companies': 9, 'trimmed_content_rows': 0, 'report_file': 'sessions\\weekly_reports\\weekly_report_20260429.json'}
2026-04-29 13:16:20,716 | INFO | lead_score | ref=Aman Verma score=22 tier=cold factors={'company_size': 0.0, 'job_role': 15.0, 'country': 0.0, 'website_availability': 10.0, 'email_availability': 0.0, 'platform_source': 14.0, 'industry_match': 0.0, 'budget_potential': 0.0, 'messages': {'company_size': 'No company size -> 0', 'job_role': 'Executive / founder role -> +15', 'country': 'No country / location -> 0', 'website_availability': 'Website URL present -> +10', 'email_availability': 'No email -> 0', 'platform_source': "Platform 'linkedin' -> +14", 'industry_match': 'No benchmark industry configured -> 0', 'budget_potential': 'No budget keywords -> 0'}, 'raw_total': 39.0}
2026-04-29 13:16:21,214 | INFO | weekly_engine start day=mon keyword=software location=
2026-04-29 13:16:21,215 | INFO | weekly_engine Startup ingestion done: saved={'created': 0, 'updated': 0, 'skipped': 0} enrich={'selected': 0, 'ok': 0, 'failed': 0, 'skipped': 0}
2026-04-29 13:16:21,728 | INFO | weekly_engine start day=fri keyword=software location=
2026-04-29 13:16:25,216 | INFO | weekly_engine start day=sat keyword=software location=
2026-04-29 13:16:25,218 | INFO | lead_score | ref=Ravi Kumar score=22 tier=cold factors={'company_size': 0.0, 'job_role': 15.0, 'country': 0.0, 'website_availability': 10.0, 'email_availability': 0.0, 'platform_source': 14.0, 'industry_match': 0.0, 'budget_potential': 0.0, 'messages': {'company_size': 'No company size -> 0', 'job_role': 'Executive / founder role -> +15', 'country': 'No country / location -> 0', 'website_availability': 'Website URL present -> +10', 'email_availability': 'No email -> 0', 'platform_source': "Platform 'linkedin' -> +14", 'industry_match': 'No benchmark industry configured -> 0', 'budget_potential': 'No budget keywords -> 0'}, 'raw_total': 39.0}
2026-04-29 13:16:25,222 | INFO | weekly_engine saturday prepared candidates=9
2026-04-29 13:16:25,461 | INFO | weekly_engine start day=sun keyword=software location=
2026-04-29 13:16:25,466 | INFO | weekly_engine sunday cleanup/report: {'total_companies': 9, 'total_leads': 2, 'hot_leads': 0, 'enriched_total': 9, 'high_priority_companies': 9, 'trimmed_content_rows': 0, 'report_file': 'sessions\\weekly_reports\\weekly_report_20260429.json'}
2026-04-29 13:18:23,944 | INFO | lead_score | ref=Aman Verma score=22 tier=cold factors={'company_size': 0.0, 'job_role': 15.0, 'country': 0.0, 'website_availability': 10.0, 'email_availability': 0.0, 'platform_source': 14.0, 'industry_match': 0.0, 'budget_potential': 0.0, 'messages': {'company_size': 'No company size -> 0', 'job_role': 'Executive / founder role -> +15', 'country': 'No country / location -> 0', 'website_availability': 'Website URL present -> +10', 'email_availability': 'No email -> 0', 'platform_source': "Platform 'linkedin' -> +14", 'industry_match': 'No benchmark industry configured -> 0', 'budget_potential': 'No budget keywords -> 0'}, 'raw_total': 39.0}
2026-04-29 13:18:24,444 | INFO | weekly_engine start day=mon keyword=software location=
2026-04-29 13:18:24,446 | INFO | weekly_engine Startup ingestion done: saved={'created': 0, 'updated': 0, 'skipped': 0} enrich={'selected': 0, 'ok': 0, 'failed': 0, 'skipped': 0}
2026-04-29 13:18:24,966 | INFO | weekly_engine start day=fri keyword=software location=
2026-04-29 13:18:28,464 | INFO | weekly_engine start day=sat keyword=software location=
2026-04-29 13:18:28,534 | INFO | lead_score | ref=Ravi Kumar score=22 tier=cold factors={'company_size': 0.0, 'job_role': 15.0, 'country': 0.0, 'website_availability': 10.0, 'email_availability': 0.0, 'platform_source': 14.0, 'industry_match': 0.0, 'budget_potential': 0.0, 'messages': {'company_size': 'No company size -> 0', 'job_role': 'Executive / founder role -> +15', 'country': 'No country / location -> 0', 'website_availability': 'Website URL present -> +10', 'email_availability': 'No email -> 0', 'platform_source': "Platform 'linkedin' -> +14", 'industry_match': 'No benchmark industry configured -> 0', 'budget_potential': 'No budget keywords -> 0'}, 'raw_total': 39.0}
2026-04-29 13:18:28,540 | INFO | weekly_engine saturday prepared candidates=9
2026-04-29 13:18:28,869 | INFO | weekly_engine start day=sun keyword=software location=
2026-04-29 13:18:28,877 | INFO | weekly_engine sunday cleanup/report: {'total_companies': 9, 'total_leads': 2, 'hot_leads': 0, 'enriched_total': 9, 'high_priority_companies': 9, 'trimmed_content_rows': 0, 'report_file': 'sessions\\weekly_reports\\weekly_report_20260429.json'}
2026-04-29 13:20:02,916 | INFO | lead_score | ref=Aman Verma score=22 tier=cold factors={'company_size': 0.0, 'job_role': 15.0, 'country': 0.0, 'website_availability': 10.0, 'email_availability': 0.0, 'platform_source': 14.0, 'industry_match': 0.0, 'budget_potential': 0.0, 'messages': {'company_size': 'No company size -> 0', 'job_role': 'Executive / founder role -> +15', 'country': 'No country / location -> 0', 'website_availability': 'Website URL present -> +10', 'email_availability': 'No email -> 0', 'platform_source': "Platform 'linkedin' -> +14", 'industry_match': 'No benchmark industry configured -> 0', 'budget_potential': 'No budget keywords -> 0'}, 'raw_total': 39.0}
2026-04-29 13:20:03,447 | INFO | weekly_engine start day=mon keyword=software location=
2026-04-29 13:20:03,448 | INFO | weekly_engine Startup ingestion done: saved={'created': 0, 'updated': 0, 'skipped': 0} enrich={'selected': 0, 'ok': 0, 'failed': 0, 'skipped': 0}
2026-04-29 13:20:04,031 | INFO | weekly_engine start day=fri keyword=software location=
2026-04-29 13:20:07,594 | INFO | weekly_engine start day=sat keyword=software location=
2026-04-29 13:20:07,655 | INFO | lead_score | ref=Ravi Kumar score=22 tier=cold factors={'company_size': 0.0, 'job_role': 15.0, 'country': 0.0, 'website_availability': 10.0, 'email_availability': 0.0, 'platform_source': 14.0, 'industry_match': 0.0, 'budget_potential': 0.0, 'messages': {'company_size': 'No company size -> 0', 'job_role': 'Executive / founder role -> +15', 'country': 'No country / location -> 0', 'website_availability': 'Website URL present -> +10', 'email_availability': 'No email -> 0', 'platform_source': "Platform 'linkedin' -> +14", 'industry_match': 'No benchmark industry configured -> 0', 'budget_potential': 'No budget keywords -> 0'}, 'raw_total': 39.0}
2026-04-29 13:20:07,660 | INFO | weekly_engine saturday prepared candidates=9
2026-04-29 13:20:07,941 | INFO | weekly_engine start day=sun keyword=software location=
2026-04-29 13:20:07,948 | INFO | weekly_engine sunday cleanup/report: {'total_companies': 9, 'total_leads': 2, 'hot_leads': 0, 'enriched_total': 9, 'high_priority_companies': 9, 'trimmed_content_rows': 0, 'report_file': 'sessions\\weekly_reports\\weekly_report_20260429.json'}
2026-04-29 13:22:15,510 | INFO | lead_score | ref=Aman Verma score=22 tier=cold factors={'company_size': 0.0, 'job_role': 15.0, 'country': 0.0, 'website_availability': 10.0, 'email_availability': 0.0, 'platform_source': 14.0, 'industry_match': 0.0, 'budget_potential': 0.0, 'messages': {'company_size': 'No company size -> 0', 'job_role': 'Executive / founder role -> +15', 'country': 'No country / location -> 0', 'website_availability': 'Website URL present -> +10', 'email_availability': 'No email -> 0', 'platform_source': "Platform 'linkedin' -> +14", 'industry_match': 'No benchmark industry configured -> 0', 'budget_potential': 'No budget keywords -> 0'}, 'raw_total': 39.0}
2026-04-29 13:22:16,031 | INFO | weekly_engine start day=mon keyword=software location=
2026-04-29 13:22:16,032 | INFO | weekly_engine Startup ingestion done: saved={'created': 0, 'updated': 0, 'skipped': 0} enrich={'selected': 0, 'ok': 0, 'failed': 0, 'skipped': 0}
2026-04-29 13:22:16,538 | INFO | weekly_engine start day=fri keyword=software location=
2026-04-29 13:22:19,629 | INFO | weekly_engine start day=sat keyword=software location=
2026-04-29 13:22:19,631 | INFO | lead_score | ref=Ravi Kumar score=22 tier=cold factors={'company_size': 0.0, 'job_role': 15.0, 'country': 0.0, 'website_availability': 10.0, 'email_availability': 0.0, 'platform_source': 14.0, 'industry_match': 0.0, 'budget_potential': 0.0, 'messages': {'company_size': 'No company size -> 0', 'job_role': 'Executive / founder role -> +15', 'country': 'No country / location -> 0', 'website_availability': 'Website URL present -> +10', 'email_availability': 'No email -> 0', 'platform_source': "Platform 'linkedin' -> +14", 'industry_match': 'No benchmark industry configured -> 0', 'budget_potential': 'No budget keywords -> 0'}, 'raw_total': 39.0}
2026-04-29 13:22:19,635 | INFO | weekly_engine saturday prepared candidates=8
2026-04-29 13:22:19,878 | INFO | weekly_engine start day=sun keyword=software location=
2026-04-29 13:22:19,883 | INFO | weekly_engine sunday cleanup/report: {'total_companies': 8, 'total_leads': 2, 'hot_leads': 0, 'enriched_total': 8, 'high_priority_companies': 8, 'trimmed_content_rows': 0, 'report_file': 'sessions\\weekly_reports\\weekly_report_20260429.json'}
2026-04-29 13:23:26,247 | INFO | lead_score | ref=Aman Verma score=22 tier=cold factors={'company_size': 0.0, 'job_role': 15.0, 'country': 0.0, 'website_availability': 5.0, 'email_availability': 0.0, 'platform_source': 14.0, 'industry_match': 0.0, 'budget_potential': 0.0, 'messages': {'company_size': 'No company size -> 0', 'job_role': 'Executive / founder role -> +15', 'country': 'No country / location -> 0', 'website_availability': 'Website hint present -> +5', 'email_availability': 'No email -> 0', 'platform_source': "Platform 'linkedin' -> +14", 'industry_match': 'No benchmark industry configured -> 0', 'budget_potential': 'No budget keywords -> 0'}, 'raw_total': 34.0}
2026-04-29 13:23:26,847 | INFO | weekly_engine start day=mon keyword=software location=
2026-04-29 13:23:26,850 | INFO | weekly_engine Startup ingestion done: saved={'created': 0, 'updated': 0, 'skipped': 0} enrich={'selected': 0, 'ok': 0, 'failed': 0, 'skipped': 0}
2026-04-29 13:23:27,364 | INFO | weekly_engine start day=fri keyword=software location=
2026-04-29 13:23:31,267 | INFO | weekly_engine start day=sat keyword=software location=
2026-04-29 13:23:31,270 | INFO | lead_score | ref=Ravi Kumar score=22 tier=cold factors={'company_size': 0.0, 'job_role': 15.0, 'country': 0.0, 'website_availability': 10.0, 'email_availability': 0.0, 'platform_source': 14.0, 'industry_match': 0.0, 'budget_potential': 0.0, 'messages': {'company_size': 'No company size -> 0', 'job_role': 'Executive / founder role -> +15', 'country': 'No country / location -> 0', 'website_availability': 'Website URL present -> +10', 'email_availability': 'No email -> 0', 'platform_source': "Platform 'linkedin' -> +14", 'industry_match': 'No benchmark industry configured -> 0', 'budget_potential': 'No budget keywords -> 0'}, 'raw_total': 39.0}
2026-04-29 13:23:31,274 | INFO | weekly_engine saturday prepared candidates=10
2026-04-29 13:23:31,520 | INFO | weekly_engine start day=sun keyword=software location=
2026-04-29 13:23:31,527 | INFO | weekly_engine sunday cleanup/report: {'total_companies': 10, 'total_leads': 2, 'hot_leads': 0, 'enriched_total': 10, 'high_priority_companies': 10, 'trimmed_content_rows': 0, 'report_file': 'sessions\\weekly_reports\\weekly_report_20260429.json'}
2026-04-29 13:26:57,778 | INFO | lead_score | ref=Aman Verma score=22 tier=cold factors={'company_size': 0.0, 'job_role': 15.0, 'country': 0.0, 'website_availability': 10.0, 'email_availability': 0.0, 'platform_source': 14.0, 'industry_match': 0.0, 'budget_potential': 0.0, 'messages': {'company_size': 'No company size -> 0', 'job_role': 'Executive / founder role -> +15', 'country': 'No country / location -> 0', 'website_availability': 'Website URL present -> +10', 'email_availability': 'No email -> 0', 'platform_source': "Platform 'linkedin' -> +14", 'industry_match': 'No benchmark industry configured -> 0', 'budget_potential': 'No budget keywords -> 0'}, 'raw_total': 39.0}
2026-04-29 13:26:58,274 | INFO | weekly_engine start day=mon keyword=software location=
2026-04-29 13:26:58,276 | INFO | weekly_engine Startup ingestion done: saved={'created': 0, 'updated': 0, 'skipped': 0} enrich={'selected': 0, 'ok': 0, 'failed': 0, 'skipped': 0}
2026-04-29 13:26:58,783 | INFO | weekly_engine start day=fri keyword=software location=
2026-04-29 13:27:02,267 | INFO | weekly_engine start day=sat keyword=software location=
2026-04-29 13:27:02,269 | INFO | lead_score | ref=Ravi Kumar score=22 tier=cold factors={'company_size': 0.0, 'job_role': 15.0, 'country': 0.0, 'website_availability': 10.0, 'email_availability': 0.0, 'platform_source': 14.0, 'industry_match': 0.0, 'budget_potential': 0.0, 'messages': {'company_size': 'No company size -> 0', 'job_role': 'Executive / founder role -> +15', 'country': 'No country / location -> 0', 'website_availability': 'Website URL present -> +10', 'email_availability': 'No email -> 0', 'platform_source': "Platform 'linkedin' -> +14", 'industry_match': 'No benchmark industry configured -> 0', 'budget_potential': 'No budget keywords -> 0'}, 'raw_total': 39.0}
2026-04-29 13:27:02,274 | INFO | weekly_engine saturday prepared candidates=9
2026-04-29 13:27:02,521 | INFO | weekly_engine start day=sun keyword=software location=
2026-04-29 13:27:02,526 | INFO | weekly_engine sunday cleanup/report: {'total_companies': 9, 'total_leads': 2, 'hot_leads': 0, 'enriched_total': 9, 'high_priority_companies': 9, 'trimmed_content_rows': 0, 'report_file': 'sessions\\weekly_reports\\weekly_report_20260429.json'}
2026-04-29 13:28:36,800 | INFO | lead_score | ref=Aman Verma score=22 tier=cold factors={'company_size': 0.0, 'job_role': 15.0, 'country': 0.0, 'website_availability': 10.0, 'email_availability': 0.0, 'platform_source': 14.0, 'industry_match': 0.0, 'budget_potential': 0.0, 'messages': {'company_size': 'No company size -> 0', 'job_role': 'Executive / founder role -> +15', 'country': 'No country / location -> 0', 'website_availability': 'Website URL present -> +10', 'email_availability': 'No email -> 0', 'platform_source': "Platform 'linkedin' -> +14", 'industry_match': 'No benchmark industry configured -> 0', 'budget_potential': 'No budget keywords -> 0'}, 'raw_total': 39.0}
2026-04-29 13:28:37,602 | INFO | weekly_engine start day=mon keyword=software location=
2026-04-29 13:28:37,604 | INFO | weekly_engine Startup ingestion done: saved={'created': 0, 'updated': 0, 'skipped': 0} enrich={'selected': 0, 'ok': 0, 'failed': 0, 'skipped': 0}
2026-04-29 13:28:38,120 | INFO | weekly_engine start day=fri keyword=software location=
2026-04-29 13:28:42,098 | INFO | weekly_engine start day=sat keyword=software location=
2026-04-29 13:28:42,101 | INFO | lead_score | ref=Ravi Kumar score=22 tier=cold factors={'company_size': 0.0, 'job_role': 15.0, 'country': 0.0, 'website_availability': 10.0, 'email_availability': 0.0, 'platform_source': 14.0, 'industry_match': 0.0, 'budget_potential': 0.0, 'messages': {'company_size': 'No company size -> 0', 'job_role': 'Executive / founder role -> +15', 'country': 'No country / location -> 0', 'website_availability': 'Website URL present -> +10', 'email_availability': 'No email -> 0', 'platform_source': "Platform 'linkedin' -> +14", 'industry_match': 'No benchmark industry configured -> 0', 'budget_potential': 'No budget keywords -> 0'}, 'raw_total': 39.0}
2026-04-29 13:28:42,104 | INFO | weekly_engine saturday prepared candidates=10
2026-04-29 13:28:42,341 | INFO | weekly_engine start day=sun keyword=software location=
2026-04-29 13:28:42,348 | INFO | weekly_engine sunday cleanup/report: {'total_companies': 10, 'total_leads': 2, 'hot_leads': 0, 'enriched_total': 10, 'high_priority_companies': 10, 'trimmed_content_rows': 0, 'report_file': 'sessions\\weekly_reports\\weekly_report_20260429.json'}
2026-04-29 13:32:18,293 | INFO | lead_score | ref=Aman Verma score=22 tier=cold factors={'company_size': 0.0, 'job_role': 15.0, 'country': 0.0, 'website_availability': 5.0, 'email_availability': 0.0, 'platform_source': 14.0, 'industry_match': 0.0, 'budget_potential': 0.0, 'messages': {'company_size': 'No company size -> 0', 'job_role': 'Executive / founder role -> +15', 'country': 'No country / location -> 0', 'website_availability': 'Website hint present -> +5', 'email_availability': 'No email -> 0', 'platform_source': "Platform 'linkedin' -> +14", 'industry_match': 'No benchmark industry configured -> 0', 'budget_potential': 'No budget keywords -> 0'}, 'raw_total': 34.0}
2026-04-29 13:32:18,794 | INFO | weekly_engine start day=mon keyword=software location=
2026-04-29 13:32:18,796 | INFO | weekly_engine Startup ingestion done: saved={'created': 0, 'updated': 0, 'skipped': 0} enrich={'selected': 0, 'ok': 0, 'failed': 0, 'skipped': 0}
2026-04-29 13:32:19,280 | INFO | weekly_engine start day=fri keyword=software location=
2026-04-29 13:32:23,178 | INFO | weekly_engine start day=sat keyword=software location=
2026-04-29 13:32:23,181 | INFO | lead_score | ref=Ravi Kumar score=22 tier=cold factors={'company_size': 0.0, 'job_role': 15.0, 'country': 0.0, 'website_availability': 10.0, 'email_availability': 0.0, 'platform_source': 14.0, 'industry_match': 0.0, 'budget_potential': 0.0, 'messages': {'company_size': 'No company size -> 0', 'job_role': 'Executive / founder role -> +15', 'country': 'No country / location -> 0', 'website_availability': 'Website URL present -> +10', 'email_availability': 'No email -> 0', 'platform_source': "Platform 'linkedin' -> +14", 'industry_match': 'No benchmark industry configured -> 0', 'budget_potential': 'No budget keywords -> 0'}, 'raw_total': 39.0}
2026-04-29 13:32:23,185 | INFO | weekly_engine saturday prepared candidates=10
2026-04-29 13:32:23,423 | INFO | weekly_engine start day=sun keyword=software location=
2026-04-29 13:32:23,429 | INFO | weekly_engine sunday cleanup/report: {'total_companies': 10, 'total_leads': 2, 'hot_leads': 0, 'enriched_total': 10, 'high_priority_companies': 10, 'trimmed_content_rows': 0, 'report_file': 'sessions\\weekly_reports\\weekly_report_20260429.json'}
2026-04-29 13:33:41,508 | INFO | lead_score | ref=Aman Verma score=22 tier=cold factors={'company_size': 0.0, 'job_role': 15.0, 'country': 0.0, 'website_availability': 10.0, 'email_availability': 0.0, 'platform_source': 14.0, 'industry_match': 0.0, 'budget_potential': 0.0, 'messages': {'company_size': 'No company size -> 0', 'job_role': 'Executive / founder role -> +15', 'country': 'No country / location -> 0', 'website_availability': 'Website URL present -> +10', 'email_availability': 'No email -> 0', 'platform_source': "Platform 'linkedin' -> +14", 'industry_match': 'No benchmark industry configured -> 0', 'budget_potential': 'No budget keywords -> 0'}, 'raw_total': 39.0}
2026-04-29 13:33:42,129 | INFO | weekly_engine start day=mon keyword=software location=
2026-04-29 13:33:42,131 | INFO | weekly_engine Startup ingestion done: saved={'created': 0, 'updated': 0, 'skipped': 0} enrich={'selected': 0, 'ok': 0, 'failed': 0, 'skipped': 0}
2026-04-29 13:33:42,737 | INFO | weekly_engine start day=fri keyword=software location=
2026-04-29 13:33:46,688 | INFO | weekly_engine start day=sat keyword=software location=
2026-04-29 13:33:46,695 | INFO | lead_score | ref=Ravi Kumar score=22 tier=cold factors={'company_size': 0.0, 'job_role': 15.0, 'country': 0.0, 'website_availability': 10.0, 'email_availability': 0.0, 'platform_source': 14.0, 'industry_match': 0.0, 'budget_potential': 0.0, 'messages': {'company_size': 'No company size -> 0', 'job_role': 'Executive / founder role -> +15', 'country': 'No country / location -> 0', 'website_availability': 'Website URL present -> +10', 'email_availability': 'No email -> 0', 'platform_source': "Platform 'linkedin' -> +14", 'industry_match': 'No benchmark industry configured -> 0', 'budget_potential': 'No budget keywords -> 0'}, 'raw_total': 39.0}
2026-04-29 13:33:46,701 | INFO | weekly_engine saturday prepared candidates=10
2026-04-29 13:33:47,044 | INFO | weekly_engine start day=sun keyword=software location=
2026-04-29 13:33:47,054 | INFO | weekly_engine sunday cleanup/report: {'total_companies': 10, 'total_leads': 2, 'hot_leads': 0, 'enriched_total': 10, 'high_priority_companies': 10, 'trimmed_content_rows': 0, 'report_file': 'sessions\\weekly_reports\\weekly_report_20260429.json'}
2026-04-29 13:34:56,621 | INFO | lead_score | ref=Aman Verma score=22 tier=cold factors={'company_size': 0.0, 'job_role': 15.0, 'country': 0.0, 'website_availability': 10.0, 'email_availability': 0.0, 'platform_source': 14.0, 'industry_match': 0.0, 'budget_potential': 0.0, 'messages': {'company_size': 'No company size -> 0', 'job_role': 'Executive / founder role -> +15', 'country': 'No country / location -> 0', 'website_availability': 'Website URL present -> +10', 'email_availability': 'No email -> 0', 'platform_source': "Platform 'linkedin' -> +14", 'industry_match': 'No benchmark industry configured -> 0', 'budget_potential': 'No budget keywords -> 0'}, 'raw_total': 39.0}
2026-04-29 13:34:57,113 | INFO | weekly_engine start day=mon keyword=software location=
2026-04-29 13:34:57,115 | INFO | weekly_engine Startup ingestion done: saved={'created': 0, 'updated': 0, 'skipped': 0} enrich={'selected': 0, 'ok': 0, 'failed': 0, 'skipped': 0}
2026-04-29 13:34:57,600 | INFO | weekly_engine start day=fri keyword=software location=
2026-04-29 13:35:01,487 | INFO | weekly_engine start day=sat keyword=software location=
2026-04-29 13:35:01,490 | INFO | lead_score | ref=Ravi Kumar score=22 tier=cold factors={'company_size': 0.0, 'job_role': 15.0, 'country': 0.0, 'website_availability': 10.0, 'email_availability': 0.0, 'platform_source': 14.0, 'industry_match': 0.0, 'budget_potential': 0.0, 'messages': {'company_size': 'No company size -> 0', 'job_role': 'Executive / founder role -> +15', 'country': 'No country / location -> 0', 'website_availability': 'Website URL present -> +10', 'email_availability': 'No email -> 0', 'platform_source': "Platform 'linkedin' -> +14", 'industry_match': 'No benchmark industry configured -> 0', 'budget_potential': 'No budget keywords -> 0'}, 'raw_total': 39.0}
2026-04-29 13:35:01,494 | INFO | weekly_engine saturday prepared candidates=10
2026-04-29 13:35:01,744 | INFO | weekly_engine start day=sun keyword=software location=
2026-04-29 13:35:01,751 | INFO | weekly_engine sunday cleanup/report: {'total_companies': 10, 'total_leads': 2, 'hot_leads': 0, 'enriched_total': 10, 'high_priority_companies': 10, 'trimmed_content_rows': 0, 'report_file': 'sessions\\weekly_reports\\weekly_report_20260429.json'}
2026-04-29 13:39:52,790 | INFO | lead_score | ref=Aman Verma score=22 tier=cold factors={'company_size': 0.0, 'job_role': 15.0, 'country': 0.0, 'website_availability': 10.0, 'email_availability': 0.0, 'platform_source': 14.0, 'industry_match': 0.0, 'budget_potential': 0.0, 'messages': {'company_size': 'No company size -> 0', 'job_role': 'Executive / founder role -> +15', 'country': 'No country / location -> 0', 'website_availability': 'Website URL present -> +10', 'email_availability': 'No email -> 0', 'platform_source': "Platform 'linkedin' -> +14", 'industry_match': 'No benchmark industry configured -> 0', 'budget_potential': 'No budget keywords -> 0'}, 'raw_total': 39.0}
2026-04-29 13:39:53,272 | INFO | weekly_engine start day=mon keyword=software location=
2026-04-29 13:39:53,273 | INFO | weekly_engine Startup ingestion done: saved={'created': 0, 'updated': 0, 'skipped': 0} enrich={'selected': 0, 'ok': 0, 'failed': 0, 'skipped': 0}
2026-04-29 13:39:53,744 | INFO | weekly_engine start day=fri keyword=software location=
2026-04-29 13:39:57,632 | INFO | weekly_engine start day=sat keyword=software location=
2026-04-29 13:39:57,636 | INFO | lead_score | ref=Ravi Kumar score=22 tier=cold factors={'company_size': 0.0, 'job_role': 15.0, 'country': 0.0, 'website_availability': 10.0, 'email_availability': 0.0, 'platform_source': 14.0, 'industry_match': 0.0, 'budget_potential': 0.0, 'messages': {'company_size': 'No company size -> 0', 'job_role': 'Executive / founder role -> +15', 'country': 'No country / location -> 0', 'website_availability': 'Website URL present -> +10', 'email_availability': 'No email -> 0', 'platform_source': "Platform 'linkedin' -> +14", 'industry_match': 'No benchmark industry configured -> 0', 'budget_potential': 'No budget keywords -> 0'}, 'raw_total': 39.0}
2026-04-29 13:39:57,640 | INFO | weekly_engine saturday prepared candidates=10
2026-04-29 13:39:57,876 | INFO | weekly_engine start day=sun keyword=software location=
2026-04-29 13:39:57,881 | INFO | weekly_engine sunday cleanup/report: {'total_companies': 10, 'total_leads': 2, 'hot_leads': 0, 'enriched_total': 10, 'high_priority_companies': 10, 'trimmed_content_rows': 0, 'report_file': 'sessions\\weekly_reports\\weekly_report_20260429.json'}
2026-04-29 13:41:04,206 | INFO | lead_score | ref=Aman Verma score=22 tier=cold factors={'company_size': 0.0, 'job_role': 15.0, 'country': 0.0, 'website_availability': 5.0, 'email_availability': 0.0, 'platform_source': 14.0, 'industry_match': 0.0, 'budget_potential': 0.0, 'messages': {'company_size': 'No company size -> 0', 'job_role': 'Executive / founder role -> +15', 'country': 'No country / location -> 0', 'website_availability': 'Website hint present -> +5', 'email_availability': 'No email -> 0', 'platform_source': "Platform 'linkedin' -> +14", 'industry_match': 'No benchmark industry configured -> 0', 'budget_potential': 'No budget keywords -> 0'}, 'raw_total': 34.0}
2026-04-29 13:41:04,685 | INFO | weekly_engine start day=mon keyword=software location=
2026-04-29 13:41:04,686 | INFO | weekly_engine Startup ingestion done: saved={'created': 0, 'updated': 0, 'skipped': 0} enrich={'selected': 0, 'ok': 0, 'failed': 0, 'skipped': 0}
2026-04-29 13:41:05,152 | INFO | weekly_engine start day=fri keyword=software location=
2026-04-29 13:41:09,027 | INFO | weekly_engine start day=sat keyword=software location=
2026-04-29 13:41:09,030 | INFO | lead_score | ref=Ravi Kumar score=22 tier=cold factors={'company_size': 0.0, 'job_role': 15.0, 'country': 0.0, 'website_availability': 10.0, 'email_availability': 0.0, 'platform_source': 14.0, 'industry_match': 0.0, 'budget_potential': 0.0, 'messages': {'company_size': 'No company size -> 0', 'job_role': 'Executive / founder role -> +15', 'country': 'No country / location -> 0', 'website_availability': 'Website URL present -> +10', 'email_availability': 'No email -> 0', 'platform_source': "Platform 'linkedin' -> +14", 'industry_match': 'No benchmark industry configured -> 0', 'budget_potential': 'No budget keywords -> 0'}, 'raw_total': 39.0}
2026-04-29 13:41:09,034 | INFO | weekly_engine saturday prepared candidates=10
2026-04-29 13:41:09,261 | INFO | weekly_engine start day=sun keyword=software location=
2026-04-29 13:41:09,266 | INFO | weekly_engine sunday cleanup/report: {'total_companies': 10, 'total_leads': 2, 'hot_leads': 0, 'enriched_total': 10, 'high_priority_companies': 10, 'trimmed_content_rows': 0, 'report_file': 'sessions\\weekly_reports\\weekly_report_20260429.json'}
2026-04-29 13:43:31,430 | INFO | lead_score | ref=Aman Verma score=22 tier=cold factors={'company_size': 0.0, 'job_role': 15.0, 'country': 0.0, 'website_availability': 10.0, 'email_availability': 0.0, 'platform_source': 14.0, 'industry_match': 0.0, 'budget_potential': 0.0, 'messages': {'company_size': 'No company size -> 0', 'job_role': 'Executive / founder role -> +15', 'country': 'No country / location -> 0', 'website_availability': 'Website URL present -> +10', 'email_availability': 'No email -> 0', 'platform_source': "Platform 'linkedin' -> +14", 'industry_match': 'No benchmark industry configured -> 0', 'budget_potential': 'No budget keywords -> 0'}, 'raw_total': 39.0}
2026-04-29 13:43:31,904 | INFO | weekly_engine start day=mon keyword=software location=
2026-04-29 13:43:31,906 | INFO | weekly_engine Startup ingestion done: saved={'created': 0, 'updated': 0, 'skipped': 0} enrich={'selected': 0, 'ok': 0, 'failed': 0, 'skipped': 0}
2026-04-29 13:43:32,369 | INFO | weekly_engine start day=fri keyword=software location=
2026-04-29 13:43:36,245 | INFO | weekly_engine start day=sat keyword=software location=
2026-04-29 13:43:36,247 | INFO | lead_score | ref=Ravi Kumar score=22 tier=cold factors={'company_size': 0.0, 'job_role': 15.0, 'country': 0.0, 'website_availability': 10.0, 'email_availability': 0.0, 'platform_source': 14.0, 'industry_match': 0.0, 'budget_potential': 0.0, 'messages': {'company_size': 'No company size -> 0', 'job_role': 'Executive / founder role -> +15', 'country': 'No country / location -> 0', 'website_availability': 'Website URL present -> +10', 'email_availability': 'No email -> 0', 'platform_source': "Platform 'linkedin' -> +14", 'industry_match': 'No benchmark industry configured -> 0', 'budget_potential': 'No budget keywords -> 0'}, 'raw_total': 39.0}
2026-04-29 13:43:36,251 | INFO | weekly_engine saturday prepared candidates=10
2026-04-29 13:43:36,482 | INFO | weekly_engine start day=sun keyword=software location=
2026-04-29 13:43:36,487 | INFO | weekly_engine sunday cleanup/report: {'total_companies': 10, 'total_leads': 2, 'hot_leads': 0, 'enriched_total': 10, 'high_priority_companies': 10, 'trimmed_content_rows': 0, 'report_file': 'sessions\\weekly_reports\\weekly_report_20260429.json'}
2026-04-29 15:19:31,373 | INFO | lead_score | ref=Decision Maker - Yc One score=11 tier=cold factors={'company_size': 0.0, 'job_role': 4.0, 'country': 0.0, 'website_availability': 10.0, 'email_availability': 0.0, 'platform_source': 5.0, 'industry_match': 0.0, 'budget_potential': 0.0, 'messages': {'company_size': 'No company size -> 0', 'job_role': 'Title present (IC) -> +4', 'country': 'No country / location -> 0', 'website_availability': 'Website URL present -> +10', 'email_availability': 'No email -> 0', 'platform_source': "Platform 'other' -> +5", 'industry_match': 'No benchmark industry configured -> 0', 'budget_potential': 'No budget keywords -> 0'}, 'raw_total': 19.0}
2026-04-29 15:19:31,379 | INFO | lead_score | ref=Decision Maker - Yc Two score=11 tier=cold factors={'company_size': 0.0, 'job_role': 4.0, 'country': 0.0, 'website_availability': 10.0, 'email_availability': 0.0, 'platform_source': 5.0, 'industry_match': 0.0, 'budget_potential': 0.0, 'messages': {'company_size': 'No company size -> 0', 'job_role': 'Title present (IC) -> +4', 'country': 'No country / location -> 0', 'website_availability': 'Website URL present -> +10', 'email_availability': 'No email -> 0', 'platform_source': "Platform 'other' -> +5", 'industry_match': 'No benchmark industry configured -> 0', 'budget_potential': 'No budget keywords -> 0'}, 'raw_total': 19.0}
2026-04-29 15:20:14,672 | INFO | lead_score | ref=Aman Verma score=22 tier=cold factors={'company_size': 0.0, 'job_role': 15.0, 'country': 0.0, 'website_availability': 10.0, 'email_availability': 0.0, 'platform_source': 14.0, 'industry_match': 0.0, 'budget_potential': 0.0, 'messages': {'company_size': 'No company size -> 0', 'job_role': 'Executive / founder role -> +15', 'country': 'No country / location -> 0', 'website_availability': 'Website URL present -> +10', 'email_availability': 'No email -> 0', 'platform_source': "Platform 'linkedin' -> +14", 'industry_match': 'No benchmark industry configured -> 0', 'budget_potential': 'No budget keywords -> 0'}, 'raw_total': 39.0}
2026-04-29 15:20:15,157 | INFO | weekly_engine start day=mon keyword=software location=
2026-04-29 15:20:15,168 | INFO | weekly_engine Startup ingestion done: saved={'created': 0, 'updated': 0, 'skipped': 0} enrich={'selected': 0, 'ok': 0, 'failed': 0, 'skipped': 0}
2026-04-29 15:20:15,668 | INFO | weekly_engine start day=fri keyword=software location=
2026-04-29 15:20:19,204 | INFO | weekly_engine start day=sat keyword=software location=
2026-04-29 15:20:19,213 | INFO | lead_score | ref=Ravi Kumar score=22 tier=cold factors={'company_size': 0.0, 'job_role': 15.0, 'country': 0.0, 'website_availability': 10.0, 'email_availability': 0.0, 'platform_source': 14.0, 'industry_match': 0.0, 'budget_potential': 0.0, 'messages': {'company_size': 'No company size -> 0', 'job_role': 'Executive / founder role -> +15', 'country': 'No country / location -> 0', 'website_availability': 'Website URL present -> +10', 'email_availability': 'No email -> 0', 'platform_source': "Platform 'linkedin' -> +14", 'industry_match': 'No benchmark industry configured -> 0', 'budget_potential': 'No budget keywords -> 0'}, 'raw_total': 39.0}
2026-04-29 15:20:19,218 | INFO | weekly_engine saturday prepared candidates=9
2026-04-29 15:20:19,519 | INFO | weekly_engine start day=sun keyword=software location=
2026-04-29 15:20:19,523 | INFO | weekly_engine sunday cleanup/report: {'total_companies': 9, 'total_leads': 4, 'hot_leads': 0, 'enriched_total': 9, 'high_priority_companies': 9, 'trimmed_content_rows': 0, 'report_file': 'sessions\\weekly_reports\\weekly_report_20260429.json'}
2026-04-29 15:20:57,715 | INFO | lead_score | ref=Decision Maker - Yc One score=11 tier=cold factors={'company_size': 0.0, 'job_role': 4.0, 'country': 0.0, 'website_availability': 10.0, 'email_availability': 0.0, 'platform_source': 5.0, 'industry_match': 0.0, 'budget_potential': 0.0, 'messages': {'company_size': 'No company size -> 0', 'job_role': 'Title present (IC) -> +4', 'country': 'No country / location -> 0', 'website_availability': 'Website URL present -> +10', 'email_availability': 'No email -> 0', 'platform_source': "Platform 'other' -> +5", 'industry_match': 'No benchmark industry configured -> 0', 'budget_potential': 'No budget keywords -> 0'}, 'raw_total': 19.0}
2026-04-29 15:20:57,722 | INFO | lead_score | ref=Decision Maker - Yc Two score=11 tier=cold factors={'company_size': 0.0, 'job_role': 4.0, 'country': 0.0, 'website_availability': 10.0, 'email_availability': 0.0, 'platform_source': 5.0, 'industry_match': 0.0, 'budget_potential': 0.0, 'messages': {'company_size': 'No company size -> 0', 'job_role': 'Title present (IC) -> +4', 'country': 'No country / location -> 0', 'website_availability': 'Website URL present -> +10', 'email_availability': 'No email -> 0', 'platform_source': "Platform 'other' -> +5", 'industry_match': 'No benchmark industry configured -> 0', 'budget_potential': 'No budget keywords -> 0'}, 'raw_total': 19.0}
2026-04-29 15:21:07,871 | INFO | lead_score | ref=Decision Maker - Flow Co score=11 tier=cold factors={'company_size': 0.0, 'job_role': 4.0, 'country': 0.0, 'website_availability': 10.0, 'email_availability': 0.0, 'platform_source': 5.0, 'industry_match': 0.0, 'budget_potential': 0.0, 'messages': {'company_size': 'No company size -> 0', 'job_role': 'Title present (IC) -> +4', 'country': 'No country / location -> 0', 'website_availability': 'Website URL present -> +10', 'email_availability': 'No email -> 0', 'platform_source': "Platform 'other' -> +5", 'industry_match': 'No benchmark industry configured -> 0', 'budget_potential': 'No budget keywords -> 0'}, 'raw_total': 19.0}
2026-04-29 15:21:07,892 | INFO | lead_score | ref=Decision Maker - Flow Co Updated score=11 tier=cold factors={'company_size': 0.0, 'job_role': 4.0, 'country': 0.0, 'website_availability': 10.0, 'email_availability': 0.0, 'platform_source': 5.0, 'industry_match': 0.0, 'budget_potential': 0.0, 'messages': {'company_size': 'No company size -> 0', 'job_role': 'Title present (IC) -> +4', 'country': 'No country / location -> 0', 'website_availability': 'Website URL present -> +10', 'email_availability': 'No email -> 0', 'platform_source': "Platform 'other' -> +5", 'industry_match': 'No benchmark industry configured -> 0', 'budget_potential': 'No budget keywords -> 0'}, 'raw_total': 19.0}
2026-04-29 15:21:37,563 | INFO | lead_score | ref=Aman Verma score=22 tier=cold factors={'company_size': 0.0, 'job_role': 15.0, 'country': 0.0, 'website_availability': 10.0, 'email_availability': 0.0, 'platform_source': 14.0, 'industry_match': 0.0, 'budget_potential': 0.0, 'messages': {'company_size': 'No company size -> 0', 'job_role': 'Executive / founder role -> +15', 'country': 'No country / location -> 0', 'website_availability': 'Website URL present -> +10', 'email_availability': 'No email -> 0', 'platform_source': "Platform 'linkedin' -> +14", 'industry_match': 'No benchmark industry configured -> 0', 'budget_potential': 'No budget keywords -> 0'}, 'raw_total': 39.0}
2026-04-29 15:21:38,056 | INFO | weekly_engine start day=mon keyword=software location=
2026-04-29 15:21:38,067 | INFO | weekly_engine Startup ingestion done: saved={'created': 0, 'updated': 0, 'skipped': 0} enrich={'selected': 0, 'ok': 0, 'failed': 0, 'skipped': 0}
2026-04-29 15:21:38,568 | INFO | weekly_engine start day=fri keyword=software location=
2026-04-29 15:21:42,531 | INFO | weekly_engine start day=sat keyword=software location=
2026-04-29 15:21:42,537 | INFO | lead_score | ref=Ravi Kumar score=22 tier=cold factors={'company_size': 0.0, 'job_role': 15.0, 'country': 0.0, 'website_availability': 10.0, 'email_availability': 0.0, 'platform_source': 14.0, 'industry_match': 0.0, 'budget_potential': 0.0, 'messages': {'company_size': 'No company size -> 0', 'job_role': 'Executive / founder role -> +15', 'country': 'No country / location -> 0', 'website_availability': 'Website URL present -> +10', 'email_availability': 'No email -> 0', 'platform_source': "Platform 'linkedin' -> +14", 'industry_match': 'No benchmark industry configured -> 0', 'budget_potential': 'No budget keywords -> 0'}, 'raw_total': 39.0}
2026-04-29 15:21:42,540 | INFO | weekly_engine saturday prepared candidates=10
2026-04-29 15:21:42,930 | INFO | weekly_engine start day=sun keyword=software location=
2026-04-29 15:21:42,937 | INFO | weekly_engine sunday cleanup/report: {'total_companies': 10, 'total_leads': 6, 'hot_leads': 0, 'enriched_total': 10, 'high_priority_companies': 10, 'trimmed_content_rows': 0, 'report_file': 'sessions\\weekly_reports\\weekly_report_20260429.json'}
2026-04-29 15:25:19,094 | INFO | lead_score | ref=Decision Maker - A score=11 tier=cold factors={'company_size': 0.0, 'job_role': 4.0, 'country': 0.0, 'website_availability': 10.0, 'email_availability': 0.0, 'platform_source': 5.0, 'industry_match': 0.0, 'budget_potential': 0.0, 'messages': {'company_size': 'No company size -> 0', 'job_role': 'Title present (IC) -> +4', 'country': 'No country / location -> 0', 'website_availability': 'Website URL present -> +10', 'email_availability': 'No email -> 0', 'platform_source': "Platform 'other' -> +5", 'industry_match': 'No benchmark industry configured -> 0', 'budget_potential': 'No budget keywords -> 0'}, 'raw_total': 19.0}
2026-04-29 15:25:30,857 | INFO | lead_score | ref=Aman Verma score=22 tier=cold factors={'company_size': 0.0, 'job_role': 15.0, 'country': 0.0, 'website_availability': 10.0, 'email_availability': 0.0, 'platform_source': 14.0, 'industry_match': 0.0, 'budget_potential': 0.0, 'messages': {'company_size': 'No company size -> 0', 'job_role': 'Executive / founder role -> +15', 'country': 'No country / location -> 0', 'website_availability': 'Website URL present -> +10', 'email_availability': 'No email -> 0', 'platform_source': "Platform 'linkedin' -> +14", 'industry_match': 'No benchmark industry configured -> 0', 'budget_potential': 'No budget keywords -> 0'}, 'raw_total': 39.0}
2026-04-29 15:25:31,425 | INFO | weekly_engine start day=mon keyword=software location=
2026-04-29 15:25:31,440 | INFO | weekly_engine Startup ingestion done: saved={'created': 0, 'updated': 0, 'skipped': 0} enrich={'selected': 0, 'ok': 0, 'failed': 0, 'skipped': 0}
2026-04-29 15:25:31,952 | INFO | weekly_engine start day=fri keyword=software location=
2026-04-29 15:25:34,702 | INFO | weekly_engine start day=sat keyword=software location=
2026-04-29 15:25:34,707 | INFO | lead_score | ref=Ravi Kumar score=22 tier=cold factors={'company_size': 0.0, 'job_role': 15.0, 'country': 0.0, 'website_availability': 10.0, 'email_availability': 0.0, 'platform_source': 14.0, 'industry_match': 0.0, 'budget_potential': 0.0, 'messages': {'company_size': 'No company size -> 0', 'job_role': 'Executive / founder role -> +15', 'country': 'No country / location -> 0', 'website_availability': 'Website URL present -> +10', 'email_availability': 'No email -> 0', 'platform_source': "Platform 'linkedin' -> +14", 'industry_match': 'No benchmark industry configured -> 0', 'budget_potential': 'No budget keywords -> 0'}, 'raw_total': 39.0}
2026-04-29 15:25:34,711 | INFO | weekly_engine saturday prepared candidates=7
2026-04-29 15:25:34,960 | INFO | weekly_engine start day=sun keyword=software location=
2026-04-29 15:25:34,965 | INFO | weekly_engine sunday cleanup/report: {'total_companies': 7, 'total_leads': 3, 'hot_leads': 0, 'enriched_total': 7, 'high_priority_companies': 7, 'trimmed_content_rows': 0, 'report_file': 'sessions\\weekly_reports\\weekly_report_20260429.json'}
2026-04-29 15:26:06,014 | INFO | lead_score | ref=Decision Maker - Yc One score=11 tier=cold factors={'company_size': 0.0, 'job_role': 4.0, 'country': 0.0, 'website_availability': 10.0, 'email_availability': 0.0, 'platform_source': 5.0, 'industry_match': 0.0, 'budget_potential': 0.0, 'messages': {'company_size': 'No company size -> 0', 'job_role': 'Title present (IC) -> +4', 'country': 'No country / location -> 0', 'website_availability': 'Website URL present -> +10', 'email_availability': 'No email -> 0', 'platform_source': "Platform 'other' -> +5", 'industry_match': 'No benchmark industry configured -> 0', 'budget_potential': 'No budget keywords -> 0'}, 'raw_total': 19.0}
2026-04-29 15:26:06,021 | INFO | lead_score | ref=Decision Maker - Yc Two score=11 tier=cold factors={'company_size': 0.0, 'job_role': 4.0, 'country': 0.0, 'website_availability': 10.0, 'email_availability': 0.0, 'platform_source': 5.0, 'industry_match': 0.0, 'budget_potential': 0.0, 'messages': {'company_size': 'No company size -> 0', 'job_role': 'Title present (IC) -> +4', 'country': 'No country / location -> 0', 'website_availability': 'Website URL present -> +10', 'email_availability': 'No email -> 0', 'platform_source': "Platform 'other' -> +5", 'industry_match': 'No benchmark industry configured -> 0', 'budget_potential': 'No budget keywords -> 0'}, 'raw_total': 19.0}
2026-04-29 15:26:15,943 | INFO | lead_score | ref=Decision Maker - Flow Co score=11 tier=cold factors={'company_size': 0.0, 'job_role': 4.0, 'country': 0.0, 'website_availability': 10.0, 'email_availability': 0.0, 'platform_source': 5.0, 'industry_match': 0.0, 'budget_potential': 0.0, 'messages': {'company_size': 'No company size -> 0', 'job_role': 'Title present (IC) -> +4', 'country': 'No country / location -> 0', 'website_availability': 'Website URL present -> +10', 'email_availability': 'No email -> 0', 'platform_source': "Platform 'other' -> +5", 'industry_match': 'No benchmark industry configured -> 0', 'budget_potential': 'No budget keywords -> 0'}, 'raw_total': 19.0}
2026-04-29 15:26:15,964 | INFO | lead_score | ref=Decision Maker - Flow Co Updated score=11 tier=cold factors={'company_size': 0.0, 'job_role': 4.0, 'country': 0.0, 'website_availability': 10.0, 'email_availability': 0.0, 'platform_source': 5.0, 'industry_match': 0.0, 'budget_potential': 0.0, 'messages': {'company_size': 'No company size -> 0', 'job_role': 'Title present (IC) -> +4', 'country': 'No country / location -> 0', 'website_availability': 'Website URL present -> +10', 'email_availability': 'No email -> 0', 'platform_source': "Platform 'other' -> +5", 'industry_match': 'No benchmark industry configured -> 0', 'budget_potential': 'No budget keywords -> 0'}, 'raw_total': 19.0}
2026-04-29 15:26:16,742 | INFO | lead_score | ref=Decision Maker - A score=11 tier=cold factors={'company_size': 0.0, 'job_role': 4.0, 'country': 0.0, 'website_availability': 10.0, 'email_availability': 0.0, 'platform_source': 5.0, 'industry_match': 0.0, 'budget_potential': 0.0, 'messages': {'company_size': 'No company size -> 0', 'job_role': 'Title present (IC) -> +4', 'country': 'No country / location -> 0', 'website_availability': 'Website URL present -> +10', 'email_availability': 'No email -> 0', 'platform_source': "Platform 'other' -> +5", 'industry_match': 'No benchmark industry configured -> 0', 'budget_potential': 'No budget keywords -> 0'}, 'raw_total': 19.0}
2026-04-29 15:26:43,412 | INFO | lead_score | ref=Aman Verma score=22 tier=cold factors={'company_size': 0.0, 'job_role': 15.0, 'country': 0.0, 'website_availability': 5.0, 'email_availability': 0.0, 'platform_source': 14.0, 'industry_match': 0.0, 'budget_potential': 0.0, 'messages': {'company_size': 'No company size -> 0', 'job_role': 'Executive / founder role -> +15', 'country': 'No country / location -> 0', 'website_availability': 'Website hint present -> +5', 'email_availability': 'No email -> 0', 'platform_source': "Platform 'linkedin' -> +14", 'industry_match': 'No benchmark industry configured -> 0', 'budget_potential': 'No budget keywords -> 0'}, 'raw_total': 34.0}
2026-04-29 15:26:43,899 | INFO | weekly_engine start day=mon keyword=software location=
2026-04-29 15:26:43,913 | INFO | weekly_engine Startup ingestion done: saved={'created': 0, 'updated': 0, 'skipped': 0} enrich={'selected': 0, 'ok': 0, 'failed': 0, 'skipped': 0}
2026-04-29 15:26:44,411 | INFO | weekly_engine start day=fri keyword=software location=
2026-04-29 15:26:48,335 | INFO | weekly_engine start day=sat keyword=software location=
2026-04-29 15:26:48,340 | INFO | lead_score | ref=Ravi Kumar score=22 tier=cold factors={'company_size': 0.0, 'job_role': 15.0, 'country': 0.0, 'website_availability': 10.0, 'email_availability': 0.0, 'platform_source': 14.0, 'industry_match': 0.0, 'budget_potential': 0.0, 'messages': {'company_size': 'No company size -> 0', 'job_role': 'Executive / founder role -> +15', 'country': 'No country / location -> 0', 'website_availability': 'Website URL present -> +10', 'email_availability': 'No email -> 0', 'platform_source': "Platform 'linkedin' -> +14", 'industry_match': 'No benchmark industry configured -> 0', 'budget_potential': 'No budget keywords -> 0'}, 'raw_total': 39.0}
2026-04-29 15:26:48,344 | INFO | weekly_engine saturday prepared candidates=10
2026-04-29 15:26:48,609 | INFO | weekly_engine start day=sun keyword=software location=
2026-04-29 15:26:48,616 | INFO | weekly_engine sunday cleanup/report: {'total_companies': 10, 'total_leads': 7, 'hot_leads': 0, 'enriched_total': 10, 'high_priority_companies': 10, 'trimmed_content_rows': 0, 'report_file': 'sessions\\weekly_reports\\weekly_report_20260429.json'}
2026-04-29 15:31:41,060 | INFO | lead_score | ref=Decision Maker - Yc One score=11 tier=cold factors={'company_size': 0.0, 'job_role': 4.0, 'country': 0.0, 'website_availability': 10.0, 'email_availability': 0.0, 'platform_source': 5.0, 'industry_match': 0.0, 'budget_potential': 0.0, 'messages': {'company_size': 'No company size -> 0', 'job_role': 'Title present (IC) -> +4', 'country': 'No country / location -> 0', 'website_availability': 'Website URL present -> +10', 'email_availability': 'No email -> 0', 'platform_source': "Platform 'other' -> +5", 'industry_match': 'No benchmark industry configured -> 0', 'budget_potential': 'No budget keywords -> 0'}, 'raw_total': 19.0}
2026-04-29 15:31:41,069 | INFO | lead_score | ref=Decision Maker - Yc Two score=11 tier=cold factors={'company_size': 0.0, 'job_role': 4.0, 'country': 0.0, 'website_availability': 10.0, 'email_availability': 0.0, 'platform_source': 5.0, 'industry_match': 0.0, 'budget_potential': 0.0, 'messages': {'company_size': 'No company size -> 0', 'job_role': 'Title present (IC) -> +4', 'country': 'No country / location -> 0', 'website_availability': 'Website URL present -> +10', 'email_availability': 'No email -> 0', 'platform_source': "Platform 'other' -> +5", 'industry_match': 'No benchmark industry configured -> 0', 'budget_potential': 'No budget keywords -> 0'}, 'raw_total': 19.0}
2026-04-29 15:31:53,195 | INFO | lead_score | ref=Decision Maker - Flow Co score=11 tier=cold factors={'company_size': 0.0, 'job_role': 4.0, 'country': 0.0, 'website_availability': 10.0, 'email_availability': 0.0, 'platform_source': 5.0, 'industry_match': 0.0, 'budget_potential': 0.0, 'messages': {'company_size': 'No company size -> 0', 'job_role': 'Title present (IC) -> +4', 'country': 'No country / location -> 0', 'website_availability': 'Website URL present -> +10', 'email_availability': 'No email -> 0', 'platform_source': "Platform 'other' -> +5", 'industry_match': 'No benchmark industry configured -> 0', 'budget_potential': 'No budget keywords -> 0'}, 'raw_total': 19.0}
2026-04-29 15:31:53,218 | INFO | lead_score | ref=Decision Maker - Flow Co Updated score=11 tier=cold factors={'company_size': 0.0, 'job_role': 4.0, 'country': 0.0, 'website_availability': 10.0, 'email_availability': 0.0, 'platform_source': 5.0, 'industry_match': 0.0, 'budget_potential': 0.0, 'messages': {'company_size': 'No company size -> 0', 'job_role': 'Title present (IC) -> +4', 'country': 'No country / location -> 0', 'website_availability': 'Website URL present -> +10', 'email_availability': 'No email -> 0', 'platform_source': "Platform 'other' -> +5", 'industry_match': 'No benchmark industry configured -> 0', 'budget_potential': 'No budget keywords -> 0'}, 'raw_total': 19.0}
2026-04-29 15:31:54,030 | INFO | lead_score | ref=Decision Maker - A score=11 tier=cold factors={'company_size': 0.0, 'job_role': 4.0, 'country': 0.0, 'website_availability': 10.0, 'email_availability': 0.0, 'platform_source': 5.0, 'industry_match': 0.0, 'budget_potential': 0.0, 'messages': {'company_size': 'No company size -> 0', 'job_role': 'Title present (IC) -> +4', 'country': 'No country / location -> 0', 'website_availability': 'Website URL present -> +10', 'email_availability': 'No email -> 0', 'platform_source': "Platform 'other' -> +5", 'industry_match': 'No benchmark industry configured -> 0', 'budget_potential': 'No budget keywords -> 0'}, 'raw_total': 19.0}
2026-04-29 15:32:23,821 | INFO | lead_score | ref=Aman Verma score=22 tier=cold factors={'company_size': 0.0, 'job_role': 15.0, 'country': 0.0, 'website_availability': 10.0, 'email_availability': 0.0, 'platform_source': 14.0, 'industry_match': 0.0, 'budget_potential': 0.0, 'messages': {'company_size': 'No company size -> 0', 'job_role': 'Executive / founder role -> +15', 'country': 'No country / location -> 0', 'website_availability': 'Website URL present -> +10', 'email_availability': 'No email -> 0', 'platform_source': "Platform 'linkedin' -> +14", 'industry_match': 'No benchmark industry configured -> 0', 'budget_potential': 'No budget keywords -> 0'}, 'raw_total': 39.0}
2026-04-29 15:32:24,314 | INFO | weekly_engine start day=mon keyword=software location=
2026-04-29 15:32:24,329 | INFO | weekly_engine Startup ingestion done: saved={'created': 0, 'updated': 0, 'skipped': 0} enrich={'selected': 0, 'ok': 0, 'failed': 0, 'skipped': 0}
2026-04-29 15:32:24,842 | INFO | weekly_engine start day=fri keyword=software location=
2026-04-29 15:32:29,199 | INFO | weekly_engine start day=sat keyword=software location=
2026-04-29 15:32:29,204 | INFO | lead_score | ref=Ravi Kumar score=22 tier=cold factors={'company_size': 0.0, 'job_role': 15.0, 'country': 0.0, 'website_availability': 10.0, 'email_availability': 0.0, 'platform_source': 14.0, 'industry_match': 0.0, 'budget_potential': 0.0, 'messages': {'company_size': 'No company size -> 0', 'job_role': 'Executive / founder role -> +15', 'country': 'No country / location -> 0', 'website_availability': 'Website URL present -> +10', 'email_availability': 'No email -> 0', 'platform_source': "Platform 'linkedin' -> +14", 'industry_match': 'No benchmark industry configured -> 0', 'budget_potential': 'No budget keywords -> 0'}, 'raw_total': 39.0}
2026-04-29 15:32:29,208 | INFO | weekly_engine saturday prepared candidates=11
2026-04-29 15:32:29,452 | INFO | weekly_engine start day=sun keyword=software location=
2026-04-29 15:32:29,457 | INFO | weekly_engine sunday cleanup/report: {'total_companies': 11, 'total_leads': 7, 'hot_leads': 0, 'enriched_total': 11, 'high_priority_companies': 11, 'trimmed_content_rows': 0, 'report_file': 'sessions\\weekly_reports\\weekly_report_20260429.json'}
2026-04-29 15:33:12,400 | INFO | lead_score | ref=Decision Maker - Yc One score=11 tier=cold factors={'company_size': 0.0, 'job_role': 4.0, 'country': 0.0, 'website_availability': 10.0, 'email_availability': 0.0, 'platform_source': 5.0, 'industry_match': 0.0, 'budget_potential': 0.0, 'messages': {'company_size': 'No company size -> 0', 'job_role': 'Title present (IC) -> +4', 'country': 'No country / location -> 0', 'website_availability': 'Website URL present -> +10', 'email_availability': 'No email -> 0', 'platform_source': "Platform 'other' -> +5", 'industry_match': 'No benchmark industry configured -> 0', 'budget_potential': 'No budget keywords -> 0'}, 'raw_total': 19.0}
2026-04-29 15:33:12,408 | INFO | lead_score | ref=Decision Maker - Yc Two score=11 tier=cold factors={'company_size': 0.0, 'job_role': 4.0, 'country': 0.0, 'website_availability': 10.0, 'email_availability': 0.0, 'platform_source': 5.0, 'industry_match': 0.0, 'budget_potential': 0.0, 'messages': {'company_size': 'No company size -> 0', 'job_role': 'Title present (IC) -> +4', 'country': 'No country / location -> 0', 'website_availability': 'Website URL present -> +10', 'email_availability': 'No email -> 0', 'platform_source': "Platform 'other' -> +5", 'industry_match': 'No benchmark industry configured -> 0', 'budget_potential': 'No budget keywords -> 0'}, 'raw_total': 19.0}
2026-04-29 15:33:24,660 | INFO | lead_score | ref=Decision Maker - Flow Co score=11 tier=cold factors={'company_size': 0.0, 'job_role': 4.0, 'country': 0.0, 'website_availability': 10.0, 'email_availability': 0.0, 'platform_source': 5.0, 'industry_match': 0.0, 'budget_potential': 0.0, 'messages': {'company_size': 'No company size -> 0', 'job_role': 'Title present (IC) -> +4', 'country': 'No country / location -> 0', 'website_availability': 'Website URL present -> +10', 'email_availability': 'No email -> 0', 'platform_source': "Platform 'other' -> +5", 'industry_match': 'No benchmark industry configured -> 0', 'budget_potential': 'No budget keywords -> 0'}, 'raw_total': 19.0}
2026-04-29 15:33:24,696 | INFO | lead_score | ref=Decision Maker - Flow Co Updated score=11 tier=cold factors={'company_size': 0.0, 'job_role': 4.0, 'country': 0.0, 'website_availability': 10.0, 'email_availability': 0.0, 'platform_source': 5.0, 'industry_match': 0.0, 'budget_potential': 0.0, 'messages': {'company_size': 'No company size -> 0', 'job_role': 'Title present (IC) -> +4', 'country': 'No country / location -> 0', 'website_availability': 'Website URL present -> +10', 'email_availability': 'No email -> 0', 'platform_source': "Platform 'other' -> +5", 'industry_match': 'No benchmark industry configured -> 0', 'budget_potential': 'No budget keywords -> 0'}, 'raw_total': 19.0}
2026-04-29 15:33:25,538 | INFO | lead_score | ref=Decision Maker - A score=11 tier=cold factors={'company_size': 0.0, 'job_role': 4.0, 'country': 0.0, 'website_availability': 10.0, 'email_availability': 0.0, 'platform_source': 5.0, 'industry_match': 0.0, 'budget_potential': 0.0, 'messages': {'company_size': 'No company size -> 0', 'job_role': 'Title present (IC) -> +4', 'country': 'No country / location -> 0', 'website_availability': 'Website URL present -> +10', 'email_availability': 'No email -> 0', 'platform_source': "Platform 'other' -> +5", 'industry_match': 'No benchmark industry configured -> 0', 'budget_potential': 'No budget keywords -> 0'}, 'raw_total': 19.0}
2026-04-29 15:33:55,419 | INFO | lead_score | ref=Aman Verma score=22 tier=cold factors={'company_size': 0.0, 'job_role': 15.0, 'country': 0.0, 'website_availability': 10.0, 'email_availability': 0.0, 'platform_source': 14.0, 'industry_match': 0.0, 'budget_potential': 0.0, 'messages': {'company_size': 'No company size -> 0', 'job_role': 'Executive / founder role -> +15', 'country': 'No country / location -> 0', 'website_availability': 'Website URL present -> +10', 'email_availability': 'No email -> 0', 'platform_source': "Platform 'linkedin' -> +14", 'industry_match': 'No benchmark industry configured -> 0', 'budget_potential': 'No budget keywords -> 0'}, 'raw_total': 39.0}
2026-04-29 15:33:56,069 | INFO | weekly_engine start day=mon keyword=software location=
2026-04-29 15:33:56,083 | INFO | weekly_engine Startup ingestion done: saved={'created': 0, 'updated': 0, 'skipped': 0} enrich={'selected': 0, 'ok': 0, 'failed': 0, 'skipped': 0}
2026-04-29 15:33:56,639 | INFO | weekly_engine start day=fri keyword=software location=
2026-04-29 15:34:01,002 | INFO | weekly_engine start day=sat keyword=software location=
2026-04-29 15:34:01,008 | INFO | lead_score | ref=Ravi Kumar score=22 tier=cold factors={'company_size': 0.0, 'job_role': 15.0, 'country': 0.0, 'website_availability': 10.0, 'email_availability': 0.0, 'platform_source': 14.0, 'industry_match': 0.0, 'budget_potential': 0.0, 'messages': {'company_size': 'No company size -> 0', 'job_role': 'Executive / founder role -> +15', 'country': 'No country / location -> 0', 'website_availability': 'Website URL present -> +10', 'email_availability': 'No email -> 0', 'platform_source': "Platform 'linkedin' -> +14", 'industry_match': 'No benchmark industry configured -> 0', 'budget_potential': 'No budget keywords -> 0'}, 'raw_total': 39.0}
2026-04-29 15:34:01,013 | INFO | weekly_engine saturday prepared candidates=11
2026-04-29 15:34:01,258 | INFO | weekly_engine start day=sun keyword=software location=
2026-04-29 15:34:01,263 | INFO | weekly_engine sunday cleanup/report: {'total_companies': 11, 'total_leads': 7, 'hot_leads': 0, 'enriched_total': 11, 'high_priority_companies': 11, 'trimmed_content_rows': 0, 'report_file': 'sessions\\weekly_reports\\weekly_report_20260429.json'}
2026-04-29 15:34:35,851 | INFO | lead_score | ref=Decision Maker - Yc One score=11 tier=cold factors={'company_size': 0.0, 'job_role': 4.0, 'country': 0.0, 'website_availability': 10.0, 'email_availability': 0.0, 'platform_source': 5.0, 'industry_match': 0.0, 'budget_potential': 0.0, 'messages': {'company_size': 'No company size -> 0', 'job_role': 'Title present (IC) -> +4', 'country': 'No country / location -> 0', 'website_availability': 'Website URL present -> +10', 'email_availability': 'No email -> 0', 'platform_source': "Platform 'other' -> +5", 'industry_match': 'No benchmark industry configured -> 0', 'budget_potential': 'No budget keywords -> 0'}, 'raw_total': 19.0}
2026-04-29 15:34:35,857 | INFO | lead_score | ref=Decision Maker - Yc Two score=11 tier=cold factors={'company_size': 0.0, 'job_role': 4.0, 'country': 0.0, 'website_availability': 10.0, 'email_availability': 0.0, 'platform_source': 5.0, 'industry_match': 0.0, 'budget_potential': 0.0, 'messages': {'company_size': 'No company size -> 0', 'job_role': 'Title present (IC) -> +4', 'country': 'No country / location -> 0', 'website_availability': 'Website URL present -> +10', 'email_availability': 'No email -> 0', 'platform_source': "Platform 'other' -> +5", 'industry_match': 'No benchmark industry configured -> 0', 'budget_potential': 'No budget keywords -> 0'}, 'raw_total': 19.0}
2026-04-29 15:34:48,929 | INFO | lead_score | ref=Decision Maker - Flow Co score=11 tier=cold factors={'company_size': 0.0, 'job_role': 4.0, 'country': 0.0, 'website_availability': 10.0, 'email_availability': 0.0, 'platform_source': 5.0, 'industry_match': 0.0, 'budget_potential': 0.0, 'messages': {'company_size': 'No company size -> 0', 'job_role': 'Title present (IC) -> +4', 'country': 'No country / location -> 0', 'website_availability': 'Website URL present -> +10', 'email_availability': 'No email -> 0', 'platform_source': "Platform 'other' -> +5", 'industry_match': 'No benchmark industry configured -> 0', 'budget_potential': 'No budget keywords -> 0'}, 'raw_total': 19.0}
2026-04-29 15:34:48,955 | INFO | lead_score | ref=Decision Maker - Flow Co Updated score=11 tier=cold factors={'company_size': 0.0, 'job_role': 4.0, 'country': 0.0, 'website_availability': 10.0, 'email_availability': 0.0, 'platform_source': 5.0, 'industry_match': 0.0, 'budget_potential': 0.0, 'messages': {'company_size': 'No company size -> 0', 'job_role': 'Title present (IC) -> +4', 'country': 'No country / location -> 0', 'website_availability': 'Website URL present -> +10', 'email_availability': 'No email -> 0', 'platform_source': "Platform 'other' -> +5", 'industry_match': 'No benchmark industry configured -> 0', 'budget_potential': 'No budget keywords -> 0'}, 'raw_total': 19.0}
2026-04-29 15:34:49,876 | INFO | lead_score | ref=Decision Maker - A score=11 tier=cold factors={'company_size': 0.0, 'job_role': 4.0, 'country': 0.0, 'website_availability': 10.0, 'email_availability': 0.0, 'platform_source': 5.0, 'industry_match': 0.0, 'budget_potential': 0.0, 'messages': {'company_size': 'No company size -> 0', 'job_role': 'Title present (IC) -> +4', 'country': 'No country / location -> 0', 'website_availability': 'Website URL present -> +10', 'email_availability': 'No email -> 0', 'platform_source': "Platform 'other' -> +5", 'industry_match': 'No benchmark industry configured -> 0', 'budget_potential': 'No budget keywords -> 0'}, 'raw_total': 19.0}
2026-04-29 15:35:20,982 | INFO | lead_score | ref=Aman Verma score=22 tier=cold factors={'company_size': 0.0, 'job_role': 15.0, 'country': 0.0, 'website_availability': 10.0, 'email_availability': 0.0, 'platform_source': 14.0, 'industry_match': 0.0, 'budget_potential': 0.0, 'messages': {'company_size': 'No company size -> 0', 'job_role': 'Executive / founder role -> +15', 'country': 'No country / location -> 0', 'website_availability': 'Website URL present -> +10', 'email_availability': 'No email -> 0', 'platform_source': "Platform 'linkedin' -> +14", 'industry_match': 'No benchmark industry configured -> 0', 'budget_potential': 'No budget keywords -> 0'}, 'raw_total': 39.0}
2026-04-29 15:35:21,547 | INFO | weekly_engine start day=mon keyword=software location=
2026-04-29 15:35:21,582 | INFO | weekly_engine Startup ingestion done: saved={'created': 0, 'updated': 0, 'skipped': 0} enrich={'selected': 0, 'ok': 0, 'failed': 0, 'skipped': 0}
2026-04-29 15:35:22,216 | INFO | weekly_engine start day=fri keyword=software location=
2026-04-29 15:35:26,614 | INFO | weekly_engine start day=sat keyword=software location=
2026-04-29 15:35:26,624 | INFO | lead_score | ref=Ravi Kumar score=22 tier=cold factors={'company_size': 0.0, 'job_role': 15.0, 'country': 0.0, 'website_availability': 10.0, 'email_availability': 0.0, 'platform_source': 14.0, 'industry_match': 0.0, 'budget_potential': 0.0, 'messages': {'company_size': 'No company size -> 0', 'job_role': 'Executive / founder role -> +15', 'country': 'No country / location -> 0', 'website_availability': 'Website URL present -> +10', 'email_availability': 'No email -> 0', 'platform_source': "Platform 'linkedin' -> +14", 'industry_match': 'No benchmark industry configured -> 0', 'budget_potential': 'No budget keywords -> 0'}, 'raw_total': 39.0}
2026-04-29 15:35:26,630 | INFO | weekly_engine saturday prepared candidates=11
2026-04-29 15:35:26,983 | INFO | weekly_engine start day=sun keyword=software location=
2026-04-29 15:35:26,992 | INFO | weekly_engine sunday cleanup/report: {'total_companies': 11, 'total_leads': 7, 'hot_leads': 0, 'enriched_total': 11, 'high_priority_companies': 11, 'trimmed_content_rows': 0, 'report_file': 'sessions\\weekly_reports\\weekly_report_20260429.json'}
2026-04-29 16:31:54,598 | WARNING | Ollama connection error (attempt 1/1): [WinError 10061] No connection could be made because the target machine actively refused it
2026-04-29 16:31:54,599 | ERROR | Ollama failed after 1 attempts; last error: [WinError 10061] No connection could be made because the target machine actively refused it
2026-04-29 16:31:58,993 | WARNING | Ollama connection error (attempt 1/1): [WinError 10061] No connection could be made because the target machine actively refused it
2026-04-29 16:31:58,994 | ERROR | Ollama failed after 1 attempts; last error: [WinError 10061] No connection could be made because the target machine actively refused it
2026-04-29 16:32:03,413 | WARNING | Ollama connection error (attempt 1/1): [WinError 10061] No connection could be made because the target machine actively refused it
2026-04-29 16:32:03,414 | ERROR | Ollama failed after 1 attempts; last error: [WinError 10061] No connection could be made because the target machine actively refused it
2026-04-29 16:33:19,601 | INFO | lead_score | ref=Jane Doe score=37 tier=cold factors={'company_size': 6.0, 'job_role': 12.0, 'country': 10.0, 'website_availability': 10.0, 'email_availability': 12.0, 'platform_source': 14.0, 'industry_match': 0.0, 'budget_potential': 0.0, 'messages': {'company_size': 'SMB size -> +6', 'job_role': 'VP / Director-level title -> +12', 'country': 'Tier-1 geography signal (us) -> +10', 'website_availability': 'Website URL present -> +10', 'email_availability': 'Corporate-looking email -> +12', 'platform_source': "Platform 'linkedin' -> +14", 'industry_match': 'No benchmark industry configured -> 0', 'budget_potential': 'No budget keywords -> 0', 'weighted_components': 'role=71.0, signals=0.0, data=70.0, ai=0.0'}, 'raw_total': 64.0}
2026-04-29 16:33:19,605 | INFO | lead_score | ref=Jane Doe score=65 tier=warm factors={'company_size': 6.0, 'job_role': 12.0, 'country': 10.0, 'website_availability': 10.0, 'email_availability': 12.0, 'platform_source': 14.0, 'industry_match': 0.0, 'budget_potential': 0.0, 'messages': {'company_size': 'SMB size -> +6', 'job_role': 'VP / Director-level title -> +12', 'country': 'Tier-1 geography signal (us) -> +10', 'website_availability': 'Website URL present -> +10', 'email_availability': 'Corporate-looking email -> +12', 'platform_source': "Platform 'linkedin' -> +14", 'industry_match': 'No benchmark industry configured -> 0', 'budget_potential': 'No budget keywords -> 0', 'weighted_components': 'role=71.0, signals=100.0, data=70.0, ai=0.0'}, 'raw_total': 64.0}
2026-04-29 16:33:19,608 | INFO | lead_score | ref=Sam score=78 tier=warm factors={'company_size': 6.0, 'job_role': 15.0, 'country': 0.0, 'website_availability': 10.0, 'email_availability': 12.0, 'platform_source': 14.0, 'industry_match': 0.0, 'budget_potential': 0.0, 'messages': {'company_size': 'SMB size -> +6', 'job_role': 'Executive / founder role -> +15', 'country': 'No country / location -> 0', 'website_availability': 'Website URL present -> +10', 'email_availability': 'Corporate-looking email -> +12', 'platform_source': "Platform 'linkedin' -> +14", 'industry_match': 'No benchmark industry configured -> 0', 'budget_potential': 'No budget keywords -> 0', 'weighted_components': 'role=85.0, signals=0.0, data=70.0, ai=90.0'}, 'raw_total': 57.0}
2026-04-29 16:33:19,608 | INFO | lead_score | ref=Sam score=56 tier=warm factors={'company_size': 6.0, 'job_role': 15.0, 'country': 0.0, 'website_availability': 10.0, 'email_availability': 12.0, 'platform_source': 14.0, 'industry_match': 0.0, 'budget_potential': 0.0, 'messages': {'company_size': 'SMB size -> +6', 'job_role': 'Executive / founder role -> +15', 'country': 'No country / location -> 0', 'website_availability': 'Website URL present -> +10', 'email_availability': 'Corporate-looking email -> +12', 'platform_source': "Platform 'linkedin' -> +14", 'industry_match': 'No benchmark industry configured -> 0', 'budget_potential': 'No budget keywords -> 0', 'weighted_components': 'role=85.0, signals=0.0, data=70.0, ai=90.0'}, 'raw_total': 57.0}
2026-04-29 16:33:26,339 | WARNING | Ollama connection error (attempt 1/1): [WinError 10061] No connection could be made because the target machine actively refused it
2026-04-29 16:33:26,339 | ERROR | Ollama failed after 1 attempts; last error: [WinError 10061] No connection could be made because the target machine actively refused it
2026-04-29 16:33:30,718 | WARNING | Ollama connection error (attempt 1/1): [WinError 10061] No connection could be made because the target machine actively refused it
2026-04-29 16:33:30,719 | ERROR | Ollama failed after 1 attempts; last error: [WinError 10061] No connection could be made because the target machine actively refused it
2026-04-29 16:33:35,139 | WARNING | Ollama connection error (attempt 1/1): [WinError 10061] No connection could be made because the target machine actively refused it
2026-04-29 16:33:35,139 | ERROR | Ollama failed after 1 attempts; last error: [WinError 10061] No connection could be made because the target machine actively refused it
2026-04-29 16:33:46,859 | WARNING | Ollama connection error (attempt 1/1): [WinError 10061] No connection could be made because the target machine actively refused it
2026-04-29 16:33:46,859 | ERROR | Ollama failed after 1 attempts; last error: [WinError 10061] No connection could be made because the target machine actively refused it
2026-04-29 16:33:47,484 | WARNING | Ollama connection error (attempt 1/1): [WinError 10061] No connection could be made because the target machine actively refused it
2026-04-29 16:33:47,484 | ERROR | Ollama failed after 1 attempts; last error: [WinError 10061] No connection could be made because the target machine actively refused it
2026-04-29 16:33:51,307 | WARNING | Ollama connection error (attempt 1/1): [WinError 10061] No connection could be made because the target machine actively refused it
2026-04-29 16:33:51,307 | ERROR | Ollama failed after 1 attempts; last error: [WinError 10061] No connection could be made because the target machine actively refused it
2026-04-29 16:33:51,886 | WARNING | Ollama connection error (attempt 1/1): [WinError 10061] No connection could be made because the target machine actively refused it
2026-04-29 16:33:51,886 | ERROR | Ollama failed after 1 attempts; last error: [WinError 10061] No connection could be made because the target machine actively refused it
2026-04-29 16:33:55,654 | WARNING | Ollama connection error (attempt 1/1): [WinError 10061] No connection could be made because the target machine actively refused it
2026-04-29 16:33:55,654 | ERROR | Ollama failed after 1 attempts; last error: [WinError 10061] No connection could be made because the target machine actively refused it
2026-04-29 16:33:56,187 | WARNING | Ollama connection error (attempt 1/1): [WinError 10061] No connection could be made because the target machine actively refused it
2026-04-29 16:33:56,187 | ERROR | Ollama failed after 1 attempts; last error: [WinError 10061] No connection could be made because the target machine actively refused it
2026-04-29 16:34:03,911 | WARNING | Ollama connection error (attempt 1/1): [WinError 10061] No connection could be made because the target machine actively refused it
2026-04-29 16:34:03,912 | ERROR | Ollama failed after 1 attempts; last error: [WinError 10061] No connection could be made because the target machine actively refused it
2026-04-29 16:34:08,245 | WARNING | Ollama connection error (attempt 1/1): [WinError 10061] No connection could be made because the target machine actively refused it
2026-04-29 16:34:08,245 | ERROR | Ollama failed after 1 attempts; last error: [WinError 10061] No connection could be made because the target machine actively refused it
2026-04-29 16:34:12,599 | WARNING | Ollama connection error (attempt 1/1): [WinError 10061] No connection could be made because the target machine actively refused it
2026-04-29 16:34:12,599 | ERROR | Ollama failed after 1 attempts; last error: [WinError 10061] No connection could be made because the target machine actively refused it
2026-04-29 16:34:18,305 | WARNING | Ollama connection error (attempt 1/1): [WinError 10061] No connection could be made because the target machine actively refused it
2026-04-29 16:34:18,305 | ERROR | Ollama failed after 1 attempts; last error: [WinError 10061] No connection could be made because the target machine actively refused it
2026-04-29 16:34:22,591 | WARNING | Ollama connection error (attempt 1/1): [WinError 10061] No connection could be made because the target machine actively refused it
2026-04-29 16:34:22,591 | ERROR | Ollama failed after 1 attempts; last error: [WinError 10061] No connection could be made because the target machine actively refused it
2026-04-29 16:34:26,934 | WARNING | Ollama connection error (attempt 1/1): [WinError 10061] No connection could be made because the target machine actively refused it
2026-04-29 16:34:26,934 | ERROR | Ollama failed after 1 attempts; last error: [WinError 10061] No connection could be made because the target machine actively refused it
2026-04-29 16:34:38,001 | WARNING | Ollama connection error (attempt 1/1): [WinError 10061] No connection could be made because the target machine actively refused it
2026-04-29 16:34:38,001 | ERROR | Ollama failed after 1 attempts; last error: [WinError 10061] No connection could be made because the target machine actively refused it
2026-04-29 16:34:42,299 | WARNING | Ollama connection error (attempt 1/1): [WinError 10061] No connection could be made because the target machine actively refused it
2026-04-29 16:34:42,300 | ERROR | Ollama failed after 1 attempts; last error: [WinError 10061] No connection could be made because the target machine actively refused it
2026-04-29 16:34:42,704 | WARNING | Ollama connection error (attempt 1/1): [WinError 10061] No connection could be made because the target machine actively refused it
2026-04-29 16:34:42,704 | ERROR | Ollama failed after 1 attempts; last error: [WinError 10061] No connection could be made because the target machine actively refused it
2026-04-29 16:34:46,608 | WARNING | Ollama connection error (attempt 1/1): [WinError 10061] No connection could be made because the target machine actively refused it
2026-04-29 16:34:46,609 | ERROR | Ollama failed after 1 attempts; last error: [WinError 10061] No connection could be made because the target machine actively refused it
2026-04-29 16:34:47,011 | WARNING | Ollama connection error (attempt 1/1): [WinError 10061] No connection could be made because the target machine actively refused it
2026-04-29 16:34:47,011 | ERROR | Ollama failed after 1 attempts; last error: [WinError 10061] No connection could be made because the target machine actively refused it
2026-04-29 16:34:51,323 | WARNING | Ollama connection error (attempt 1/1): [WinError 10061] No connection could be made because the target machine actively refused it
2026-04-29 16:34:51,324 | ERROR | Ollama failed after 1 attempts; last error: [WinError 10061] No connection could be made because the target machine actively refused it
2026-04-29 16:34:52,723 | WARNING | Ollama connection error (attempt 1/1): [WinError 10061] No connection could be made because the target machine actively refused it
2026-04-29 16:34:52,723 | ERROR | Ollama failed after 1 attempts; last error: [WinError 10061] No connection could be made because the target machine actively refused it
2026-04-29 16:34:54,098 | INFO | lead_score | ref=Decision Maker - Yc One score=8 tier=cold factors={'company_size': 0.0, 'job_role': 4.0, 'country': 0.0, 'website_availability': 10.0, 'email_availability': 0.0, 'platform_source': 5.0, 'industry_match': 0.0, 'budget_potential': 0.0, 'messages': {'company_size': 'No company size -> 0', 'job_role': 'Title present (IC) -> +4', 'country': 'No country / location -> 0', 'website_availability': 'Website URL present -> +10', 'email_availability': 'No email -> 0', 'platform_source': "Platform 'other' -> +5", 'industry_match': 'No benchmark industry configured -> 0', 'budget_potential': 'No budget keywords -> 0', 'weighted_components': 'role=18.7, signals=0.0, data=40.0, ai=0.0'}, 'raw_total': 19.0}
2026-04-29 16:34:54,192 | INFO | lead_score | ref=Decision Maker - Yc Two score=8 tier=cold factors={'company_size': 0.0, 'job_role': 4.0, 'country': 0.0, 'website_availability': 10.0, 'email_availability': 0.0, 'platform_source': 5.0, 'industry_match': 0.0, 'budget_potential': 0.0, 'messages': {'company_size': 'No company size -> 0', 'job_role': 'Title present (IC) -> +4', 'country': 'No country / location -> 0', 'website_availability': 'Website URL present -> +10', 'email_availability': 'No email -> 0', 'platform_source': "Platform 'other' -> +5", 'industry_match': 'No benchmark industry configured -> 0', 'budget_potential': 'No budget keywords -> 0', 'weighted_components': 'role=18.7, signals=0.0, data=40.0, ai=0.0'}, 'raw_total': 19.0}
2026-04-29 16:34:57,078 | WARNING | Ollama connection error (attempt 1/1): [WinError 10061] No connection could be made because the target machine actively refused it
2026-04-29 16:34:57,078 | ERROR | Ollama failed after 1 attempts; last error: [WinError 10061] No connection could be made because the target machine actively refused it
2026-04-29 16:34:58,822 | WARNING | Ollama connection error (attempt 1/1): [WinError 10061] No connection could be made because the target machine actively refused it
2026-04-29 16:34:58,822 | ERROR | Ollama failed after 1 attempts; last error: [WinError 10061] No connection could be made because the target machine actively refused it
2026-04-29 16:35:01,426 | WARNING | Ollama connection error (attempt 1/1): [WinError 10061] No connection could be made because the target machine actively refused it
2026-04-29 16:35:01,427 | ERROR | Ollama failed after 1 attempts; last error: [WinError 10061] No connection could be made because the target machine actively refused it
2026-04-29 16:35:03,222 | WARNING | Ollama connection error (attempt 1/1): [WinError 10061] No connection could be made because the target machine actively refused it
2026-04-29 16:35:03,222 | ERROR | Ollama failed after 1 attempts; last error: [WinError 10061] No connection could be made because the target machine actively refused it
2026-04-29 16:35:07,552 | WARNING | Ollama connection error (attempt 1/1): [WinError 10061] No connection could be made because the target machine actively refused it
2026-04-29 16:35:07,553 | ERROR | Ollama failed after 1 attempts; last error: [WinError 10061] No connection could be made because the target machine actively refused it
2026-04-29 16:35:08,457 | WARNING | Ollama connection error (attempt 1/1): [WinError 10061] No connection could be made because the target machine actively refused it
2026-04-29 16:35:08,458 | ERROR | Ollama failed after 1 attempts; last error: [WinError 10061] No connection could be made because the target machine actively refused it
2026-04-29 16:35:12,775 | WARNING | Ollama connection error (attempt 1/1): [WinError 10061] No connection could be made because the target machine actively refused it
2026-04-29 16:35:12,775 | ERROR | Ollama failed after 1 attempts; last error: [WinError 10061] No connection could be made because the target machine actively refused it
2026-04-29 16:35:17,283 | WARNING | Ollama connection error (attempt 1/1): [WinError 10061] No connection could be made because the target machine actively refused it
2026-04-29 16:35:17,284 | ERROR | Ollama failed after 1 attempts; last error: [WinError 10061] No connection could be made because the target machine actively refused it
2026-04-29 16:35:17,614 | INFO | lead_score | ref=Decision Maker - Yc One score=11 tier=cold factors={'company_size': 0.0, 'job_role': 4.0, 'country': 0.0, 'website_availability': 10.0, 'email_availability': 0.0, 'platform_source': 5.0, 'industry_match': 0.0, 'budget_potential': 0.0, 'messages': {'company_size': 'No company size -> 0', 'job_role': 'Title present (IC) -> +4', 'country': 'No country / location -> 0', 'website_availability': 'Website URL present -> +10', 'email_availability': 'No email -> 0', 'platform_source': "Platform 'other' -> +5", 'industry_match': 'No benchmark industry configured -> 0', 'budget_potential': 'No budget keywords -> 0'}, 'raw_total': 19.0}
2026-04-29 16:35:17,623 | INFO | lead_score | ref=Decision Maker - Yc Two score=11 tier=cold factors={'company_size': 0.0, 'job_role': 4.0, 'country': 0.0, 'website_availability': 10.0, 'email_availability': 0.0, 'platform_source': 5.0, 'industry_match': 0.0, 'budget_potential': 0.0, 'messages': {'company_size': 'No company size -> 0', 'job_role': 'Title present (IC) -> +4', 'country': 'No country / location -> 0', 'website_availability': 'Website URL present -> +10', 'email_availability': 'No email -> 0', 'platform_source': "Platform 'other' -> +5", 'industry_match': 'No benchmark industry configured -> 0', 'budget_potential': 'No budget keywords -> 0'}, 'raw_total': 19.0}
2026-04-29 16:35:19,899 | WARNING | Ollama connection error (attempt 1/1): [WinError 10061] No connection could be made because the target machine actively refused it
2026-04-29 16:35:19,899 | ERROR | Ollama failed after 1 attempts; last error: [WinError 10061] No connection could be made because the target machine actively refused it
2026-04-29 16:35:22,472 | WARNING | Ollama connection error (attempt 1/1): [WinError 10061] No connection could be made because the target machine actively refused it
2026-04-29 16:35:22,472 | ERROR | Ollama failed after 1 attempts; last error: [WinError 10061] No connection could be made because the target machine actively refused it
2026-04-29 16:35:24,192 | WARNING | Ollama connection error (attempt 1/1): [WinError 10061] No connection could be made because the target machine actively refused it
2026-04-29 16:35:24,192 | ERROR | Ollama failed after 1 attempts; last error: [WinError 10061] No connection could be made because the target machine actively refused it
2026-04-29 16:35:26,791 | WARNING | Ollama connection error (attempt 1/1): [WinError 10061] No connection could be made because the target machine actively refused it
2026-04-29 16:35:26,792 | ERROR | Ollama failed after 1 attempts; last error: [WinError 10061] No connection could be made because the target machine actively refused it
2026-04-29 16:35:28,504 | WARNING | Ollama connection error (attempt 1/1): [WinError 10061] No connection could be made because the target machine actively refused it
2026-04-29 16:35:28,504 | ERROR | Ollama failed after 1 attempts; last error: [WinError 10061] No connection could be made because the target machine actively refused it
2026-04-29 16:35:31,127 | WARNING | Ollama connection error (attempt 1/1): [WinError 10061] No connection could be made because the target machine actively refused it
2026-04-29 16:35:31,128 | ERROR | Ollama failed after 1 attempts; last error: [WinError 10061] No connection could be made because the target machine actively refused it
2026-04-29 16:35:43,262 | INFO | lead_score | ref=Decision Maker - Flow Co score=8 tier=cold factors={'company_size': 0.0, 'job_role': 4.0, 'country': 0.0, 'website_availability': 10.0, 'email_availability': 0.0, 'platform_source': 5.0, 'industry_match': 0.0, 'budget_potential': 0.0, 'messages': {'company_size': 'No company size -> 0', 'job_role': 'Title present (IC) -> +4', 'country': 'No country / location -> 0', 'website_availability': 'Website URL present -> +10', 'email_availability': 'No email -> 0', 'platform_source': "Platform 'other' -> +5", 'industry_match': 'No benchmark industry configured -> 0', 'budget_potential': 'No budget keywords -> 0', 'weighted_components': 'role=18.7, signals=0.0, data=40.0, ai=0.0'}, 'raw_total': 19.0}
2026-04-29 16:35:43,292 | INFO | lead_score | ref=Decision Maker - Flow Co Updated score=8 tier=cold factors={'company_size': 0.0, 'job_role': 4.0, 'country': 0.0, 'website_availability': 10.0, 'email_availability': 0.0, 'platform_source': 5.0, 'industry_match': 0.0, 'budget_potential': 0.0, 'messages': {'company_size': 'No company size -> 0', 'job_role': 'Title present (IC) -> +4', 'country': 'No country / location -> 0', 'website_availability': 'Website URL present -> +10', 'email_availability': 'No email -> 0', 'platform_source': "Platform 'other' -> +5", 'industry_match': 'No benchmark industry configured -> 0', 'budget_potential': 'No budget keywords -> 0', 'weighted_components': 'role=18.7, signals=0.0, data=40.0, ai=0.0'}, 'raw_total': 19.0}
2026-04-29 16:35:44,202 | INFO | lead_score | ref=Decision Maker - A score=8 tier=cold factors={'company_size': 0.0, 'job_role': 4.0, 'country': 0.0, 'website_availability': 10.0, 'email_availability': 0.0, 'platform_source': 5.0, 'industry_match': 0.0, 'budget_potential': 0.0, 'messages': {'company_size': 'No company size -> 0', 'job_role': 'Title present (IC) -> +4', 'country': 'No country / location -> 0', 'website_availability': 'Website URL present -> +10', 'email_availability': 'No email -> 0', 'platform_source': "Platform 'other' -> +5", 'industry_match': 'No benchmark industry configured -> 0', 'budget_potential': 'No budget keywords -> 0', 'weighted_components': 'role=18.7, signals=0.0, data=40.0, ai=0.0'}, 'raw_total': 19.0}
2026-04-29 16:35:46,251 | WARNING | Ollama connection error (attempt 1/1): [WinError 10061] No connection could be made because the target machine actively refused it
2026-04-29 16:35:46,251 | ERROR | Ollama failed after 1 attempts; last error: [WinError 10061] No connection could be made because the target machine actively refused it
2026-04-29 16:35:50,570 | WARNING | Ollama connection error (attempt 1/1): [WinError 10061] No connection could be made because the target machine actively refused it
2026-04-29 16:35:50,570 | ERROR | Ollama failed after 1 attempts; last error: [WinError 10061] No connection could be made because the target machine actively refused it
2026-04-29 16:35:53,354 | WARNING | Ollama connection error (attempt 1/1): [WinError 10061] No connection could be made because the target machine actively refused it
2026-04-29 16:35:53,354 | ERROR | Ollama failed after 1 attempts; last error: [WinError 10061] No connection could be made because the target machine actively refused it
2026-04-29 16:35:54,856 | WARNING | Ollama connection error (attempt 1/1): [WinError 10061] No connection could be made because the target machine actively refused it
2026-04-29 16:35:54,856 | ERROR | Ollama failed after 1 attempts; last error: [WinError 10061] No connection could be made because the target machine actively refused it
2026-04-29 16:35:57,706 | WARNING | Ollama connection error (attempt 1/1): [WinError 10061] No connection could be made because the target machine actively refused it
2026-04-29 16:35:57,706 | ERROR | Ollama failed after 1 attempts; last error: [WinError 10061] No connection could be made because the target machine actively refused it
2026-04-29 16:35:59,476 | INFO | lead_score | ref=Decision Maker - Flow Co score=11 tier=cold factors={'company_size': 0.0, 'job_role': 4.0, 'country': 0.0, 'website_availability': 10.0, 'email_availability': 0.0, 'platform_source': 5.0, 'industry_match': 0.0, 'budget_potential': 0.0, 'messages': {'company_size': 'No company size -> 0', 'job_role': 'Title present (IC) -> +4', 'country': 'No country / location -> 0', 'website_availability': 'Website URL present -> +10', 'email_availability': 'No email -> 0', 'platform_source': "Platform 'other' -> +5", 'industry_match': 'No benchmark industry configured -> 0', 'budget_potential': 'No budget keywords -> 0'}, 'raw_total': 19.0}
2026-04-29 16:35:59,503 | INFO | lead_score | ref=Decision Maker - Flow Co Updated score=11 tier=cold factors={'company_size': 0.0, 'job_role': 4.0, 'country': 0.0, 'website_availability': 10.0, 'email_availability': 0.0, 'platform_source': 5.0, 'industry_match': 0.0, 'budget_potential': 0.0, 'messages': {'company_size': 'No company size -> 0', 'job_role': 'Title present (IC) -> +4', 'country': 'No country / location -> 0', 'website_availability': 'Website URL present -> +10', 'email_availability': 'No email -> 0', 'platform_source': "Platform 'other' -> +5", 'industry_match': 'No benchmark industry configured -> 0', 'budget_potential': 'No budget keywords -> 0'}, 'raw_total': 19.0}
2026-04-29 16:36:00,547 | INFO | lead_score | ref=Decision Maker - A score=11 tier=cold factors={'company_size': 0.0, 'job_role': 4.0, 'country': 0.0, 'website_availability': 10.0, 'email_availability': 0.0, 'platform_source': 5.0, 'industry_match': 0.0, 'budget_potential': 0.0, 'messages': {'company_size': 'No company size -> 0', 'job_role': 'Title present (IC) -> +4', 'country': 'No country / location -> 0', 'website_availability': 'Website URL present -> +10', 'email_availability': 'No email -> 0', 'platform_source': "Platform 'other' -> +5", 'industry_match': 'No benchmark industry configured -> 0', 'budget_potential': 'No budget keywords -> 0'}, 'raw_total': 19.0}
2026-04-29 16:36:02,079 | WARNING | Ollama connection error (attempt 1/1): [WinError 10061] No connection could be made because the target machine actively refused it
2026-04-29 16:36:02,080 | ERROR | Ollama failed after 1 attempts; last error: [WinError 10061] No connection could be made because the target machine actively refused it
2026-04-29 16:36:09,308 | WARNING | Ollama connection error (attempt 1/1): [WinError 10061] No connection could be made because the target machine actively refused it
2026-04-29 16:36:09,309 | ERROR | Ollama failed after 1 attempts; last error: [WinError 10061] No connection could be made because the target machine actively refused it
2026-04-29 16:36:10,213 | WARNING | Ollama connection error (attempt 1/1): [WinError 10061] No connection could be made because the target machine actively refused it
2026-04-29 16:36:10,214 | ERROR | Ollama failed after 1 attempts; last error: [WinError 10061] No connection could be made because the target machine actively refused it
2026-04-29 16:36:13,618 | WARNING | Ollama connection error (attempt 1/1): [WinError 10061] No connection could be made because the target machine actively refused it
2026-04-29 16:36:13,619 | ERROR | Ollama failed after 1 attempts; last error: [WinError 10061] No connection could be made because the target machine actively refused it
2026-04-29 16:36:14,489 | WARNING | Ollama connection error (attempt 1/1): [WinError 10061] No connection could be made because the target machine actively refused it
2026-04-29 16:36:14,489 | ERROR | Ollama failed after 1 attempts; last error: [WinError 10061] No connection could be made because the target machine actively refused it
2026-04-29 16:36:17,944 | WARNING | Ollama connection error (attempt 1/1): [WinError 10061] No connection could be made because the target machine actively refused it
2026-04-29 16:36:17,945 | ERROR | Ollama failed after 1 attempts; last error: [WinError 10061] No connection could be made because the target machine actively refused it
2026-04-29 16:36:18,803 | WARNING | Ollama connection error (attempt 1/1): [WinError 10061] No connection could be made because the target machine actively refused it
2026-04-29 16:36:18,804 | ERROR | Ollama failed after 1 attempts; last error: [WinError 10061] No connection could be made because the target machine actively refused it
2026-04-29 16:36:25,886 | WARNING | Ollama connection error (attempt 1/1): [WinError 10061] No connection could be made because the target machine actively refused it
2026-04-29 16:36:25,886 | ERROR | Ollama failed after 1 attempts; last error: [WinError 10061] No connection could be made because the target machine actively refused it
2026-04-29 16:36:30,191 | WARNING | Ollama connection error (attempt 1/1): [WinError 10061] No connection could be made because the target machine actively refused it
2026-04-29 16:36:30,192 | ERROR | Ollama failed after 1 attempts; last error: [WinError 10061] No connection could be made because the target machine actively refused it
2026-04-29 16:36:34,487 | WARNING | Ollama connection error (attempt 1/1): [WinError 10061] No connection could be made because the target machine actively refused it
2026-04-29 16:36:34,488 | ERROR | Ollama failed after 1 attempts; last error: [WinError 10061] No connection could be made because the target machine actively refused it
2026-04-29 16:36:52,335 | WARNING | Ollama connection error (attempt 1/1): [WinError 10061] No connection could be made because the target machine actively refused it
2026-04-29 16:36:52,336 | ERROR | Ollama failed after 1 attempts; last error: [WinError 10061] No connection could be made because the target machine actively refused it
2026-04-29 16:36:55,401 | WARNING | Ollama connection error (attempt 1/1): [WinError 10061] No connection could be made because the target machine actively refused it
2026-04-29 16:36:55,401 | ERROR | Ollama failed after 1 attempts; last error: [WinError 10061] No connection could be made because the target machine actively refused it
2026-04-29 16:36:56,617 | WARNING | Ollama connection error (attempt 1/1): [WinError 10061] No connection could be made because the target machine actively refused it
2026-04-29 16:36:56,617 | ERROR | Ollama failed after 1 attempts; last error: [WinError 10061] No connection could be made because the target machine actively refused it
2026-04-29 16:36:59,672 | WARNING | Ollama connection error (attempt 1/1): [WinError 10061] No connection could be made because the target machine actively refused it
2026-04-29 16:36:59,672 | ERROR | Ollama failed after 1 attempts; last error: [WinError 10061] No connection could be made because the target machine actively refused it
2026-04-29 16:37:00,933 | WARNING | Ollama connection error (attempt 1/1): [WinError 10061] No connection could be made because the target machine actively refused it
2026-04-29 16:37:00,933 | ERROR | Ollama failed after 1 attempts; last error: [WinError 10061] No connection could be made because the target machine actively refused it
2026-04-29 16:37:04,068 | WARNING | Ollama connection error (attempt 1/1): [WinError 10061] No connection could be made because the target machine actively refused it
2026-04-29 16:37:04,069 | ERROR | Ollama failed after 1 attempts; last error: [WinError 10061] No connection could be made because the target machine actively refused it
2026-04-29 16:37:05,698 | WARNING | Ollama connection error (attempt 1/1): [WinError 10061] No connection could be made because the target machine actively refused it
2026-04-29 16:37:05,699 | ERROR | Ollama failed after 1 attempts; last error: [WinError 10061] No connection could be made because the target machine actively refused it
2026-04-29 16:37:08,834 | WARNING | Ollama connection error (attempt 1/1): [WinError 10061] No connection could be made because the target machine actively refused it
2026-04-29 16:37:08,835 | ERROR | Ollama failed after 1 attempts; last error: [WinError 10061] No connection could be made because the target machine actively refused it
2026-04-29 16:37:10,005 | WARNING | Ollama connection error (attempt 1/1): [WinError 10061] No connection could be made because the target machine actively refused it
2026-04-29 16:37:10,005 | ERROR | Ollama failed after 1 attempts; last error: [WinError 10061] No connection could be made because the target machine actively refused it
2026-04-29 16:37:13,236 | WARNING | Ollama connection error (attempt 1/1): [WinError 10061] No connection could be made because the target machine actively refused it
2026-04-29 16:37:13,237 | ERROR | Ollama failed after 1 attempts; last error: [WinError 10061] No connection could be made because the target machine actively refused it
2026-04-29 16:37:14,443 | WARNING | Ollama connection error (attempt 1/1): [WinError 10061] No connection could be made because the target machine actively refused it
2026-04-29 16:37:14,443 | ERROR | Ollama failed after 1 attempts; last error: [WinError 10061] No connection could be made because the target machine actively refused it
2026-04-29 16:37:17,556 | WARNING | Ollama connection error (attempt 1/1): [WinError 10061] No connection could be made because the target machine actively refused it
2026-04-29 16:37:17,556 | ERROR | Ollama failed after 1 attempts; last error: [WinError 10061] No connection could be made because the target machine actively refused it
2026-04-29 16:37:19,185 | WARNING | Ollama connection error (attempt 1/1): [WinError 10061] No connection could be made because the target machine actively refused it
2026-04-29 16:37:19,185 | ERROR | Ollama failed after 1 attempts; last error: [WinError 10061] No connection could be made because the target machine actively refused it
2026-04-29 16:37:22,306 | WARNING | Ollama connection error (attempt 1/1): [WinError 10061] No connection could be made because the target machine actively refused it
2026-04-29 16:37:22,306 | ERROR | Ollama failed after 1 attempts; last error: [WinError 10061] No connection could be made because the target machine actively refused it
2026-04-29 16:37:23,458 | WARNING | Ollama connection error (attempt 1/1): [WinError 10061] No connection could be made because the target machine actively refused it
2026-04-29 16:37:23,459 | ERROR | Ollama failed after 1 attempts; last error: [WinError 10061] No connection could be made because the target machine actively refused it
2026-04-29 16:37:26,637 | WARNING | Ollama connection error (attempt 1/1): [WinError 10061] No connection could be made because the target machine actively refused it
2026-04-29 16:37:26,638 | ERROR | Ollama failed after 1 attempts; last error: [WinError 10061] No connection could be made because the target machine actively refused it
2026-04-29 16:37:27,882 | WARNING | Ollama connection error (attempt 1/1): [WinError 10061] No connection could be made because the target machine actively refused it
2026-04-29 16:37:27,882 | ERROR | Ollama failed after 1 attempts; last error: [WinError 10061] No connection could be made because the target machine actively refused it
2026-04-29 16:37:31,012 | WARNING | Ollama connection error (attempt 1/1): [WinError 10061] No connection could be made because the target machine actively refused it
2026-04-29 16:37:31,012 | ERROR | Ollama failed after 1 attempts; last error: [WinError 10061] No connection could be made because the target machine actively refused it
2026-04-29 16:37:32,647 | WARNING | Ollama connection error (attempt 1/1): [WinError 10061] No connection could be made because the target machine actively refused it
2026-04-29 16:37:32,648 | ERROR | Ollama failed after 1 attempts; last error: [WinError 10061] No connection could be made because the target machine actively refused it
2026-04-29 16:37:35,743 | WARNING | Ollama connection error (attempt 1/1): [WinError 10061] No connection could be made because the target machine actively refused it
2026-04-29 16:37:35,743 | ERROR | Ollama failed after 1 attempts; last error: [WinError 10061] No connection could be made because the target machine actively refused it
2026-04-29 16:37:37,149 | WARNING | Ollama connection error (attempt 1/1): [WinError 10061] No connection could be made because the target machine actively refused it
2026-04-29 16:37:37,149 | ERROR | Ollama failed after 1 attempts; last error: [WinError 10061] No connection could be made because the target machine actively refused it
2026-04-29 16:37:40,136 | WARNING | Ollama connection error (attempt 1/1): [WinError 10061] No connection could be made because the target machine actively refused it
2026-04-29 16:37:40,136 | ERROR | Ollama failed after 1 attempts; last error: [WinError 10061] No connection could be made because the target machine actively refused it
2026-04-29 16:37:41,486 | WARNING | Ollama connection error (attempt 1/1): [WinError 10061] No connection could be made because the target machine actively refused it
2026-04-29 16:37:41,487 | ERROR | Ollama failed after 1 attempts; last error: [WinError 10061] No connection could be made because the target machine actively refused it
2026-04-29 16:37:44,431 | WARNING | Ollama connection error (attempt 1/1): [WinError 10061] No connection could be made because the target machine actively refused it
2026-04-29 16:37:44,431 | ERROR | Ollama failed after 1 attempts; last error: [WinError 10061] No connection could be made because the target machine actively refused it
2026-04-29 16:37:44,946 | WARNING | Ollama connection error (attempt 1/1): [WinError 10061] No connection could be made because the target machine actively refused it
2026-04-29 16:37:44,946 | ERROR | Ollama failed after 1 attempts; last error: [WinError 10061] No connection could be made because the target machine actively refused it
2026-04-29 16:37:46,244 | WARNING | Ollama connection error (attempt 1/1): [WinError 10061] No connection could be made because the target machine actively refused it
2026-04-29 16:37:46,245 | ERROR | Ollama failed after 1 attempts; last error: [WinError 10061] No connection could be made because the target machine actively refused it
2026-04-29 16:37:49,230 | WARNING | Ollama connection error (attempt 1/1): [WinError 10061] No connection could be made because the target machine actively refused it
2026-04-29 16:37:49,230 | ERROR | Ollama failed after 1 attempts; last error: [WinError 10061] No connection could be made because the target machine actively refused it
2026-04-29 16:37:49,310 | WARNING | Ollama connection error (attempt 1/1): [WinError 10061] No connection could be made because the target machine actively refused it
2026-04-29 16:37:49,310 | ERROR | Ollama failed after 1 attempts; last error: [WinError 10061] No connection could be made because the target machine actively refused it
2026-04-29 16:37:50,540 | WARNING | Ollama connection error (attempt 1/1): [WinError 10061] No connection could be made because the target machine actively refused it
2026-04-29 16:37:50,541 | ERROR | Ollama failed after 1 attempts; last error: [WinError 10061] No connection could be made because the target machine actively refused it
2026-04-29 16:37:53,626 | WARNING | Ollama connection error (attempt 1/1): [WinError 10061] No connection could be made because the target machine actively refused it
2026-04-29 16:37:53,626 | ERROR | Ollama failed after 1 attempts; last error: [WinError 10061] No connection could be made because the target machine actively refused it
2026-04-29 16:37:53,766 | WARNING | Ollama connection error (attempt 1/1): [WinError 10061] No connection could be made because the target machine actively refused it
2026-04-29 16:37:53,767 | ERROR | Ollama failed after 1 attempts; last error: [WinError 10061] No connection could be made because the target machine actively refused it
2026-04-29 16:37:54,874 | WARNING | Ollama connection error (attempt 1/1): [WinError 10061] No connection could be made because the target machine actively refused it
2026-04-29 16:37:54,876 | ERROR | Ollama failed after 1 attempts; last error: [WinError 10061] No connection could be made because the target machine actively refused it
2026-04-29 16:37:57,966 | WARNING | Ollama connection error (attempt 1/1): [WinError 10061] No connection could be made because the target machine actively refused it
2026-04-29 16:37:57,967 | ERROR | Ollama failed after 1 attempts; last error: [WinError 10061] No connection could be made because the target machine actively refused it
2026-04-29 16:37:59,615 | WARNING | Ollama connection error (attempt 1/1): [WinError 10061] No connection could be made because the target machine actively refused it
2026-04-29 16:37:59,615 | ERROR | Ollama failed after 1 attempts; last error: [WinError 10061] No connection could be made because the target machine actively refused it
2026-04-29 16:38:00,345 | WARNING | Ollama connection error (attempt 1/1): [WinError 10061] No connection could be made because the target machine actively refused it
2026-04-29 16:38:00,345 | ERROR | Ollama failed after 1 attempts; last error: [WinError 10061] No connection could be made because the target machine actively refused it
2026-04-29 16:38:02,745 | WARNING | Ollama connection error (attempt 1/1): [WinError 10061] No connection could be made because the target machine actively refused it
2026-04-29 16:38:02,746 | ERROR | Ollama failed after 1 attempts; last error: [WinError 10061] No connection could be made because the target machine actively refused it
2026-04-29 16:38:03,915 | WARNING | Ollama connection error (attempt 1/1): [WinError 10061] No connection could be made because the target machine actively refused it
2026-04-29 16:38:03,915 | ERROR | Ollama failed after 1 attempts; last error: [WinError 10061] No connection could be made because the target machine actively refused it
2026-04-29 16:38:04,755 | WARNING | Ollama connection error (attempt 1/1): [WinError 10061] No connection could be made because the target machine actively refused it
2026-04-29 16:38:04,756 | ERROR | Ollama failed after 1 attempts; last error: [WinError 10061] No connection could be made because the target machine actively refused it
2026-04-29 16:38:07,064 | WARNING | Ollama connection error (attempt 1/1): [WinError 10061] No connection could be made because the target machine actively refused it
2026-04-29 16:38:07,065 | ERROR | Ollama failed after 1 attempts; last error: [WinError 10061] No connection could be made because the target machine actively refused it
2026-04-29 16:38:08,220 | WARNING | Ollama connection error (attempt 1/1): [WinError 10061] No connection could be made because the target machine actively refused it
2026-04-29 16:38:08,220 | ERROR | Ollama failed after 1 attempts; last error: [WinError 10061] No connection could be made because the target machine actively refused it
2026-04-29 16:38:09,082 | WARNING | Ollama connection error (attempt 1/1): [WinError 10061] No connection could be made because the target machine actively refused it
2026-04-29 16:38:09,082 | ERROR | Ollama failed after 1 attempts; last error: [WinError 10061] No connection could be made because the target machine actively refused it
2026-04-29 16:38:09,414 | INFO | lead_score | ref=Decision Maker - Yc One score=8 tier=cold factors={'company_size': 0.0, 'job_role': 4.0, 'country': 0.0, 'website_availability': 10.0, 'email_availability': 0.0, 'platform_source': 5.0, 'industry_match': 0.0, 'budget_potential': 0.0, 'messages': {'company_size': 'No company size -> 0', 'job_role': 'Title present (IC) -> +4', 'country': 'No country / location -> 0', 'website_availability': 'Website URL present -> +10', 'email_availability': 'No email -> 0', 'platform_source': "Platform 'other' -> +5", 'industry_match': 'No benchmark industry configured -> 0', 'budget_potential': 'No budget keywords -> 0', 'weighted_components': 'role=18.7, signals=0.0, data=40.0, ai=0.0'}, 'raw_total': 19.0}
2026-04-29 16:38:09,420 | INFO | lead_score | ref=Decision Maker - Yc Two score=8 tier=cold factors={'company_size': 0.0, 'job_role': 4.0, 'country': 0.0, 'website_availability': 10.0, 'email_availability': 0.0, 'platform_source': 5.0, 'industry_match': 0.0, 'budget_potential': 0.0, 'messages': {'company_size': 'No company size -> 0', 'job_role': 'Title present (IC) -> +4', 'country': 'No country / location -> 0', 'website_availability': 'Website URL present -> +10', 'email_availability': 'No email -> 0', 'platform_source': "Platform 'other' -> +5", 'industry_match': 'No benchmark industry configured -> 0', 'budget_potential': 'No budget keywords -> 0', 'weighted_components': 'role=18.7, signals=0.0, data=40.0, ai=0.0'}, 'raw_total': 19.0}
2026-04-29 16:38:11,438 | WARNING | Ollama connection error (attempt 1/1): [WinError 10061] No connection could be made because the target machine actively refused it
2026-04-29 16:38:11,439 | ERROR | Ollama failed after 1 attempts; last error: [WinError 10061] No connection could be made because the target machine actively refused it
2026-04-29 16:38:13,060 | WARNING | Ollama connection error (attempt 1/1): [WinError 10061] No connection could be made because the target machine actively refused it
2026-04-29 16:38:13,061 | ERROR | Ollama failed after 1 attempts; last error: [WinError 10061] No connection could be made because the target machine actively refused it
2026-04-29 16:38:14,063 | WARNING | Ollama connection error (attempt 1/1): [WinError 10061] No connection could be made because the target machine actively refused it
2026-04-29 16:38:14,063 | ERROR | Ollama failed after 1 attempts; last error: [WinError 10061] No connection could be made because the target machine actively refused it
2026-04-29 16:38:16,343 | WARNING | Ollama connection error (attempt 1/1): [WinError 10061] No connection could be made because the target machine actively refused it
2026-04-29 16:38:16,344 | ERROR | Ollama failed after 1 attempts; last error: [WinError 10061] No connection could be made because the target machine actively refused it
2026-04-29 16:38:17,369 | WARNING | Ollama connection error (attempt 1/1): [WinError 10061] No connection could be made because the target machine actively refused it
2026-04-29 16:38:17,369 | ERROR | Ollama failed after 1 attempts; last error: [WinError 10061] No connection could be made because the target machine actively refused it
2026-04-29 16:38:18,379 | WARNING | Ollama connection error (attempt 1/1): [WinError 10061] No connection could be made because the target machine actively refused it
2026-04-29 16:38:18,380 | ERROR | Ollama failed after 1 attempts; last error: [WinError 10061] No connection could be made because the target machine actively refused it
2026-04-29 16:38:20,680 | WARNING | Ollama connection error (attempt 1/1): [WinError 10061] No connection could be made because the target machine actively refused it
2026-04-29 16:38:20,680 | ERROR | Ollama failed after 1 attempts; last error: [WinError 10061] No connection could be made because the target machine actively refused it
2026-04-29 16:38:21,772 | WARNING | Ollama connection error (attempt 1/1): [WinError 10061] No connection could be made because the target machine actively refused it
2026-04-29 16:38:21,773 | ERROR | Ollama failed after 1 attempts; last error: [WinError 10061] No connection could be made because the target machine actively refused it
2026-04-29 16:38:22,679 | WARNING | Ollama connection error (attempt 1/1): [WinError 10061] No connection could be made because the target machine actively refused it
2026-04-29 16:38:22,680 | ERROR | Ollama failed after 1 attempts; last error: [WinError 10061] No connection could be made because the target machine actively refused it
2026-04-29 16:38:24,963 | WARNING | Ollama connection error (attempt 1/1): [WinError 10061] No connection could be made because the target machine actively refused it
2026-04-29 16:38:24,964 | ERROR | Ollama failed after 1 attempts; last error: [WinError 10061] No connection could be made because the target machine actively refused it
2026-04-29 16:38:26,491 | WARNING | Ollama connection error (attempt 1/1): [WinError 10061] No connection could be made because the target machine actively refused it
2026-04-29 16:38:26,492 | ERROR | Ollama failed after 1 attempts; last error: [WinError 10061] No connection could be made because the target machine actively refused it
2026-04-29 16:38:29,699 | WARNING | Ollama connection error (attempt 1/1): [WinError 10061] No connection could be made because the target machine actively refused it
2026-04-29 16:38:29,700 | ERROR | Ollama failed after 1 attempts; last error: [WinError 10061] No connection could be made because the target machine actively refused it
2026-04-29 16:38:30,946 | WARNING | Ollama connection error (attempt 1/1): [WinError 10061] No connection could be made because the target machine actively refused it
2026-04-29 16:38:30,947 | ERROR | Ollama failed after 1 attempts; last error: [WinError 10061] No connection could be made because the target machine actively refused it
2026-04-29 16:38:34,111 | WARNING | Ollama connection error (attempt 1/1): [WinError 10061] No connection could be made because the target machine actively refused it
2026-04-29 16:38:34,112 | ERROR | Ollama failed after 1 attempts; last error: [WinError 10061] No connection could be made because the target machine actively refused it
2026-04-29 16:38:34,642 | WARNING | Ollama connection error (attempt 1/1): [WinError 10061] No connection could be made because the target machine actively refused it
2026-04-29 16:38:34,643 | ERROR | Ollama failed after 1 attempts; last error: [WinError 10061] No connection could be made because the target machine actively refused it
2026-04-29 16:38:35,410 | WARNING | Ollama connection error (attempt 1/1): [WinError 10061] No connection could be made because the target machine actively refused it
2026-04-29 16:38:35,410 | ERROR | Ollama failed after 1 attempts; last error: [WinError 10061] No connection could be made because the target machine actively refused it
2026-04-29 16:38:38,416 | WARNING | Ollama connection error (attempt 1/1): [WinError 10061] No connection could be made because the target machine actively refused it
2026-04-29 16:38:38,417 | ERROR | Ollama failed after 1 attempts; last error: [WinError 10061] No connection could be made because the target machine actively refused it
2026-04-29 16:38:38,946 | WARNING | Ollama connection error (attempt 1/1): [WinError 10061] No connection could be made because the target machine actively refused it
2026-04-29 16:38:38,947 | ERROR | Ollama failed after 1 attempts; last error: [WinError 10061] No connection could be made because the target machine actively refused it
2026-04-29 16:38:40,145 | WARNING | Ollama connection error (attempt 1/1): [WinError 10061] No connection could be made because the target machine actively refused it
2026-04-29 16:38:40,146 | ERROR | Ollama failed after 1 attempts; last error: [WinError 10061] No connection could be made because the target machine actively refused it
2026-04-29 16:38:43,314 | WARNING | Ollama connection error (attempt 1/1): [WinError 10061] No connection could be made because the target machine actively refused it
2026-04-29 16:38:43,314 | ERROR | Ollama failed after 1 attempts; last error: [WinError 10061] No connection could be made because the target machine actively refused it
2026-04-29 16:38:43,408 | WARNING | Ollama connection error (attempt 1/1): [WinError 10061] No connection could be made because the target machine actively refused it
2026-04-29 16:38:43,409 | ERROR | Ollama failed after 1 attempts; last error: [WinError 10061] No connection could be made because the target machine actively refused it
2026-04-29 16:38:44,451 | WARNING | Ollama connection error (attempt 1/1): [WinError 10061] No connection could be made because the target machine actively refused it
2026-04-29 16:38:44,452 | ERROR | Ollama failed after 1 attempts; last error: [WinError 10061] No connection could be made because the target machine actively refused it
2026-04-29 16:38:45,884 | INFO | lead_score | ref=Decision Maker - Flow Co score=8 tier=cold factors={'company_size': 0.0, 'job_role': 4.0, 'country': 0.0, 'website_availability': 10.0, 'email_availability': 0.0, 'platform_source': 5.0, 'industry_match': 0.0, 'budget_potential': 0.0, 'messages': {'company_size': 'No company size -> 0', 'job_role': 'Title present (IC) -> +4', 'country': 'No country / location -> 0', 'website_availability': 'Website URL present -> +10', 'email_availability': 'No email -> 0', 'platform_source': "Platform 'other' -> +5", 'industry_match': 'No benchmark industry configured -> 0', 'budget_potential': 'No budget keywords -> 0', 'weighted_components': 'role=18.7, signals=0.0, data=40.0, ai=0.0'}, 'raw_total': 19.0}
2026-04-29 16:38:45,912 | INFO | lead_score | ref=Decision Maker - Flow Co Updated score=8 tier=cold factors={'company_size': 0.0, 'job_role': 4.0, 'country': 0.0, 'website_availability': 10.0, 'email_availability': 0.0, 'platform_source': 5.0, 'industry_match': 0.0, 'budget_potential': 0.0, 'messages': {'company_size': 'No company size -> 0', 'job_role': 'Title present (IC) -> +4', 'country': 'No country / location -> 0', 'website_availability': 'Website URL present -> +10', 'email_availability': 'No email -> 0', 'platform_source': "Platform 'other' -> +5", 'industry_match': 'No benchmark industry configured -> 0', 'budget_potential': 'No budget keywords -> 0', 'weighted_components': 'role=18.7, signals=0.0, data=40.0, ai=0.0'}, 'raw_total': 19.0}
2026-04-29 16:38:46,840 | INFO | lead_score | ref=Decision Maker - A score=8 tier=cold factors={'company_size': 0.0, 'job_role': 4.0, 'country': 0.0, 'website_availability': 10.0, 'email_availability': 0.0, 'platform_source': 5.0, 'industry_match': 0.0, 'budget_potential': 0.0, 'messages': {'company_size': 'No company size -> 0', 'job_role': 'Title present (IC) -> +4', 'country': 'No country / location -> 0', 'website_availability': 'Website URL present -> +10', 'email_availability': 'No email -> 0', 'platform_source': "Platform 'other' -> +5", 'industry_match': 'No benchmark industry configured -> 0', 'budget_potential': 'No budget keywords -> 0', 'weighted_components': 'role=18.7, signals=0.0, data=40.0, ai=0.0'}, 'raw_total': 19.0}
2026-04-29 16:38:47,772 | WARNING | Ollama connection error (attempt 1/1): [WinError 10061] No connection could be made because the target machine actively refused it
2026-04-29 16:38:47,772 | ERROR | Ollama failed after 1 attempts; last error: [WinError 10061] No connection could be made because the target machine actively refused it
2026-04-29 16:38:48,742 | WARNING | Ollama connection error (attempt 1/1): [WinError 10061] No connection could be made because the target machine actively refused it
2026-04-29 16:38:48,742 | ERROR | Ollama failed after 1 attempts; last error: [WinError 10061] No connection could be made because the target machine actively refused it
2026-04-29 16:38:52,121 | WARNING | Ollama connection error (attempt 1/1): [WinError 10061] No connection could be made because the target machine actively refused it
2026-04-29 16:38:52,121 | ERROR | Ollama failed after 1 attempts; last error: [WinError 10061] No connection could be made because the target machine actively refused it
2026-04-29 16:38:53,493 | WARNING | Ollama connection error (attempt 1/1): [WinError 10061] No connection could be made because the target machine actively refused it
2026-04-29 16:38:53,494 | ERROR | Ollama failed after 1 attempts; last error: [WinError 10061] No connection could be made because the target machine actively refused it
2026-04-29 16:38:55,783 | WARNING | Ollama connection error (attempt 1/1): [WinError 10061] No connection could be made because the target machine actively refused it
2026-04-29 16:38:55,784 | ERROR | Ollama failed after 1 attempts; last error: [WinError 10061] No connection could be made because the target machine actively refused it
2026-04-29 16:38:56,765 | WARNING | Ollama connection error (attempt 1/1): [WinError 10061] No connection could be made because the target machine actively refused it
2026-04-29 16:38:56,765 | ERROR | Ollama failed after 1 attempts; last error: [WinError 10061] No connection could be made because the target machine actively refused it
2026-04-29 16:38:57,782 | WARNING | Ollama connection error (attempt 1/1): [WinError 10061] No connection could be made because the target machine actively refused it
2026-04-29 16:38:57,783 | ERROR | Ollama failed after 1 attempts; last error: [WinError 10061] No connection could be made because the target machine actively refused it
2026-04-29 16:39:00,036 | WARNING | Ollama connection error (attempt 1/1): [WinError 10061] No connection could be made because the target machine actively refused it
2026-04-29 16:39:00,037 | ERROR | Ollama failed after 1 attempts; last error: [WinError 10061] No connection could be made because the target machine actively refused it
2026-04-29 16:39:01,032 | WARNING | Ollama connection error (attempt 1/1): [WinError 10061] No connection could be made because the target machine actively refused it
2026-04-29 16:39:01,032 | ERROR | Ollama failed after 1 attempts; last error: [WinError 10061] No connection could be made because the target machine actively refused it
2026-04-29 16:39:02,093 | WARNING | Ollama connection error (attempt 1/1): [WinError 10061] No connection could be made because the target machine actively refused it
2026-04-29 16:39:02,094 | ERROR | Ollama failed after 1 attempts; last error: [WinError 10061] No connection could be made because the target machine actively refused it
2026-04-29 16:39:04,401 | WARNING | Ollama connection error (attempt 1/1): [WinError 10061] No connection could be made because the target machine actively refused it
2026-04-29 16:39:04,401 | ERROR | Ollama failed after 1 attempts; last error: [WinError 10061] No connection could be made because the target machine actively refused it
2026-04-29 16:39:05,385 | WARNING | Ollama connection error (attempt 1/1): [WinError 10061] No connection could be made because the target machine actively refused it
2026-04-29 16:39:05,385 | ERROR | Ollama failed after 1 attempts; last error: [WinError 10061] No connection could be made because the target machine actively refused it
2026-04-29 16:39:06,816 | WARNING | Ollama connection error (attempt 1/1): [WinError 10061] No connection could be made because the target machine actively refused it
2026-04-29 16:39:06,817 | ERROR | Ollama failed after 1 attempts; last error: [WinError 10061] No connection could be made because the target machine actively refused it
2026-04-29 16:39:10,142 | WARNING | Ollama connection error (attempt 1/1): [WinError 10061] No connection could be made because the target machine actively refused it
2026-04-29 16:39:10,142 | ERROR | Ollama failed after 1 attempts; last error: [WinError 10061] No connection could be made because the target machine actively refused it
2026-04-29 16:39:11,208 | WARNING | Ollama connection error (attempt 1/1): [WinError 10061] No connection could be made because the target machine actively refused it
2026-04-29 16:39:11,208 | ERROR | Ollama failed after 1 attempts; last error: [WinError 10061] No connection could be made because the target machine actively refused it
2026-04-29 16:39:11,302 | WARNING | Ollama connection error (attempt 1/1): [WinError 10061] No connection could be made because the target machine actively refused it
2026-04-29 16:39:11,302 | ERROR | Ollama failed after 1 attempts; last error: [WinError 10061] No connection could be made because the target machine actively refused it
2026-04-29 16:39:14,548 | WARNING | Ollama connection error (attempt 1/1): [WinError 10061] No connection could be made because the target machine actively refused it
2026-04-29 16:39:14,548 | ERROR | Ollama failed after 1 attempts; last error: [WinError 10061] No connection could be made because the target machine actively refused it
2026-04-29 16:39:15,577 | WARNING | Ollama connection error (attempt 1/1): [WinError 10061] No connection could be made because the target machine actively refused it
2026-04-29 16:39:15,577 | ERROR | Ollama failed after 1 attempts; last error: [WinError 10061] No connection could be made because the target machine actively refused it
2026-04-29 16:39:15,654 | WARNING | Ollama connection error (attempt 1/1): [WinError 10061] No connection could be made because the target machine actively refused it
2026-04-29 16:39:15,655 | ERROR | Ollama failed after 1 attempts; last error: [WinError 10061] No connection could be made because the target machine actively refused it
2026-04-29 16:39:18,860 | WARNING | Ollama connection error (attempt 1/1): [WinError 10061] No connection could be made because the target machine actively refused it
2026-04-29 16:39:18,861 | ERROR | Ollama failed after 1 attempts; last error: [WinError 10061] No connection could be made because the target machine actively refused it
2026-04-29 16:39:19,982 | WARNING | Ollama connection error (attempt 1/1): [WinError 10061] No connection could be made because the target machine actively refused it
2026-04-29 16:39:19,982 | ERROR | Ollama failed after 1 attempts; last error: [WinError 10061] No connection could be made because the target machine actively refused it
2026-04-29 16:39:20,729 | WARNING | Ollama connection error (attempt 1/1): [WinError 10061] No connection could be made because the target machine actively refused it
2026-04-29 16:39:20,730 | ERROR | Ollama failed after 1 attempts; last error: [WinError 10061] No connection could be made because the target machine actively refused it
2026-04-29 16:39:23,596 | WARNING | Ollama connection error (attempt 1/1): [WinError 10061] No connection could be made because the target machine actively refused it
2026-04-29 16:39:23,597 | ERROR | Ollama failed after 1 attempts; last error: [WinError 10061] No connection could be made because the target machine actively refused it
2026-04-29 16:39:25,078 | WARNING | Ollama connection error (attempt 1/1): [WinError 10061] No connection could be made because the target machine actively refused it
2026-04-29 16:39:25,079 | ERROR | Ollama failed after 1 attempts; last error: [WinError 10061] No connection could be made because the target machine actively refused it
2026-04-29 16:39:27,900 | WARNING | Ollama connection error (attempt 1/1): [WinError 10061] No connection could be made because the target machine actively refused it
2026-04-29 16:39:27,901 | ERROR | Ollama failed after 1 attempts; last error: [WinError 10061] No connection could be made because the target machine actively refused it
2026-04-29 16:39:29,398 | WARNING | Ollama connection error (attempt 1/1): [WinError 10061] No connection could be made because the target machine actively refused it
2026-04-29 16:39:29,398 | ERROR | Ollama failed after 1 attempts; last error: [WinError 10061] No connection could be made because the target machine actively refused it
2026-04-29 16:39:32,218 | WARNING | Ollama connection error (attempt 1/1): [WinError 10061] No connection could be made because the target machine actively refused it
2026-04-29 16:39:32,219 | ERROR | Ollama failed after 1 attempts; last error: [WinError 10061] No connection could be made because the target machine actively refused it
2026-04-29 16:39:34,056 | WARNING | Ollama connection error (attempt 1/1): [WinError 10061] No connection could be made because the target machine actively refused it
2026-04-29 16:39:34,057 | ERROR | Ollama failed after 1 attempts; last error: [WinError 10061] No connection could be made because the target machine actively refused it
2026-04-29 16:39:36,977 | WARNING | Ollama connection error (attempt 1/1): [WinError 10061] No connection could be made because the target machine actively refused it
2026-04-29 16:39:36,977 | ERROR | Ollama failed after 1 attempts; last error: [WinError 10061] No connection could be made because the target machine actively refused it
2026-04-29 16:39:38,178 | WARNING | Ollama connection error (attempt 1/1): [WinError 10061] No connection could be made because the target machine actively refused it
2026-04-29 16:39:38,178 | ERROR | Ollama failed after 1 attempts; last error: [WinError 10061] No connection could be made because the target machine actively refused it
2026-04-29 16:39:38,380 | WARNING | Ollama connection error (attempt 1/1): [WinError 10061] No connection could be made because the target machine actively refused it
2026-04-29 16:39:38,381 | ERROR | Ollama failed after 1 attempts; last error: [WinError 10061] No connection could be made because the target machine actively refused it
2026-04-29 16:39:41,317 | WARNING | Ollama connection error (attempt 1/1): [WinError 10061] No connection could be made because the target machine actively refused it
2026-04-29 16:39:41,317 | ERROR | Ollama failed after 1 attempts; last error: [WinError 10061] No connection could be made because the target machine actively refused it
2026-04-29 16:39:42,565 | WARNING | Ollama connection error (attempt 1/1): [WinError 10061] No connection could be made because the target machine actively refused it
2026-04-29 16:39:42,566 | ERROR | Ollama failed after 1 attempts; last error: [WinError 10061] No connection could be made because the target machine actively refused it
2026-04-29 16:39:42,832 | WARNING | Ollama connection error (attempt 1/1): [WinError 10061] No connection could be made because the target machine actively refused it
2026-04-29 16:39:42,833 | ERROR | Ollama failed after 1 attempts; last error: [WinError 10061] No connection could be made because the target machine actively refused it
2026-04-29 16:39:45,637 | WARNING | Ollama connection error (attempt 1/1): [WinError 10061] No connection could be made because the target machine actively refused it
2026-04-29 16:39:45,637 | ERROR | Ollama failed after 1 attempts; last error: [WinError 10061] No connection could be made because the target machine actively refused it
2026-04-29 16:39:46,870 | WARNING | Ollama connection error (attempt 1/1): [WinError 10061] No connection could be made because the target machine actively refused it
2026-04-29 16:39:46,871 | ERROR | Ollama failed after 1 attempts; last error: [WinError 10061] No connection could be made because the target machine actively refused it
2026-04-29 16:39:47,556 | WARNING | Ollama connection error (attempt 1/1): [WinError 10061] No connection could be made because the target machine actively refused it
2026-04-29 16:39:47,592 | ERROR | Ollama failed after 1 attempts; last error: [WinError 10061] No connection could be made because the target machine actively refused it
2026-04-29 16:39:50,356 | WARNING | Ollama connection error (attempt 1/1): [WinError 10061] No connection could be made because the target machine actively refused it
2026-04-29 16:39:50,356 | ERROR | Ollama failed after 1 attempts; last error: [WinError 10061] No connection could be made because the target machine actively refused it
2026-04-29 16:39:51,632 | WARNING | Ollama connection error (attempt 1/1): [WinError 10061] No connection could be made because the target machine actively refused it
2026-04-29 16:39:51,633 | ERROR | Ollama failed after 1 attempts; last error: [WinError 10061] No connection could be made because the target machine actively refused it
2026-04-29 16:39:51,915 | WARNING | Ollama connection error (attempt 1/1): [WinError 10061] No connection could be made because the target machine actively refused it
2026-04-29 16:39:51,915 | ERROR | Ollama failed after 1 attempts; last error: [WinError 10061] No connection could be made because the target machine actively refused it
2026-04-29 16:39:54,708 | WARNING | Ollama connection error (attempt 1/1): [WinError 10061] No connection could be made because the target machine actively refused it
2026-04-29 16:39:54,708 | ERROR | Ollama failed after 1 attempts; last error: [WinError 10061] No connection could be made because the target machine actively refused it
2026-04-29 16:39:56,005 | WARNING | Ollama connection error (attempt 1/1): [WinError 10061] No connection could be made because the target machine actively refused it
2026-04-29 16:39:56,006 | ERROR | Ollama failed after 1 attempts; last error: [WinError 10061] No connection could be made because the target machine actively refused it
2026-04-29 16:39:56,362 | WARNING | Ollama connection error (attempt 1/1): [WinError 10061] No connection could be made because the target machine actively refused it
2026-04-29 16:39:56,362 | ERROR | Ollama failed after 1 attempts; last error: [WinError 10061] No connection could be made because the target machine actively refused it
2026-04-29 16:39:59,038 | WARNING | Ollama connection error (attempt 1/1): [WinError 10061] No connection could be made because the target machine actively refused it
2026-04-29 16:39:59,038 | ERROR | Ollama failed after 1 attempts; last error: [WinError 10061] No connection could be made because the target machine actively refused it
2026-04-29 16:40:00,358 | WARNING | Ollama connection error (attempt 1/1): [WinError 10061] No connection could be made because the target machine actively refused it
2026-04-29 16:40:00,359 | ERROR | Ollama failed after 1 attempts; last error: [WinError 10061] No connection could be made because the target machine actively refused it
2026-04-29 16:40:01,084 | WARNING | Ollama connection error (attempt 1/1): [WinError 10061] No connection could be made because the target machine actively refused it
2026-04-29 16:40:01,084 | ERROR | Ollama failed after 1 attempts; last error: [WinError 10061] No connection could be made because the target machine actively refused it
2026-04-29 16:40:03,796 | WARNING | Ollama connection error (attempt 1/1): [WinError 10061] No connection could be made because the target machine actively refused it
2026-04-29 16:40:03,796 | ERROR | Ollama failed after 1 attempts; last error: [WinError 10061] No connection could be made because the target machine actively refused it
2026-04-29 16:40:05,108 | WARNING | Ollama connection error (attempt 1/1): [WinError 10061] No connection could be made because the target machine actively refused it
2026-04-29 16:40:05,108 | ERROR | Ollama failed after 1 attempts; last error: [WinError 10061] No connection could be made because the target machine actively refused it
2026-04-29 16:40:05,372 | WARNING | Ollama connection error (attempt 1/1): [WinError 10061] No connection could be made because the target machine actively refused it
2026-04-29 16:40:05,373 | ERROR | Ollama failed after 1 attempts; last error: [WinError 10061] No connection could be made because the target machine actively refused it
2026-04-29 16:40:08,143 | WARNING | Ollama connection error (attempt 1/1): [WinError 10061] No connection could be made because the target machine actively refused it
2026-04-29 16:40:08,143 | ERROR | Ollama failed after 1 attempts; last error: [WinError 10061] No connection could be made because the target machine actively refused it
2026-04-29 16:40:09,480 | WARNING | Ollama connection error (attempt 1/1): [WinError 10061] No connection could be made because the target machine actively refused it
2026-04-29 16:40:09,480 | ERROR | Ollama failed after 1 attempts; last error: [WinError 10061] No connection could be made because the target machine actively refused it
2026-04-29 16:40:09,715 | WARNING | Ollama connection error (attempt 1/1): [WinError 10061] No connection could be made because the target machine actively refused it
2026-04-29 16:40:09,716 | ERROR | Ollama failed after 1 attempts; last error: [WinError 10061] No connection could be made because the target machine actively refused it
2026-04-29 16:40:12,505 | WARNING | Ollama connection error (attempt 1/1): [WinError 10061] No connection could be made because the target machine actively refused it
2026-04-29 16:40:12,506 | ERROR | Ollama failed after 1 attempts; last error: [WinError 10061] No connection could be made because the target machine actively refused it
2026-04-29 16:40:13,223 | WARNING | Ollama connection error (attempt 1/1): [WinError 10061] No connection could be made because the target machine actively refused it
2026-04-29 16:40:13,225 | ERROR | Ollama failed after 1 attempts; last error: [WinError 10061] No connection could be made because the target machine actively refused it
2026-04-29 16:40:13,765 | WARNING | Ollama connection error (attempt 1/1): [WinError 10061] No connection could be made because the target machine actively refused it
2026-04-29 16:40:13,765 | ERROR | Ollama failed after 1 attempts; last error: [WinError 10061] No connection could be made because the target machine actively refused it
2026-04-29 16:40:14,530 | WARNING | Ollama connection error (attempt 1/1): [WinError 10061] No connection could be made because the target machine actively refused it
2026-04-29 16:40:14,531 | ERROR | Ollama failed after 1 attempts; last error: [WinError 10061] No connection could be made because the target machine actively refused it
2026-04-29 16:40:17,232 | WARNING | Ollama connection error (attempt 1/1): [WinError 10061] No connection could be made because the target machine actively refused it
2026-04-29 16:40:17,232 | ERROR | Ollama failed after 1 attempts; last error: [WinError 10061] No connection could be made because the target machine actively refused it
2026-04-29 16:40:17,555 | WARNING | Ollama connection error (attempt 1/1): [WinError 10061] No connection could be made because the target machine actively refused it
2026-04-29 16:40:17,597 | ERROR | Ollama failed after 1 attempts; last error: [WinError 10061] No connection could be made because the target machine actively refused it
2026-04-29 16:40:18,568 | WARNING | Ollama connection error (attempt 1/1): [WinError 10061] No connection could be made because the target machine actively refused it
2026-04-29 16:40:18,569 | ERROR | Ollama failed after 1 attempts; last error: [WinError 10061] No connection could be made because the target machine actively refused it
2026-04-29 16:40:18,849 | WARNING | Ollama connection error (attempt 1/1): [WinError 10061] No connection could be made because the target machine actively refused it
2026-04-29 16:40:18,849 | ERROR | Ollama failed after 1 attempts; last error: [WinError 10061] No connection could be made because the target machine actively refused it
2026-04-29 16:40:21,518 | WARNING | Ollama connection error (attempt 1/1): [WinError 10061] No connection could be made because the target machine actively refused it
2026-04-29 16:40:21,518 | ERROR | Ollama failed after 1 attempts; last error: [WinError 10061] No connection could be made because the target machine actively refused it
2026-04-29 16:40:21,894 | WARNING | Ollama connection error (attempt 1/1): [WinError 10061] No connection could be made because the target machine actively refused it
2026-04-29 16:40:21,894 | ERROR | Ollama failed after 1 attempts; last error: [WinError 10061] No connection could be made because the target machine actively refused it
2026-04-29 16:40:22,862 | WARNING | Ollama connection error (attempt 1/1): [WinError 10061] No connection could be made because the target machine actively refused it
2026-04-29 16:40:22,862 | ERROR | Ollama failed after 1 attempts; last error: [WinError 10061] No connection could be made because the target machine actively refused it
2026-04-29 16:40:23,114 | WARNING | Ollama connection error (attempt 1/1): [WinError 10061] No connection could be made because the target machine actively refused it
2026-04-29 16:40:23,114 | ERROR | Ollama failed after 1 attempts; last error: [WinError 10061] No connection could be made because the target machine actively refused it
2026-04-29 16:40:25,799 | WARNING | Ollama connection error (attempt 1/1): [WinError 10061] No connection could be made because the target machine actively refused it
2026-04-29 16:40:25,800 | ERROR | Ollama failed after 1 attempts; last error: [WinError 10061] No connection could be made because the target machine actively refused it
2026-04-29 16:40:27,187 | WARNING | Ollama connection error (attempt 1/1): [WinError 10061] No connection could be made because the target machine actively refused it
2026-04-29 16:40:27,187 | ERROR | Ollama failed after 1 attempts; last error: [WinError 10061] No connection could be made because the target machine actively refused it
2026-04-29 16:40:27,841 | WARNING | Ollama connection error (attempt 1/1): [WinError 10061] No connection could be made because the target machine actively refused it
2026-04-29 16:40:27,841 | ERROR | Ollama failed after 1 attempts; last error: [WinError 10061] No connection could be made because the target machine actively refused it
2026-04-29 16:40:30,698 | WARNING | Ollama connection error (attempt 1/1): [WinError 10061] No connection could be made because the target machine actively refused it
2026-04-29 16:40:30,699 | ERROR | Ollama failed after 1 attempts; last error: [WinError 10061] No connection could be made because the target machine actively refused it
2026-04-29 16:40:31,925 | WARNING | Ollama connection error (attempt 1/1): [WinError 10061] No connection could be made because the target machine actively refused it
2026-04-29 16:40:31,925 | ERROR | Ollama failed after 1 attempts; last error: [WinError 10061] No connection could be made because the target machine actively refused it
2026-04-29 16:40:32,160 | WARNING | Ollama connection error (attempt 1/1): [WinError 10061] No connection could be made because the target machine actively refused it
2026-04-29 16:40:32,160 | ERROR | Ollama failed after 1 attempts; last error: [WinError 10061] No connection could be made because the target machine actively refused it
2026-04-29 16:40:35,125 | WARNING | Ollama connection error (attempt 1/1): [WinError 10061] No connection could be made because the target machine actively refused it
2026-04-29 16:40:35,126 | ERROR | Ollama failed after 1 attempts; last error: [WinError 10061] No connection could be made because the target machine actively refused it
2026-04-29 16:40:36,249 | WARNING | Ollama connection error (attempt 1/1): [WinError 10061] No connection could be made because the target machine actively refused it
2026-04-29 16:40:36,249 | ERROR | Ollama failed after 1 attempts; last error: [WinError 10061] No connection could be made because the target machine actively refused it
2026-04-29 16:40:36,483 | WARNING | Ollama connection error (attempt 1/1): [WinError 10061] No connection could be made because the target machine actively refused it
2026-04-29 16:40:36,484 | ERROR | Ollama failed after 1 attempts; last error: [WinError 10061] No connection could be made because the target machine actively refused it
2026-04-29 16:40:39,470 | WARNING | Ollama connection error (attempt 1/1): [WinError 10061] No connection could be made because the target machine actively refused it
2026-04-29 16:40:39,470 | ERROR | Ollama failed after 1 attempts; last error: [WinError 10061] No connection could be made because the target machine actively refused it
2026-04-29 16:40:40,593 | WARNING | Ollama connection error (attempt 1/1): [WinError 10061] No connection could be made because the target machine actively refused it
2026-04-29 16:40:40,594 | ERROR | Ollama failed after 1 attempts; last error: [WinError 10061] No connection could be made because the target machine actively refused it
2026-04-29 16:40:41,282 | WARNING | Ollama connection error (attempt 1/1): [WinError 10061] No connection could be made because the target machine actively refused it
2026-04-29 16:40:41,283 | ERROR | Ollama failed after 1 attempts; last error: [WinError 10061] No connection could be made because the target machine actively refused it
2026-04-29 16:40:44,284 | WARNING | Ollama connection error (attempt 1/1): [WinError 10061] No connection could be made because the target machine actively refused it
2026-04-29 16:40:44,284 | ERROR | Ollama failed after 1 attempts; last error: [WinError 10061] No connection could be made because the target machine actively refused it
2026-04-29 16:40:45,423 | WARNING | Ollama connection error (attempt 1/1): [WinError 10061] No connection could be made because the target machine actively refused it
2026-04-29 16:40:45,423 | ERROR | Ollama failed after 1 attempts; last error: [WinError 10061] No connection could be made because the target machine actively refused it
2026-04-29 16:40:45,656 | WARNING | Ollama connection error (attempt 1/1): [WinError 10061] No connection could be made because the target machine actively refused it
2026-04-29 16:40:45,657 | ERROR | Ollama failed after 1 attempts; last error: [WinError 10061] No connection could be made because the target machine actively refused it
2026-04-29 16:40:48,714 | WARNING | Ollama connection error (attempt 1/1): [WinError 10061] No connection could be made because the target machine actively refused it
2026-04-29 16:40:48,714 | ERROR | Ollama failed after 1 attempts; last error: [WinError 10061] No connection could be made because the target machine actively refused it
2026-04-29 16:40:49,734 | WARNING | Ollama connection error (attempt 1/1): [WinError 10061] No connection could be made because the target machine actively refused it
2026-04-29 16:40:49,735 | ERROR | Ollama failed after 1 attempts; last error: [WinError 10061] No connection could be made because the target machine actively refused it
2026-04-29 16:40:49,940 | WARNING | Ollama connection error (attempt 1/1): [WinError 10061] No connection could be made because the target machine actively refused it
2026-04-29 16:40:49,940 | ERROR | Ollama failed after 1 attempts; last error: [WinError 10061] No connection could be made because the target machine actively refused it
2026-04-29 16:40:53,024 | WARNING | Ollama connection error (attempt 1/1): [WinError 10061] No connection could be made because the target machine actively refused it
2026-04-29 16:40:53,025 | ERROR | Ollama failed after 1 attempts; last error: [WinError 10061] No connection could be made because the target machine actively refused it
2026-04-29 16:40:53,052 | INFO | lead_score | ref=Aman Verma score=22 tier=cold factors={'company_size': 0.0, 'job_role': 15.0, 'country': 0.0, 'website_availability': 10.0, 'email_availability': 0.0, 'platform_source': 14.0, 'industry_match': 0.0, 'budget_potential': 0.0, 'messages': {'company_size': 'No company size -> 0', 'job_role': 'Executive / founder role -> +15', 'country': 'No country / location -> 0', 'website_availability': 'Website URL present -> +10', 'email_availability': 'No email -> 0', 'platform_source': "Platform 'linkedin' -> +14", 'industry_match': 'No benchmark industry configured -> 0', 'budget_potential': 'No budget keywords -> 0'}, 'raw_total': 39.0}
2026-04-29 16:40:53,627 | INFO | weekly_engine start day=mon keyword=software location=
2026-04-29 16:40:53,642 | INFO | weekly_engine Startup ingestion done: saved={'created': 0, 'updated': 0, 'skipped': 0} enrich={'selected': 0, 'ok': 0, 'failed': 0, 'skipped': 0}
2026-04-29 16:40:54,259 | WARNING | Ollama connection error (attempt 1/1): [WinError 10061] No connection could be made because the target machine actively refused it
2026-04-29 16:40:54,259 | ERROR | Ollama failed after 1 attempts; last error: [WinError 10061] No connection could be made because the target machine actively refused it
2026-04-29 16:40:54,330 | INFO | weekly_engine start day=fri keyword=software location=
2026-04-29 16:40:54,809 | WARNING | Ollama connection error (attempt 1/1): [WinError 10061] No connection could be made because the target machine actively refused it
2026-04-29 16:40:54,810 | ERROR | Ollama failed after 1 attempts; last error: [WinError 10061] No connection could be made because the target machine actively refused it
2026-04-29 16:40:59,089 | WARNING | Ollama connection error (attempt 1/1): [WinError 10061] No connection could be made because the target machine actively refused it
2026-04-29 16:40:59,089 | ERROR | Ollama failed after 1 attempts; last error: [WinError 10061] No connection could be made because the target machine actively refused it
2026-04-29 16:40:59,135 | WARNING | Ollama connection error (attempt 1/1): [WinError 10061] No connection could be made because the target machine actively refused it
2026-04-29 16:40:59,136 | ERROR | Ollama failed after 1 attempts; last error: [WinError 10061] No connection could be made because the target machine actively refused it
2026-04-29 16:40:59,308 | WARNING | Ollama connection error (attempt 1/1): [WinError 10061] No connection could be made because the target machine actively refused it
2026-04-29 16:40:59,308 | ERROR | Ollama failed after 1 attempts; last error: [WinError 10061] No connection could be made because the target machine actively refused it
2026-04-29 16:41:00,714 | INFO | lead_score | ref=Jane Doe score=37 tier=cold factors={'company_size': 6.0, 'job_role': 12.0, 'country': 10.0, 'website_availability': 10.0, 'email_availability': 12.0, 'platform_source': 14.0, 'industry_match': 0.0, 'budget_potential': 0.0, 'messages': {'company_size': 'SMB size -> +6', 'job_role': 'VP / Director-level title -> +12', 'country': 'Tier-1 geography signal (us) -> +10', 'website_availability': 'Website URL present -> +10', 'email_availability': 'Corporate-looking email -> +12', 'platform_source': "Platform 'linkedin' -> +14", 'industry_match': 'No benchmark industry configured -> 0', 'budget_potential': 'No budget keywords -> 0', 'weighted_components': 'role=71.0, signals=0.0, data=70.0, ai=0.0'}, 'raw_total': 64.0}
2026-04-29 16:41:00,717 | INFO | lead_score | ref=Jane Doe score=65 tier=warm factors={'company_size': 6.0, 'job_role': 12.0, 'country': 10.0, 'website_availability': 10.0, 'email_availability': 12.0, 'platform_source': 14.0, 'industry_match': 0.0, 'budget_potential': 0.0, 'messages': {'company_size': 'SMB size -> +6', 'job_role': 'VP / Director-level title -> +12', 'country': 'Tier-1 geography signal (us) -> +10', 'website_availability': 'Website URL present -> +10', 'email_availability': 'Corporate-looking email -> +12', 'platform_source': "Platform 'linkedin' -> +14", 'industry_match': 'No benchmark industry configured -> 0', 'budget_potential': 'No budget keywords -> 0', 'weighted_components': 'role=71.0, signals=100.0, data=70.0, ai=0.0'}, 'raw_total': 64.0}
2026-04-29 16:41:00,719 | INFO | lead_score | ref=Sam score=78 tier=warm factors={'company_size': 6.0, 'job_role': 15.0, 'country': 0.0, 'website_availability': 10.0, 'email_availability': 12.0, 'platform_source': 14.0, 'industry_match': 0.0, 'budget_potential': 0.0, 'messages': {'company_size': 'SMB size -> +6', 'job_role': 'Executive / founder role -> +15', 'country': 'No country / location -> 0', 'website_availability': 'Website URL present -> +10', 'email_availability': 'Corporate-looking email -> +12', 'platform_source': "Platform 'linkedin' -> +14", 'industry_match': 'No benchmark industry configured -> 0', 'budget_potential': 'No budget keywords -> 0', 'weighted_components': 'role=85.0, signals=0.0, data=70.0, ai=90.0'}, 'raw_total': 57.0}
2026-04-29 16:41:00,720 | INFO | lead_score | ref=Sam score=56 tier=warm factors={'company_size': 6.0, 'job_role': 15.0, 'country': 0.0, 'website_availability': 10.0, 'email_availability': 12.0, 'platform_source': 14.0, 'industry_match': 0.0, 'budget_potential': 0.0, 'messages': {'company_size': 'SMB size -> +6', 'job_role': 'Executive / founder role -> +15', 'country': 'No country / location -> 0', 'website_availability': 'Website URL present -> +10', 'email_availability': 'Corporate-looking email -> +12', 'platform_source': "Platform 'linkedin' -> +14", 'industry_match': 'No benchmark industry configured -> 0', 'budget_potential': 'No budget keywords -> 0', 'weighted_components': 'role=85.0, signals=0.0, data=70.0, ai=90.0'}, 'raw_total': 57.0}
2026-04-29 16:41:03,632 | WARNING | Ollama connection error (attempt 1/1): [WinError 10061] No connection could be made because the target machine actively refused it
2026-04-29 16:41:03,632 | ERROR | Ollama failed after 1 attempts; last error: [WinError 10061] No connection could be made because the target machine actively refused it
2026-04-29 16:41:03,678 | WARNING | Ollama connection error (attempt 1/1): [WinError 10061] No connection could be made because the target machine actively refused it
2026-04-29 16:41:03,720 | ERROR | Ollama failed after 1 attempts; last error: [WinError 10061] No connection could be made because the target machine actively refused it
2026-04-29 16:41:03,773 | WARNING | Ollama connection error (attempt 1/1): [WinError 10061] No connection could be made because the target machine actively refused it
2026-04-29 16:41:03,773 | ERROR | Ollama failed after 1 attempts; last error: [WinError 10061] No connection could be made because the target machine actively refused it
2026-04-29 16:41:07,445 | WARNING | Ollama connection error (attempt 1/1): [WinError 10061] No connection could be made because the target machine actively refused it
2026-04-29 16:41:07,446 | ERROR | Ollama failed after 1 attempts; last error: [WinError 10061] No connection could be made because the target machine actively refused it
2026-04-29 16:41:07,980 | WARNING | Ollama connection error (attempt 1/1): [WinError 10061] No connection could be made because the target machine actively refused it
2026-04-29 16:41:07,980 | ERROR | Ollama failed after 1 attempts; last error: [WinError 10061] No connection could be made because the target machine actively refused it
2026-04-29 16:41:08,057 | WARNING | Ollama connection error (attempt 1/1): [WinError 10061] No connection could be made because the target machine actively refused it
2026-04-29 16:41:08,058 | ERROR | Ollama failed after 1 attempts; last error: [WinError 10061] No connection could be made because the target machine actively refused it
2026-04-29 16:41:08,510 | WARNING | Ollama connection error (attempt 1/1): [WinError 10061] No connection could be made because the target machine actively refused it
2026-04-29 16:41:08,510 | ERROR | Ollama failed after 1 attempts; last error: [WinError 10061] No connection could be made because the target machine actively refused it
2026-04-29 16:41:11,745 | WARNING | Ollama connection error (attempt 1/1): [WinError 10061] No connection could be made because the target machine actively refused it
2026-04-29 16:41:11,745 | ERROR | Ollama failed after 1 attempts; last error: [WinError 10061] No connection could be made because the target machine actively refused it
2026-04-29 16:41:12,789 | WARNING | Ollama connection error (attempt 1/1): [WinError 10061] No connection could be made because the target machine actively refused it
2026-04-29 16:41:12,789 | ERROR | Ollama failed after 1 attempts; last error: [WinError 10061] No connection could be made because the target machine actively refused it
2026-04-29 16:41:12,884 | WARNING | Ollama connection error (attempt 1/1): [WinError 10061] No connection could be made because the target machine actively refused it
2026-04-29 16:41:12,884 | ERROR | Ollama failed after 1 attempts; last error: [WinError 10061] No connection could be made because the target machine actively refused it
2026-04-29 16:41:16,076 | WARNING | Ollama connection error (attempt 1/1): [WinError 10061] No connection could be made because the target machine actively refused it
2026-04-29 16:41:16,077 | ERROR | Ollama failed after 1 attempts; last error: [WinError 10061] No connection could be made because the target machine actively refused it
2026-04-29 16:41:17,139 | WARNING | Ollama connection error (attempt 1/1): [WinError 10061] No connection could be made because the target machine actively refused it
2026-04-29 16:41:17,139 | ERROR | Ollama failed after 1 attempts; last error: [WinError 10061] No connection could be made because the target machine actively refused it
2026-04-29 16:41:17,280 | WARNING | Ollama connection error (attempt 1/1): [WinError 10061] No connection could be made because the target machine actively refused it
2026-04-29 16:41:17,280 | ERROR | Ollama failed after 1 attempts; last error: [WinError 10061] No connection could be made because the target machine actively refused it
2026-04-29 16:41:21,472 | WARNING | Ollama connection error (attempt 1/1): [WinError 10061] No connection could be made because the target machine actively refused it
2026-04-29 16:41:21,473 | ERROR | Ollama failed after 1 attempts; last error: [WinError 10061] No connection could be made because the target machine actively refused it
2026-04-29 16:41:22,080 | WARNING | Ollama connection error (attempt 1/1): [WinError 10061] No connection could be made because the target machine actively refused it
2026-04-29 16:41:22,081 | ERROR | Ollama failed after 1 attempts; last error: [WinError 10061] No connection could be made because the target machine actively refused it
2026-04-29 16:41:26,224 | WARNING | Ollama connection error (attempt 1/1): [WinError 10061] No connection could be made because the target machine actively refused it
2026-04-29 16:41:26,224 | ERROR | Ollama failed after 1 attempts; last error: [WinError 10061] No connection could be made because the target machine actively refused it
2026-04-29 16:41:26,366 | WARNING | Ollama connection error (attempt 1/1): [WinError 10061] No connection could be made because the target machine actively refused it
2026-04-29 16:41:26,366 | ERROR | Ollama failed after 1 attempts; last error: [WinError 10061] No connection could be made because the target machine actively refused it
2026-04-29 16:41:30,690 | WARNING | Ollama connection error (attempt 1/1): [WinError 10061] No connection could be made because the target machine actively refused it
2026-04-29 16:41:30,691 | ERROR | Ollama failed after 1 attempts; last error: [WinError 10061] No connection could be made because the target machine actively refused it
2026-04-29 16:41:30,865 | WARNING | Ollama connection error (attempt 1/1): [WinError 10061] No connection could be made because the target machine actively refused it
2026-04-29 16:41:30,865 | ERROR | Ollama failed after 1 attempts; last error: [WinError 10061] No connection could be made because the target machine actively refused it
2026-04-29 16:41:35,062 | WARNING | Ollama connection error (attempt 1/1): [WinError 10061] No connection could be made because the target machine actively refused it
2026-04-29 16:41:35,062 | ERROR | Ollama failed after 1 attempts; last error: [WinError 10061] No connection could be made because the target machine actively refused it
2026-04-29 16:41:35,732 | WARNING | Ollama connection error (attempt 1/1): [WinError 10061] No connection could be made because the target machine actively refused it
2026-04-29 16:41:35,732 | ERROR | Ollama failed after 1 attempts; last error: [WinError 10061] No connection could be made because the target machine actively refused it
2026-04-29 16:41:39,909 | WARNING | Ollama connection error (attempt 1/1): [WinError 10061] No connection could be made because the target machine actively refused it
2026-04-29 16:41:39,909 | ERROR | Ollama failed after 1 attempts; last error: [WinError 10061] No connection could be made because the target machine actively refused it
2026-04-29 16:41:40,313 | WARNING | Ollama connection error (attempt 1/1): [WinError 10061] No connection could be made because the target machine actively refused it
2026-04-29 16:41:40,314 | ERROR | Ollama failed after 1 attempts; last error: [WinError 10061] No connection could be made because the target machine actively refused it
2026-04-29 16:41:44,573 | WARNING | Ollama connection error (attempt 1/1): [WinError 10061] No connection could be made because the target machine actively refused it
2026-04-29 16:41:44,574 | ERROR | Ollama failed after 1 attempts; last error: [WinError 10061] No connection could be made because the target machine actively refused it
2026-04-29 16:41:44,794 | WARNING | Ollama connection error (attempt 1/1): [WinError 10061] No connection could be made because the target machine actively refused it
2026-04-29 16:41:44,794 | ERROR | Ollama failed after 1 attempts; last error: [WinError 10061] No connection could be made because the target machine actively refused it
2026-04-29 16:41:48,928 | WARNING | Ollama connection error (attempt 1/1): [WinError 10061] No connection could be made because the target machine actively refused it
2026-04-29 16:41:48,928 | ERROR | Ollama failed after 1 attempts; last error: [WinError 10061] No connection could be made because the target machine actively refused it
2026-04-29 16:41:49,523 | WARNING | Ollama connection error (attempt 1/1): [WinError 10061] No connection could be made because the target machine actively refused it
2026-04-29 16:41:49,523 | ERROR | Ollama failed after 1 attempts; last error: [WinError 10061] No connection could be made because the target machine actively refused it
2026-04-29 16:41:53,821 | WARNING | Ollama connection error (attempt 1/1): [WinError 10061] No connection could be made because the target machine actively refused it
2026-04-29 16:41:53,822 | ERROR | Ollama failed after 1 attempts; last error: [WinError 10061] No connection could be made because the target machine actively refused it
2026-04-29 16:41:53,916 | WARNING | Ollama connection error (attempt 1/1): [WinError 10061] No connection could be made because the target machine actively refused it
2026-04-29 16:41:53,916 | ERROR | Ollama failed after 1 attempts; last error: [WinError 10061] No connection could be made because the target machine actively refused it
2026-04-29 16:41:58,188 | WARNING | Ollama connection error (attempt 1/1): [WinError 10061] No connection could be made because the target machine actively refused it
2026-04-29 16:41:58,189 | ERROR | Ollama failed after 1 attempts; last error: [WinError 10061] No connection could be made because the target machine actively refused it
2026-04-29 16:41:58,313 | WARNING | Ollama connection error (attempt 1/1): [WinError 10061] No connection could be made because the target machine actively refused it
2026-04-29 16:41:58,313 | ERROR | Ollama failed after 1 attempts; last error: [WinError 10061] No connection could be made because the target machine actively refused it
2026-04-29 16:42:02,517 | WARNING | Ollama connection error (attempt 1/1): [WinError 10061] No connection could be made because the target machine actively refused it
2026-04-29 16:42:02,517 | ERROR | Ollama failed after 1 attempts; last error: [WinError 10061] No connection could be made because the target machine actively refused it
2026-04-29 16:42:03,080 | WARNING | Ollama connection error (attempt 1/1): [WinError 10061] No connection could be made because the target machine actively refused it
2026-04-29 16:42:03,080 | ERROR | Ollama failed after 1 attempts; last error: [WinError 10061] No connection could be made because the target machine actively refused it
2026-04-29 16:42:07,259 | WARNING | Ollama connection error (attempt 1/1): [WinError 10061] No connection could be made because the target machine actively refused it
2026-04-29 16:42:07,260 | ERROR | Ollama failed after 1 attempts; last error: [WinError 10061] No connection could be made because the target machine actively refused it
2026-04-29 16:42:07,416 | WARNING | Ollama connection error (attempt 1/1): [WinError 10061] No connection could be made because the target machine actively refused it
2026-04-29 16:42:07,416 | ERROR | Ollama failed after 1 attempts; last error: [WinError 10061] No connection could be made because the target machine actively refused it
2026-04-29 16:42:11,581 | WARNING | Ollama connection error (attempt 1/1): [WinError 10061] No connection could be made because the target machine actively refused it
2026-04-29 16:42:11,581 | ERROR | Ollama failed after 1 attempts; last error: [WinError 10061] No connection could be made because the target machine actively refused it
2026-04-29 16:42:11,784 | WARNING | Ollama connection error (attempt 1/1): [WinError 10061] No connection could be made because the target machine actively refused it
2026-04-29 16:42:11,785 | ERROR | Ollama failed after 1 attempts; last error: [WinError 10061] No connection could be made because the target machine actively refused it
2026-04-29 16:42:12,250 | INFO | lead_score | ref=Aman Verma score=18 tier=cold factors={'company_size': 0.0, 'job_role': 15.0, 'country': 0.0, 'website_availability': 10.0, 'email_availability': 0.0, 'platform_source': 14.0, 'industry_match': 0.0, 'budget_potential': 0.0, 'messages': {'company_size': 'No company size -> 0', 'job_role': 'Executive / founder role -> +15', 'country': 'No country / location -> 0', 'website_availability': 'Website URL present -> +10', 'email_availability': 'No email -> 0', 'platform_source': "Platform 'linkedin' -> +14", 'industry_match': 'No benchmark industry configured -> 0', 'budget_potential': 'No budget keywords -> 0', 'weighted_components': 'role=70.0, signals=0.0, data=55.0, ai=0.0'}, 'raw_total': 39.0}
2026-04-29 16:42:12,804 | INFO | weekly_engine start day=mon keyword=software location=
2026-04-29 16:42:12,822 | INFO | weekly_engine Startup ingestion done: saved={'created': 0, 'updated': 0, 'skipped': 0} enrich={'selected': 0, 'ok': 0, 'failed': 0, 'skipped': 0}
2026-04-29 16:42:13,372 | INFO | weekly_engine start day=fri keyword=software location=
2026-04-29 16:42:15,906 | WARNING | Ollama connection error (attempt 1/1): [WinError 10061] No connection could be made because the target machine actively refused it
2026-04-29 16:42:15,907 | ERROR | Ollama failed after 1 attempts; last error: [WinError 10061] No connection could be made because the target machine actively refused it
2026-04-29 16:42:18,103 | WARNING | Ollama connection error (attempt 1/1): [WinError 10061] No connection could be made because the target machine actively refused it
2026-04-29 16:42:18,104 | ERROR | Ollama failed after 1 attempts; last error: [WinError 10061] No connection could be made because the target machine actively refused it
2026-04-29 16:42:20,704 | WARNING | Ollama connection error (attempt 1/1): [WinError 10061] No connection could be made because the target machine actively refused it
2026-04-29 16:42:20,705 | ERROR | Ollama failed after 1 attempts; last error: [WinError 10061] No connection could be made because the target machine actively refused it
2026-04-29 16:42:22,430 | WARNING | Ollama connection error (attempt 1/1): [WinError 10061] No connection could be made because the target machine actively refused it
2026-04-29 16:42:22,430 | ERROR | Ollama failed after 1 attempts; last error: [WinError 10061] No connection could be made because the target machine actively refused it
2026-04-29 16:42:25,096 | WARNING | Ollama connection error (attempt 1/1): [WinError 10061] No connection could be made because the target machine actively refused it
2026-04-29 16:42:25,096 | ERROR | Ollama failed after 1 attempts; last error: [WinError 10061] No connection could be made because the target machine actively refused it
2026-04-29 16:42:26,723 | WARNING | Ollama connection error (attempt 1/1): [WinError 10061] No connection could be made because the target machine actively refused it
2026-04-29 16:42:26,724 | ERROR | Ollama failed after 1 attempts; last error: [WinError 10061] No connection could be made because the target machine actively refused it
2026-04-29 16:42:29,373 | WARNING | Ollama connection error (attempt 1/1): [WinError 10061] No connection could be made because the target machine actively refused it
2026-04-29 16:42:29,373 | ERROR | Ollama failed after 1 attempts; last error: [WinError 10061] No connection could be made because the target machine actively refused it
2026-04-29 16:42:31,630 | WARNING | Ollama connection error (attempt 1/1): [WinError 10061] No connection could be made because the target machine actively refused it
2026-04-29 16:42:31,630 | ERROR | Ollama failed after 1 attempts; last error: [WinError 10061] No connection could be made because the target machine actively refused it
2026-04-29 16:42:34,188 | WARNING | Ollama connection error (attempt 1/1): [WinError 10061] No connection could be made because the target machine actively refused it
2026-04-29 16:42:34,188 | ERROR | Ollama failed after 1 attempts; last error: [WinError 10061] No connection could be made because the target machine actively refused it
2026-04-29 16:42:35,950 | WARNING | Ollama connection error (attempt 1/1): [WinError 10061] No connection could be made because the target machine actively refused it
2026-04-29 16:42:35,950 | ERROR | Ollama failed after 1 attempts; last error: [WinError 10061] No connection could be made because the target machine actively refused it
2026-04-29 16:42:38,502 | WARNING | Ollama connection error (attempt 1/1): [WinError 10061] No connection could be made because the target machine actively refused it
2026-04-29 16:42:38,502 | ERROR | Ollama failed after 1 attempts; last error: [WinError 10061] No connection could be made because the target machine actively refused it
2026-04-29 16:42:40,299 | WARNING | Ollama connection error (attempt 1/1): [WinError 10061] No connection could be made because the target machine actively refused it
2026-04-29 16:42:40,299 | ERROR | Ollama failed after 1 attempts; last error: [WinError 10061] No connection could be made because the target machine actively refused it
2026-04-29 16:42:42,920 | WARNING | Ollama connection error (attempt 1/1): [WinError 10061] No connection could be made because the target machine actively refused it
2026-04-29 16:42:42,921 | ERROR | Ollama failed after 1 attempts; last error: [WinError 10061] No connection could be made because the target machine actively refused it
2026-04-29 16:42:45,258 | WARNING | Ollama connection error (attempt 1/1): [WinError 10061] No connection could be made because the target machine actively refused it
2026-04-29 16:42:45,258 | ERROR | Ollama failed after 1 attempts; last error: [WinError 10061] No connection could be made because the target machine actively refused it
2026-04-29 16:42:47,768 | WARNING | Ollama connection error (attempt 1/1): [WinError 10061] No connection could be made because the target machine actively refused it
2026-04-29 16:42:47,768 | ERROR | Ollama failed after 1 attempts; last error: [WinError 10061] No connection could be made because the target machine actively refused it
2026-04-29 16:42:49,577 | WARNING | Ollama connection error (attempt 1/1): [WinError 10061] No connection could be made because the target machine actively refused it
2026-04-29 16:42:49,577 | ERROR | Ollama failed after 1 attempts; last error: [WinError 10061] No connection could be made because the target machine actively refused it
2026-04-29 16:42:52,291 | WARNING | Ollama connection error (attempt 1/1): [WinError 10061] No connection could be made because the target machine actively refused it
2026-04-29 16:42:52,291 | ERROR | Ollama failed after 1 attempts; last error: [WinError 10061] No connection could be made because the target machine actively refused it
2026-04-29 16:42:53,831 | WARNING | Ollama connection error (attempt 1/1): [WinError 10061] No connection could be made because the target machine actively refused it
2026-04-29 16:42:53,831 | ERROR | Ollama failed after 1 attempts; last error: [WinError 10061] No connection could be made because the target machine actively refused it
2026-04-29 16:42:56,696 | WARNING | Ollama connection error (attempt 1/1): [WinError 10061] No connection could be made because the target machine actively refused it
2026-04-29 16:42:56,697 | ERROR | Ollama failed after 1 attempts; last error: [WinError 10061] No connection could be made because the target machine actively refused it
2026-04-29 16:42:58,662 | WARNING | Ollama connection error (attempt 1/1): [WinError 10061] No connection could be made because the target machine actively refused it
2026-04-29 16:42:58,662 | ERROR | Ollama failed after 1 attempts; last error: [WinError 10061] No connection could be made because the target machine actively refused it
2026-04-29 16:43:01,417 | WARNING | Ollama connection error (attempt 1/1): [WinError 10061] No connection could be made because the target machine actively refused it
2026-04-29 16:43:01,417 | ERROR | Ollama failed after 1 attempts; last error: [WinError 10061] No connection could be made because the target machine actively refused it
2026-04-29 16:43:03,185 | WARNING | Ollama connection error (attempt 1/1): [WinError 10061] No connection could be made because the target machine actively refused it
2026-04-29 16:43:03,185 | ERROR | Ollama failed after 1 attempts; last error: [WinError 10061] No connection could be made because the target machine actively refused it
2026-04-29 16:43:05,760 | WARNING | Ollama connection error (attempt 1/1): [WinError 10061] No connection could be made because the target machine actively refused it
2026-04-29 16:43:05,760 | ERROR | Ollama failed after 1 attempts; last error: [WinError 10061] No connection could be made because the target machine actively refused it
2026-04-29 16:43:07,510 | WARNING | Ollama connection error (attempt 1/1): [WinError 10061] No connection could be made because the target machine actively refused it
2026-04-29 16:43:07,510 | ERROR | Ollama failed after 1 attempts; last error: [WinError 10061] No connection could be made because the target machine actively refused it
2026-04-29 16:43:10,120 | WARNING | Ollama connection error (attempt 1/1): [WinError 10061] No connection could be made because the target machine actively refused it
2026-04-29 16:43:10,121 | ERROR | Ollama failed after 1 attempts; last error: [WinError 10061] No connection could be made because the target machine actively refused it
2026-04-29 16:43:12,317 | WARNING | Ollama connection error (attempt 1/1): [WinError 10061] No connection could be made because the target machine actively refused it
2026-04-29 16:43:12,318 | ERROR | Ollama failed after 1 attempts; last error: [WinError 10061] No connection could be made because the target machine actively refused it
2026-04-29 16:43:15,051 | WARNING | Ollama connection error (attempt 1/1): [WinError 10061] No connection could be made because the target machine actively refused it
2026-04-29 16:43:15,051 | ERROR | Ollama failed after 1 attempts; last error: [WinError 10061] No connection could be made because the target machine actively refused it
2026-04-29 16:43:16,753 | WARNING | Ollama connection error (attempt 1/1): [WinError 10061] No connection could be made because the target machine actively refused it
2026-04-29 16:43:16,753 | ERROR | Ollama failed after 1 attempts; last error: [WinError 10061] No connection could be made because the target machine actively refused it
2026-04-29 16:43:19,358 | WARNING | Ollama connection error (attempt 1/1): [WinError 10061] No connection could be made because the target machine actively refused it
2026-04-29 16:43:19,358 | ERROR | Ollama failed after 1 attempts; last error: [WinError 10061] No connection could be made because the target machine actively refused it
2026-04-29 16:43:21,109 | WARNING | Ollama connection error (attempt 1/1): [WinError 10061] No connection could be made because the target machine actively refused it
2026-04-29 16:43:21,109 | ERROR | Ollama failed after 1 attempts; last error: [WinError 10061] No connection could be made because the target machine actively refused it
2026-04-29 16:43:23,726 | WARNING | Ollama connection error (attempt 1/1): [WinError 10061] No connection could be made because the target machine actively refused it
2026-04-29 16:43:23,726 | ERROR | Ollama failed after 1 attempts; last error: [WinError 10061] No connection could be made because the target machine actively refused it
2026-04-29 16:43:23,794 | INFO | weekly_engine start day=sat keyword=software location=
2026-04-29 16:43:23,807 | INFO | lead_score | ref=Ravi Kumar score=22 tier=cold factors={'company_size': 0.0, 'job_role': 15.0, 'country': 0.0, 'website_availability': 10.0, 'email_availability': 0.0, 'platform_source': 14.0, 'industry_match': 0.0, 'budget_potential': 0.0, 'messages': {'company_size': 'No company size -> 0', 'job_role': 'Executive / founder role -> +15', 'country': 'No country / location -> 0', 'website_availability': 'Website URL present -> +10', 'email_availability': 'No email -> 0', 'platform_source': "Platform 'linkedin' -> +14", 'industry_match': 'No benchmark industry configured -> 0', 'budget_potential': 'No budget keywords -> 0'}, 'raw_total': 39.0}
2026-04-29 16:43:23,815 | INFO | weekly_engine saturday prepared candidates=11
2026-04-29 16:43:24,196 | INFO | weekly_engine start day=sun keyword=software location=
2026-04-29 16:43:24,204 | INFO | weekly_engine sunday cleanup/report: {'total_companies': 11, 'total_leads': 7, 'hot_leads': 0, 'enriched_total': 11, 'high_priority_companies': 11, 'trimmed_content_rows': 0, 'report_file': 'sessions\\weekly_reports\\weekly_report_20260429.json'}
2026-04-29 16:43:25,849 | WARNING | Ollama connection error (attempt 1/1): [WinError 10061] No connection could be made because the target machine actively refused it
2026-04-29 16:43:25,850 | ERROR | Ollama failed after 1 attempts; last error: [WinError 10061] No connection could be made because the target machine actively refused it
2026-04-29 16:43:30,196 | WARNING | Ollama connection error (attempt 1/1): [WinError 10061] No connection could be made because the target machine actively refused it
2026-04-29 16:43:30,196 | ERROR | Ollama failed after 1 attempts; last error: [WinError 10061] No connection could be made because the target machine actively refused it
2026-04-29 16:43:34,624 | WARNING | Ollama connection error (attempt 1/1): [WinError 10061] No connection could be made because the target machine actively refused it
2026-04-29 16:43:34,624 | ERROR | Ollama failed after 1 attempts; last error: [WinError 10061] No connection could be made because the target machine actively refused it
2026-04-29 16:43:39,493 | WARNING | Ollama connection error (attempt 1/1): [WinError 10061] No connection could be made because the target machine actively refused it
2026-04-29 16:43:39,493 | ERROR | Ollama failed after 1 attempts; last error: [WinError 10061] No connection could be made because the target machine actively refused it
2026-04-29 16:43:43,802 | WARNING | Ollama connection error (attempt 1/1): [WinError 10061] No connection could be made because the target machine actively refused it
2026-04-29 16:43:43,802 | ERROR | Ollama failed after 1 attempts; last error: [WinError 10061] No connection could be made because the target machine actively refused it
2026-04-29 16:43:48,144 | WARNING | Ollama connection error (attempt 1/1): [WinError 10061] No connection could be made because the target machine actively refused it
2026-04-29 16:43:48,144 | ERROR | Ollama failed after 1 attempts; last error: [WinError 10061] No connection could be made because the target machine actively refused it
2026-04-29 16:43:52,973 | WARNING | Ollama connection error (attempt 1/1): [WinError 10061] No connection could be made because the target machine actively refused it
2026-04-29 16:43:52,973 | ERROR | Ollama failed after 1 attempts; last error: [WinError 10061] No connection could be made because the target machine actively refused it
2026-04-29 16:43:57,350 | WARNING | Ollama connection error (attempt 1/1): [WinError 10061] No connection could be made because the target machine actively refused it
2026-04-29 16:43:57,350 | ERROR | Ollama failed after 1 attempts; last error: [WinError 10061] No connection could be made because the target machine actively refused it
2026-04-29 16:44:01,857 | WARNING | Ollama connection error (attempt 1/1): [WinError 10061] No connection could be made because the target machine actively refused it
2026-04-29 16:44:01,858 | ERROR | Ollama failed after 1 attempts; last error: [WinError 10061] No connection could be made because the target machine actively refused it
2026-04-29 16:44:06,607 | WARNING | Ollama connection error (attempt 1/1): [WinError 10061] No connection could be made because the target machine actively refused it
2026-04-29 16:44:06,607 | ERROR | Ollama failed after 1 attempts; last error: [WinError 10061] No connection could be made because the target machine actively refused it
2026-04-29 16:44:11,035 | WARNING | Ollama connection error (attempt 1/1): [WinError 10061] No connection could be made because the target machine actively refused it
2026-04-29 16:44:11,035 | ERROR | Ollama failed after 1 attempts; last error: [WinError 10061] No connection could be made because the target machine actively refused it
2026-04-29 16:44:15,345 | WARNING | Ollama connection error (attempt 1/1): [WinError 10061] No connection could be made because the target machine actively refused it
2026-04-29 16:44:15,346 | ERROR | Ollama failed after 1 attempts; last error: [WinError 10061] No connection could be made because the target machine actively refused it
2026-04-29 16:44:20,165 | WARNING | Ollama connection error (attempt 1/1): [WinError 10061] No connection could be made because the target machine actively refused it
2026-04-29 16:44:20,165 | ERROR | Ollama failed after 1 attempts; last error: [WinError 10061] No connection could be made because the target machine actively refused it
2026-04-29 16:44:24,555 | WARNING | Ollama connection error (attempt 1/1): [WinError 10061] No connection could be made because the target machine actively refused it
2026-04-29 16:44:24,555 | ERROR | Ollama failed after 1 attempts; last error: [WinError 10061] No connection could be made because the target machine actively refused it
2026-04-29 16:44:28,959 | WARNING | Ollama connection error (attempt 1/1): [WinError 10061] No connection could be made because the target machine actively refused it
2026-04-29 16:44:28,959 | ERROR | Ollama failed after 1 attempts; last error: [WinError 10061] No connection could be made because the target machine actively refused it
2026-04-29 16:44:33,707 | WARNING | Ollama connection error (attempt 1/1): [WinError 10061] No connection could be made because the target machine actively refused it
2026-04-29 16:44:33,708 | ERROR | Ollama failed after 1 attempts; last error: [WinError 10061] No connection could be made because the target machine actively refused it
2026-04-29 16:44:38,055 | WARNING | Ollama connection error (attempt 1/1): [WinError 10061] No connection could be made because the target machine actively refused it
2026-04-29 16:44:38,056 | ERROR | Ollama failed after 1 attempts; last error: [WinError 10061] No connection could be made because the target machine actively refused it
2026-04-29 16:44:42,353 | WARNING | Ollama connection error (attempt 1/1): [WinError 10061] No connection could be made because the target machine actively refused it
2026-04-29 16:44:42,353 | ERROR | Ollama failed after 1 attempts; last error: [WinError 10061] No connection could be made because the target machine actively refused it
2026-04-29 16:44:47,117 | WARNING | Ollama connection error (attempt 1/1): [WinError 10061] No connection could be made because the target machine actively refused it
2026-04-29 16:44:47,117 | ERROR | Ollama failed after 1 attempts; last error: [WinError 10061] No connection could be made because the target machine actively refused it
2026-04-29 16:44:51,548 | WARNING | Ollama connection error (attempt 1/1): [WinError 10061] No connection could be made because the target machine actively refused it
2026-04-29 16:44:51,548 | ERROR | Ollama failed after 1 attempts; last error: [WinError 10061] No connection could be made because the target machine actively refused it
2026-04-29 16:44:56,103 | WARNING | Ollama connection error (attempt 1/1): [WinError 10061] No connection could be made because the target machine actively refused it
2026-04-29 16:44:56,103 | ERROR | Ollama failed after 1 attempts; last error: [WinError 10061] No connection could be made because the target machine actively refused it
2026-04-29 16:45:00,893 | WARNING | Ollama connection error (attempt 1/1): [WinError 10061] No connection could be made because the target machine actively refused it
2026-04-29 16:45:00,893 | ERROR | Ollama failed after 1 attempts; last error: [WinError 10061] No connection could be made because the target machine actively refused it
2026-04-29 16:45:05,198 | WARNING | Ollama connection error (attempt 1/1): [WinError 10061] No connection could be made because the target machine actively refused it
2026-04-29 16:45:05,198 | ERROR | Ollama failed after 1 attempts; last error: [WinError 10061] No connection could be made because the target machine actively refused it
2026-04-29 16:45:09,562 | WARNING | Ollama connection error (attempt 1/1): [WinError 10061] No connection could be made because the target machine actively refused it
2026-04-29 16:45:09,563 | ERROR | Ollama failed after 1 attempts; last error: [WinError 10061] No connection could be made because the target machine actively refused it
2026-04-29 16:45:14,410 | WARNING | Ollama connection error (attempt 1/1): [WinError 10061] No connection could be made because the target machine actively refused it
2026-04-29 16:45:14,411 | ERROR | Ollama failed after 1 attempts; last error: [WinError 10061] No connection could be made because the target machine actively refused it
2026-04-29 16:45:18,727 | WARNING | Ollama connection error (attempt 1/1): [WinError 10061] No connection could be made because the target machine actively refused it
2026-04-29 16:45:18,728 | ERROR | Ollama failed after 1 attempts; last error: [WinError 10061] No connection could be made because the target machine actively refused it
2026-04-29 16:45:23,014 | WARNING | Ollama connection error (attempt 1/1): [WinError 10061] No connection could be made because the target machine actively refused it
2026-04-29 16:45:23,015 | ERROR | Ollama failed after 1 attempts; last error: [WinError 10061] No connection could be made because the target machine actively refused it
2026-04-29 16:45:28,030 | WARNING | Ollama connection error (attempt 1/1): [WinError 10061] No connection could be made because the target machine actively refused it
2026-04-29 16:45:28,030 | ERROR | Ollama failed after 1 attempts; last error: [WinError 10061] No connection could be made because the target machine actively refused it
2026-04-29 16:45:28,770 | INFO | weekly_engine start day=sun keyword=software location=
2026-04-29 16:45:28,782 | INFO | weekly_engine sunday cleanup/report: {'total_companies': 0, 'total_leads': 0, 'hot_leads': 0, 'enriched_total': 0, 'high_priority_companies': 0, 'trimmed_content_rows': 0, 'report_file': 'sessions\\weekly_reports\\weekly_report_20260429.json'}
2026-04-29 16:45:29,577 | WARNING | Ollama connection error (attempt 1/1): [WinError 10061] No connection could be made because the target machine actively refused it
2026-04-29 16:45:29,578 | ERROR | Ollama failed after 1 attempts; last error: [WinError 10061] No connection could be made because the target machine actively refused it
2026-04-29 16:45:30,087 | INFO | weekly_engine start day=sun keyword=software location=
2026-04-29 16:45:30,091 | INFO | weekly_engine sunday cleanup/report: {'total_companies': 0, 'total_leads': 0, 'hot_leads': 0, 'enriched_total': 0, 'high_priority_companies': 0, 'trimmed_content_rows': 0, 'report_file': 'sessions\\weekly_reports\\weekly_report_20260429.json'}
2026-04-29 16:45:32,513 | WARNING | Ollama connection error (attempt 1/1): [WinError 10061] No connection could be made because the target machine actively refused it
2026-04-29 16:45:32,513 | ERROR | Ollama failed after 1 attempts; last error: [WinError 10061] No connection could be made because the target machine actively refused it
2026-04-29 16:45:33,981 | WARNING | Ollama connection error (attempt 1/1): [WinError 10061] No connection could be made because the target machine actively refused it
2026-04-29 16:45:33,981 | ERROR | Ollama failed after 1 attempts; last error: [WinError 10061] No connection could be made because the target machine actively refused it
2026-04-29 16:45:36,890 | WARNING | Ollama connection error (attempt 1/1): [WinError 10061] No connection could be made because the target machine actively refused it
2026-04-29 16:45:36,890 | ERROR | Ollama failed after 1 attempts; last error: [WinError 10061] No connection could be made because the target machine actively refused it
2026-04-29 16:45:36,914 | INFO | weekly_engine start day=sat keyword=software location=
2026-04-29 16:45:36,923 | INFO | lead_score | ref=Ravi Kumar score=18 tier=cold factors={'company_size': 0.0, 'job_role': 15.0, 'country': 0.0, 'website_availability': 10.0, 'email_availability': 0.0, 'platform_source': 14.0, 'industry_match': 0.0, 'budget_potential': 0.0, 'messages': {'company_size': 'No company size -> 0', 'job_role': 'Executive / founder role -> +15', 'country': 'No country / location -> 0', 'website_availability': 'Website URL present -> +10', 'email_availability': 'No email -> 0', 'platform_source': "Platform 'linkedin' -> +14", 'industry_match': 'No benchmark industry configured -> 0', 'budget_potential': 'No budget keywords -> 0', 'weighted_components': 'role=70.0, signals=0.0, data=55.0, ai=0.0'}, 'raw_total': 39.0}
2026-04-29 16:45:36,934 | INFO | weekly_engine saturday prepared candidates=15
2026-04-29 16:45:37,391 | INFO | weekly_engine start day=sun keyword=software location=
2026-04-29 16:45:37,414 | INFO | weekly_engine sunday cleanup/report: {'total_companies': 15, 'total_leads': 7, 'hot_leads': 0, 'enriched_total': 15, 'high_priority_companies': 15, 'trimmed_content_rows': 0, 'report_file': 'sessions\\weekly_reports\\weekly_report_20260429.json'}
2026-04-29 16:45:38,325 | WARNING | Ollama connection error (attempt 1/1): [WinError 10061] No connection could be made because the target machine actively refused it
2026-04-29 16:45:38,326 | ERROR | Ollama failed after 1 attempts; last error: [WinError 10061] No connection could be made because the target machine actively refused it
2026-04-29 16:45:38,365 | INFO | weekly_engine start day=sat keyword=software location=
2026-04-29 16:45:38,374 | INFO | lead_score | ref=Loop Founder score=33 tier=cold factors={'company_size': 0.0, 'job_role': 15.0, 'country': 0.0, 'website_availability': 10.0, 'email_availability': 0.0, 'platform_source': 14.0, 'industry_match': 0.0, 'budget_potential': 0.0, 'messages': {'company_size': 'No company size -> 0', 'job_role': 'Executive / founder role -> +15', 'country': 'No country / location -> 0', 'website_availability': 'Website URL present -> +10', 'email_availability': 'No email -> 0', 'platform_source': "Platform 'linkedin' -> +14", 'industry_match': 'No benchmark industry configured -> 0', 'budget_potential': 'No budget keywords -> 0', 'weighted_components': 'role=70.0, signals=0.0, data=55.0, ai=0.0'}, 'raw_total': 39.0}
2026-04-29 16:45:38,384 | INFO | weekly_engine saturday prepared candidates=1
2026-04-29 16:45:38,985 | INFO | lead_score | ref=4581244a-966a-496f-a2b1-87b26ea1d6f0 score=33 tier=cold factors={'company_size': 0.0, 'job_role': 15.0, 'country': 0.0, 'website_availability': 10.0, 'email_availability': 0.0, 'platform_source': 14.0, 'industry_match': 0.0, 'budget_potential': 0.0, 'messages': {'company_size': 'No company size -> 0', 'job_role': 'Executive / founder role -> +15', 'country': 'No country / location -> 0', 'website_availability': 'Website URL present -> +10', 'email_availability': 'No email -> 0', 'platform_source': "Platform 'linkedin' -> +14", 'industry_match': 'No benchmark industry configured -> 0', 'budget_potential': 'No budget keywords -> 0', 'weighted_components': 'role=70.0, signals=0.0, data=55.0, ai=0.0'}, 'raw_total': 39.0}
2026-04-29 17:04:47,932 | INFO | enrichment.start company_id=1 domain=acme.com
2026-04-29 17:04:47,951 | INFO | ai.qualification.generated company_id=1 provider=fallback score=75
2026-04-29 17:04:47,964 | INFO | scoring.done company_id=1 score=72.1 priority=Warm fetch_ok=1
2026-04-29 17:04:47,990 | INFO | enrichment.start company_id=3 domain=blank.dev
2026-04-29 17:04:47,992 | INFO | enrichment.skip company_id=3 reason=missing_website
2026-04-29 17:04:48,393 | INFO | enrichment.start company_id=2 domain=nosite.dev
2026-04-29 17:04:48,979 | INFO | ai.qualification.generated company_id=2 provider=fallback score=75
2026-04-29 17:04:48,987 | INFO | scoring.done company_id=2 score=44.4 priority=Cold fetch_ok=0
2026-04-29 17:04:49,388 | INFO | enrichment.start company_id=1 domain=acme.com
2026-04-29 17:04:50,955 | INFO | ai.qualification.generated company_id=1 provider=fallback score=75
2026-04-29 17:04:50,966 | INFO | scoring.done company_id=1 score=44.4 priority=Cold fetch_ok=0
2026-04-29 17:04:50,982 | INFO | enrichment.start company_id=4 domain=noai.dev
2026-04-29 17:04:51,001 | INFO | ai.qualification.generated company_id=4 provider=fallback score=75
2026-04-29 17:04:51,009 | INFO | scoring.done company_id=4 score=56.4 priority=Warm fetch_ok=1
2026-04-29 17:04:51,025 | INFO | enrichment.start company_id=5 domain=cache.dev
2026-04-29 17:04:51,040 | INFO | ai.qualification.generated company_id=5 provider=external_api score=77
2026-04-29 17:04:51,048 | INFO | scoring.done company_id=5 score=76.0 priority=Warm fetch_ok=1
2026-04-29 17:04:51,048 | INFO | enrichment.start company_id=5 domain=cache.dev
2026-04-29 17:04:51,060 | INFO | ai.qualification.cache_hit company_id=5
2026-04-29 17:04:51,065 | INFO | scoring.done company_id=5 score=76.0 priority=Warm fetch_ok=1
2026-04-29 17:04:51,076 | INFO | enrichment.start company_id=6 domain=retry.dev
2026-04-29 17:04:55,762 | WARNING | Ollama connection error (attempt 1/1): [WinError 10061] No connection could be made because the target machine actively refused it
2026-04-29 17:04:55,763 | ERROR | Ollama failed after 1 attempts; last error: [WinError 10061] No connection could be made because the target machine actively refused it
2026-04-29 17:05:00,169 | WARNING | Ollama connection error (attempt 1/1): [WinError 10061] No connection could be made because the target machine actively refused it
2026-04-29 17:05:00,169 | ERROR | Ollama failed after 1 attempts; last error: [WinError 10061] No connection could be made because the target machine actively refused it
2026-04-29 17:05:04,513 | WARNING | Ollama connection error (attempt 1/1): [WinError 10061] No connection could be made because the target machine actively refused it
2026-04-29 17:05:04,513 | ERROR | Ollama failed after 1 attempts; last error: [WinError 10061] No connection could be made because the target machine actively refused it
2026-04-29 17:05:04,513 | INFO | ai.qualification.generated company_id=6 provider=fallback score=65
2026-04-29 17:05:04,522 | INFO | scoring.done company_id=6 score=50.9 priority=Warm fetch_ok=1
2026-04-29 17:05:04,765 | INFO | ingestion.multi_source.start sources=['yc', 'job_board'] delay=0.5
2026-04-29 17:05:04,765 | INFO | ingestion.source.start source=yc index=1/2
2026-04-29 17:05:04,766 | INFO | ingestion.source.done source=yc candidates=2 created=2 updated=0 skipped=0
2026-04-29 17:05:04,766 | INFO | ingestion.source.start source=job_board index=2/2
2026-04-29 17:05:04,766 | INFO | ingestion.source.done source=job_board candidates=3 created=1 updated=1 skipped=1
2026-04-29 17:05:04,766 | INFO | ingestion.multi_source.done total_sources=2 failed_sources=0 total_created=3 total_updated=1 total_skipped=1
2026-04-29 17:05:28,760 | INFO | enrichment.start company_id=1 domain=acme.com
2026-04-29 17:05:28,782 | INFO | ai.qualification.generated company_id=1 provider=fallback score=75
2026-04-29 17:05:28,794 | INFO | scoring.done company_id=1 score=72.1 priority=Warm fetch_ok=1
2026-04-29 17:05:28,814 | INFO | enrichment.start company_id=3 domain=blank.dev
2026-04-29 17:05:28,816 | INFO | enrichment.skip company_id=3 reason=missing_website
2026-04-29 17:05:29,216 | INFO | enrichment.start company_id=2 domain=nosite.dev
2026-04-29 17:05:29,880 | INFO | ai.qualification.generated company_id=2 provider=fallback score=75
2026-04-29 17:05:29,887 | INFO | scoring.done company_id=2 score=44.4 priority=Cold fetch_ok=0
2026-04-29 17:05:30,290 | INFO | enrichment.start company_id=1 domain=acme.com
2026-04-29 17:05:31,323 | INFO | ai.qualification.generated company_id=1 provider=fallback score=75
2026-04-29 17:05:31,330 | INFO | scoring.done company_id=1 score=44.4 priority=Cold fetch_ok=0
2026-04-29 17:05:31,340 | INFO | enrichment.start company_id=4 domain=noai.dev
2026-04-29 17:05:31,349 | INFO | ai.qualification.generated company_id=4 provider=fallback score=75
2026-04-29 17:05:31,353 | INFO | scoring.done company_id=4 score=56.4 priority=Warm fetch_ok=1
2026-04-29 17:05:31,364 | INFO | enrichment.start company_id=5 domain=cache.dev
2026-04-29 17:05:31,373 | INFO | ai.qualification.generated company_id=5 provider=external_api score=77
2026-04-29 17:05:31,378 | INFO | scoring.done company_id=5 score=76.0 priority=Warm fetch_ok=1
2026-04-29 17:05:31,378 | INFO | enrichment.start company_id=5 domain=cache.dev
2026-04-29 17:05:31,383 | INFO | ai.qualification.cache_hit company_id=5
2026-04-29 17:05:31,387 | INFO | scoring.done company_id=5 score=76.0 priority=Warm fetch_ok=1
2026-04-29 17:05:31,399 | INFO | enrichment.start company_id=6 domain=retry.dev
2026-04-29 17:05:35,889 | WARNING | Ollama connection error (attempt 1/1): [WinError 10061] No connection could be made because the target machine actively refused it
2026-04-29 17:05:35,890 | ERROR | Ollama failed after 1 attempts; last error: [WinError 10061] No connection could be made because the target machine actively refused it
2026-04-29 17:05:40,227 | WARNING | Ollama connection error (attempt 1/1): [WinError 10061] No connection could be made because the target machine actively refused it
2026-04-29 17:05:40,227 | ERROR | Ollama failed after 1 attempts; last error: [WinError 10061] No connection could be made because the target machine actively refused it
2026-04-29 17:05:44,564 | WARNING | Ollama connection error (attempt 1/1): [WinError 10061] No connection could be made because the target machine actively refused it
2026-04-29 17:05:44,564 | ERROR | Ollama failed after 1 attempts; last error: [WinError 10061] No connection could be made because the target machine actively refused it
2026-04-29 17:05:44,564 | INFO | ai.qualification.generated company_id=6 provider=fallback score=65
2026-04-29 17:05:44,570 | INFO | scoring.done company_id=6 score=50.9 priority=Warm fetch_ok=1
2026-04-29 17:05:44,794 | INFO | ingestion.multi_source.start sources=['yc', 'job_board'] delay=0.5
2026-04-29 17:05:44,794 | INFO | ingestion.source.start source=yc index=1/2
2026-04-29 17:05:44,794 | INFO | ingestion.source.done source=yc candidates=2 created=2 updated=0 skipped=0
2026-04-29 17:05:44,795 | INFO | ingestion.source.start source=job_board index=2/2
2026-04-29 17:05:44,795 | INFO | ingestion.source.done source=job_board candidates=3 created=1 updated=1 skipped=1
2026-04-29 17:05:44,795 | INFO | ingestion.multi_source.done total_sources=2 failed_sources=0 total_created=3 total_updated=1 total_skipped=1
2026-04-29 17:06:05,683 | INFO | enrichment.start company_id=1 domain=acme.com
2026-04-29 17:06:05,707 | INFO | ai.qualification.generated company_id=1 provider=fallback score=75
2026-04-29 17:06:05,720 | INFO | scoring.done company_id=1 score=72.1 priority=Warm fetch_ok=1
2026-04-29 17:06:05,737 | INFO | enrichment.start company_id=3 domain=blank.dev
2026-04-29 17:06:05,740 | INFO | enrichment.skip company_id=3 reason=missing_website
2026-04-29 17:06:06,141 | INFO | enrichment.start company_id=2 domain=nosite.dev
2026-04-29 17:06:06,494 | INFO | ai.qualification.generated company_id=2 provider=fallback score=75
2026-04-29 17:06:06,499 | INFO | scoring.done company_id=2 score=44.4 priority=Cold fetch_ok=0
2026-04-29 17:06:06,899 | INFO | enrichment.start company_id=1 domain=acme.com
2026-04-29 17:06:07,770 | INFO | ai.qualification.generated company_id=1 provider=fallback score=75
2026-04-29 17:06:07,776 | INFO | scoring.done company_id=1 score=44.4 priority=Cold fetch_ok=0
2026-04-29 17:06:07,785 | INFO | enrichment.start company_id=4 domain=noai.dev
2026-04-29 17:06:07,794 | INFO | ai.qualification.generated company_id=4 provider=fallback score=75
2026-04-29 17:06:07,797 | INFO | scoring.done company_id=4 score=56.4 priority=Warm fetch_ok=1
2026-04-29 17:06:07,808 | INFO | enrichment.start company_id=5 domain=cache.dev
2026-04-29 17:06:07,816 | INFO | ai.qualification.generated company_id=5 provider=external_api score=77
2026-04-29 17:06:07,820 | INFO | scoring.done company_id=5 score=76.0 priority=Warm fetch_ok=1
2026-04-29 17:06:07,820 | INFO | enrichment.start company_id=5 domain=cache.dev
2026-04-29 17:06:07,827 | INFO | ai.qualification.cache_hit company_id=5
2026-04-29 17:06:07,830 | INFO | scoring.done company_id=5 score=76.0 priority=Warm fetch_ok=1
2026-04-29 17:06:07,840 | INFO | enrichment.start company_id=6 domain=retry.dev
2026-04-29 17:06:12,182 | WARNING | Ollama connection error (attempt 1/1): [WinError 10061] No connection could be made because the target machine actively refused it
2026-04-29 17:06:12,182 | ERROR | Ollama failed after 1 attempts; last error: [WinError 10061] No connection could be made because the target machine actively refused it
2026-04-29 17:06:16,497 | WARNING | Ollama connection error (attempt 1/1): [WinError 10061] No connection could be made because the target machine actively refused it
2026-04-29 17:06:16,497 | ERROR | Ollama failed after 1 attempts; last error: [WinError 10061] No connection could be made because the target machine actively refused it
2026-04-29 17:06:20,810 | WARNING | Ollama connection error (attempt 1/1): [WinError 10061] No connection could be made because the target machine actively refused it
2026-04-29 17:06:20,811 | ERROR | Ollama failed after 1 attempts; last error: [WinError 10061] No connection could be made because the target machine actively refused it
2026-04-29 17:06:20,811 | INFO | ai.qualification.generated company_id=6 provider=fallback score=65
2026-04-29 17:06:20,815 | INFO | scoring.done company_id=6 score=50.9 priority=Warm fetch_ok=1
2026-04-29 17:06:21,037 | INFO | ingestion.multi_source.start sources=['yc', 'job_board'] delay=0.5
2026-04-29 17:06:21,037 | INFO | ingestion.source.start source=yc index=1/2
2026-04-29 17:06:21,037 | INFO | ingestion.source.done source=yc candidates=2 created=2 updated=0 skipped=0
2026-04-29 17:06:21,038 | INFO | ingestion.source.start source=job_board index=2/2
2026-04-29 17:06:21,038 | INFO | ingestion.source.done source=job_board candidates=3 created=1 updated=1 skipped=1
2026-04-29 17:06:21,038 | INFO | ingestion.multi_source.done total_sources=2 failed_sources=0 total_created=3 total_updated=1 total_skipped=1
2026-04-29 17:07:12,130 | INFO | enrichment.start company_id=1 domain=acme.com
2026-04-29 17:07:12,143 | INFO | ai.qualification.generated company_id=1 provider=fallback score=75
2026-04-29 17:07:12,151 | INFO | scoring.done company_id=1 score=72.1 priority=Warm fetch_ok=1
2026-04-29 17:07:12,168 | INFO | enrichment.start company_id=3 domain=blank.dev
2026-04-29 17:07:12,169 | INFO | enrichment.skip company_id=3 reason=missing_website
2026-04-29 17:07:12,570 | INFO | enrichment.start company_id=2 domain=nosite.dev
2026-04-29 17:07:12,905 | INFO | ai.qualification.generated company_id=2 provider=fallback score=75
2026-04-29 17:07:12,909 | INFO | scoring.done company_id=2 score=44.4 priority=Cold fetch_ok=0
2026-04-29 17:07:13,309 | INFO | enrichment.start company_id=1 domain=acme.com
2026-04-29 17:07:14,122 | INFO | ai.qualification.generated company_id=1 provider=fallback score=75
2026-04-29 17:07:14,127 | INFO | scoring.done company_id=1 score=44.4 priority=Cold fetch_ok=0
2026-04-29 17:07:14,141 | INFO | enrichment.start company_id=4 domain=noai.dev
2026-04-29 17:07:14,150 | INFO | ai.qualification.generated company_id=4 provider=fallback score=75
2026-04-29 17:07:14,154 | INFO | scoring.done company_id=4 score=56.4 priority=Warm fetch_ok=1
2026-04-29 17:07:14,165 | INFO | enrichment.start company_id=5 domain=cache.dev
2026-04-29 17:07:14,173 | INFO | ai.qualification.generated company_id=5 provider=external_api score=77
2026-04-29 17:07:14,176 | INFO | scoring.done company_id=5 score=76.0 priority=Warm fetch_ok=1
2026-04-29 17:07:14,177 | INFO | enrichment.start company_id=5 domain=cache.dev
2026-04-29 17:07:14,183 | INFO | ai.qualification.cache_hit company_id=5
2026-04-29 17:07:14,186 | INFO | scoring.done company_id=5 score=76.0 priority=Warm fetch_ok=1
2026-04-29 17:07:14,196 | INFO | enrichment.start company_id=6 domain=retry.dev
2026-04-29 17:07:18,585 | WARNING | Ollama connection error (attempt 1/1): [WinError 10061] No connection could be made because the target machine actively refused it
2026-04-29 17:07:18,585 | ERROR | Ollama failed after 1 attempts; last error: [WinError 10061] No connection could be made because the target machine actively refused it
2026-04-29 17:07:23,119 | WARNING | Ollama connection error (attempt 1/1): [WinError 10061] No connection could be made because the target machine actively refused it
2026-04-29 17:07:23,120 | ERROR | Ollama failed after 1 attempts; last error: [WinError 10061] No connection could be made because the target machine actively refused it
2026-04-29 17:07:27,507 | WARNING | Ollama connection error (attempt 1/1): [WinError 10061] No connection could be made because the target machine actively refused it
2026-04-29 17:07:27,508 | ERROR | Ollama failed after 1 attempts; last error: [WinError 10061] No connection could be made because the target machine actively refused it
2026-04-29 17:07:27,508 | INFO | ai.qualification.generated company_id=6 provider=fallback score=65
2026-04-29 17:07:27,521 | INFO | scoring.done company_id=6 score=50.9 priority=Warm fetch_ok=1
2026-04-29 17:07:27,755 | INFO | ingestion.multi_source.start sources=['yc', 'job_board'] delay=0.5
2026-04-29 17:07:27,755 | INFO | ingestion.source.start source=yc index=1/2
2026-04-29 17:07:27,755 | INFO | ingestion.source.done source=yc candidates=2 created=2 updated=0 skipped=0
2026-04-29 17:07:27,755 | INFO | ingestion.source.start source=job_board index=2/2
2026-04-29 17:07:27,755 | INFO | ingestion.source.done source=job_board candidates=3 created=1 updated=1 skipped=1
2026-04-29 17:07:27,755 | INFO | ingestion.multi_source.done total_sources=2 failed_sources=0 total_created=3 total_updated=1 total_skipped=1
2026-04-29 17:11:11,244 | INFO | enrichment.start company_id=1 domain=acme.com
2026-04-29 17:11:11,263 | INFO | ai.qualification.generated company_id=1 provider=fallback score=75
2026-04-29 17:11:11,272 | INFO | scoring.done company_id=1 score=72.1 priority=Warm fetch_ok=1
2026-04-29 17:11:11,291 | INFO | enrichment.start company_id=3 domain=blank.dev
2026-04-29 17:11:11,294 | INFO | enrichment.skip company_id=3 reason=missing_website
2026-04-29 17:11:11,695 | INFO | enrichment.start company_id=2 domain=nosite.dev
2026-04-29 17:11:12,409 | INFO | ai.qualification.generated company_id=2 provider=fallback score=75
2026-04-29 17:11:12,414 | INFO | scoring.done company_id=2 score=44.4 priority=Cold fetch_ok=0
2026-04-29 17:11:12,815 | INFO | enrichment.start company_id=1 domain=acme.com
2026-04-29 17:11:14,681 | INFO | ai.qualification.generated company_id=1 provider=fallback score=75
2026-04-29 17:11:14,687 | INFO | scoring.done company_id=1 score=44.4 priority=Cold fetch_ok=0
2026-04-29 17:11:14,695 | INFO | enrichment.start company_id=4 domain=noai.dev
2026-04-29 17:11:14,705 | INFO | ai.qualification.generated company_id=4 provider=fallback score=75
2026-04-29 17:11:14,709 | INFO | scoring.done company_id=4 score=56.4 priority=Warm fetch_ok=1
2026-04-29 17:11:14,719 | INFO | enrichment.start company_id=5 domain=cache.dev
2026-04-29 17:11:14,727 | INFO | ai.qualification.generated company_id=5 provider=external_api score=77
2026-04-29 17:11:14,731 | INFO | scoring.done company_id=5 score=76.0 priority=Warm fetch_ok=1
2026-04-29 17:11:14,732 | INFO | enrichment.start company_id=5 domain=cache.dev
2026-04-29 17:11:14,738 | INFO | ai.qualification.cache_hit company_id=5
2026-04-29 17:11:14,742 | INFO | scoring.done company_id=5 score=76.0 priority=Warm fetch_ok=1
2026-04-29 17:11:14,753 | INFO | enrichment.start company_id=6 domain=retry.dev
2026-04-29 17:11:19,147 | WARNING | Ollama connection error (attempt 1/1): [WinError 10061] No connection could be made because the target machine actively refused it
2026-04-29 17:11:19,148 | ERROR | Ollama failed after 1 attempts; last error: [WinError 10061] No connection could be made because the target machine actively refused it
2026-04-29 17:11:23,811 | WARNING | Ollama connection error (attempt 1/1): [WinError 10061] No connection could be made because the target machine actively refused it
2026-04-29 17:11:23,811 | ERROR | Ollama failed after 1 attempts; last error: [WinError 10061] No connection could be made because the target machine actively refused it
2026-04-29 17:11:28,142 | WARNING | Ollama connection error (attempt 1/1): [WinError 10061] No connection could be made because the target machine actively refused it
2026-04-29 17:11:28,142 | ERROR | Ollama failed after 1 attempts; last error: [WinError 10061] No connection could be made because the target machine actively refused it
2026-04-29 17:11:28,143 | INFO | ai.qualification.generated company_id=6 provider=fallback score=65
2026-04-29 17:11:28,151 | INFO | scoring.done company_id=6 score=50.9 priority=Warm fetch_ok=1
2026-04-29 17:11:28,164 | INFO | lead_score | ref=Jane Doe score=37 tier=cold factors={'company_size': 6.0, 'job_role': 12.0, 'country': 10.0, 'website_availability': 10.0, 'email_availability': 12.0, 'platform_source': 14.0, 'industry_match': 0.0, 'budget_potential': 0.0, 'messages': {'company_size': 'SMB size -> +6', 'job_role': 'VP / Director-level title -> +12', 'country': 'Tier-1 geography signal (us) -> +10', 'website_availability': 'Website URL present -> +10', 'email_availability': 'Corporate-looking email -> +12', 'platform_source': "Platform 'linkedin' -> +14", 'industry_match': 'No benchmark industry configured -> 0', 'budget_potential': 'No budget keywords -> 0', 'weighted_components': 'role=71.0, signals=0.0, data=70.0, ai=0.0'}, 'raw_total': 64.0}
2026-04-29 17:11:28,165 | DEBUG | lead_score_breakdown ref=Jane Doe weighted={'score': 36.72, 'tier': 'cold', 'weights': {'role_relevance': 40.0, 'signals': 35.0, 'data_completeness': 25.0, 'ai_score': 25.0}, 'inputs': {'role_relevance': 71.0, 'signals': 0.0, 'data_completeness': 70.0, 'ai_score': 0.0}}
2026-04-29 17:11:28,171 | INFO | lead_score | ref=Jane Doe score=65 tier=warm factors={'company_size': 6.0, 'job_role': 12.0, 'country': 10.0, 'website_availability': 10.0, 'email_availability': 12.0, 'platform_source': 14.0, 'industry_match': 0.0, 'budget_potential': 0.0, 'messages': {'company_size': 'SMB size -> +6', 'job_role': 'VP / Director-level title -> +12', 'country': 'Tier-1 geography signal (us) -> +10', 'website_availability': 'Website URL present -> +10', 'email_availability': 'Corporate-looking email -> +12', 'platform_source': "Platform 'linkedin' -> +14", 'industry_match': 'No benchmark industry configured -> 0', 'budget_potential': 'No budget keywords -> 0', 'weighted_components': 'role=71.0, signals=100.0, data=70.0, ai=0.0'}, 'raw_total': 64.0}
2026-04-29 17:11:28,171 | DEBUG | lead_score_breakdown ref=Jane Doe weighted={'score': 64.72, 'tier': 'warm', 'weights': {'role_relevance': 40.0, 'signals': 35.0, 'data_completeness': 25.0, 'ai_score': 25.0}, 'inputs': {'role_relevance': 71.0, 'signals': 100.0, 'data_completeness': 70.0, 'ai_score': 0.0}}
2026-04-29 17:11:28,174 | INFO | lead_score | ref=Sam score=78 tier=warm factors={'company_size': 6.0, 'job_role': 15.0, 'country': 0.0, 'website_availability': 10.0, 'email_availability': 12.0, 'platform_source': 14.0, 'industry_match': 0.0, 'budget_potential': 0.0, 'messages': {'company_size': 'SMB size -> +6', 'job_role': 'Executive / founder role -> +15', 'country': 'No country / location -> 0', 'website_availability': 'Website URL present -> +10', 'email_availability': 'Corporate-looking email -> +12', 'platform_source': "Platform 'linkedin' -> +14", 'industry_match': 'No benchmark industry configured -> 0', 'budget_potential': 'No budget keywords -> 0', 'weighted_components': 'role=85.0, signals=0.0, data=70.0, ai=90.0'}, 'raw_total': 57.0}
2026-04-29 17:11:28,174 | DEBUG | lead_score_breakdown ref=Sam weighted={'score': 78.5, 'tier': 'warm', 'weights': {'role_relevance': 10.0, 'signals': 10.0, 'data_completeness': 10.0, 'ai_score': 70.0}, 'inputs': {'role_relevance': 85.0, 'signals': 0.0, 'data_completeness': 70.0, 'ai_score': 90.0}}
2026-04-29 17:11:28,175 | INFO | lead_score | ref=Sam score=56 tier=warm factors={'company_size': 6.0, 'job_role': 15.0, 'country': 0.0, 'website_availability': 10.0, 'email_availability': 12.0, 'platform_source': 14.0, 'industry_match': 0.0, 'budget_potential': 0.0, 'messages': {'company_size': 'SMB size -> +6', 'job_role': 'Executive / founder role -> +15', 'country': 'No country / location -> 0', 'website_availability': 'Website URL present -> +10', 'email_availability': 'Corporate-looking email -> +12', 'platform_source': "Platform 'linkedin' -> +14", 'industry_match': 'No benchmark industry configured -> 0', 'budget_potential': 'No budget keywords -> 0', 'weighted_components': 'role=85.0, signals=0.0, data=70.0, ai=90.0'}, 'raw_total': 57.0}
2026-04-29 17:11:28,175 | DEBUG | lead_score_breakdown ref=Sam weighted={'score': 55.5, 'tier': 'warm', 'weights': {'role_relevance': 30.0, 'signals': 30.0, 'data_completeness': 30.0, 'ai_score': 10.0}, 'inputs': {'role_relevance': 85.0, 'signals': 0.0, 'data_completeness': 70.0, 'ai_score': 90.0}}
2026-04-29 17:11:34,088 | INFO | ingestion.multi_source.start sources=['yc'] delay=1.0
2026-04-29 17:11:34,088 | INFO | ingestion.source.start source=yc index=1/1
2026-04-29 17:11:35,774 | INFO | ingestion.source.done source=yc candidates=0 created=0 updated=0 skipped=0
2026-04-29 17:11:35,774 | INFO | ingestion.multi_source.done total_sources=1 failed_sources=0 total_created=0 total_updated=0 total_skipped=0
2026-04-29 17:11:35,776 | INFO | enrichment.start company_id=7 domain=beta.io
2026-04-29 17:11:41,389 | WARNING | Ollama connection error (attempt 1/1): [WinError 10061] No connection could be made because the target machine actively refused it
2026-04-29 17:11:41,390 | ERROR | Ollama failed after 1 attempts; last error: [WinError 10061] No connection could be made because the target machine actively refused it
2026-04-29 17:11:45,707 | WARNING | Ollama connection error (attempt 1/1): [WinError 10061] No connection could be made because the target machine actively refused it
2026-04-29 17:11:45,707 | ERROR | Ollama failed after 1 attempts; last error: [WinError 10061] No connection could be made because the target machine actively refused it
2026-04-29 17:11:50,017 | WARNING | Ollama connection error (attempt 1/1): [WinError 10061] No connection could be made because the target machine actively refused it
2026-04-29 17:11:50,018 | ERROR | Ollama failed after 1 attempts; last error: [WinError 10061] No connection could be made because the target machine actively refused it
2026-04-29 17:11:50,021 | INFO | ai.qualification.generated company_id=7 provider=fallback score=75
2026-04-29 17:11:50,026 | INFO | scoring.done company_id=7 score=47.2 priority=Cold fetch_ok=1
2026-04-29 17:11:51,027 | INFO | enrichment.start company_id=1 domain=acme.com
2026-04-29 17:11:51,835 | INFO | ai.qualification.cache_hit company_id=1
2026-04-29 17:11:51,838 | INFO | scoring.done company_id=1 score=40.0 priority=Cold fetch_ok=0
2026-04-29 17:11:52,839 | INFO | enrichment.start company_id=6 domain=retry.dev
2026-04-29 17:11:57,412 | WARNING | Ollama connection error (attempt 1/1): [WinError 10061] No connection could be made because the target machine actively refused it
2026-04-29 17:11:57,413 | ERROR | Ollama failed after 1 attempts; last error: [WinError 10061] No connection could be made because the target machine actively refused it
2026-04-29 17:12:01,913 | WARNING | Ollama connection error (attempt 1/1): [WinError 10061] No connection could be made because the target machine actively refused it
2026-04-29 17:12:01,913 | ERROR | Ollama failed after 1 attempts; last error: [WinError 10061] No connection could be made because the target machine actively refused it
2026-04-29 17:12:06,224 | WARNING | Ollama connection error (attempt 1/1): [WinError 10061] No connection could be made because the target machine actively refused it
2026-04-29 17:12:06,224 | ERROR | Ollama failed after 1 attempts; last error: [WinError 10061] No connection could be made because the target machine actively refused it
2026-04-29 17:12:06,227 | INFO | ai.qualification.generated company_id=6 provider=fallback score=75
2026-04-29 17:12:06,231 | INFO | scoring.done company_id=6 score=40.0 priority=Cold fetch_ok=0
2026-04-29 17:12:07,232 | INFO | enrichment.start company_id=5 domain=cache.dev
2026-04-29 17:12:12,178 | WARNING | Ollama connection error (attempt 1/1): [WinError 10061] No connection could be made because the target machine actively refused it
2026-04-29 17:12:12,178 | ERROR | Ollama failed after 1 attempts; last error: [WinError 10061] No connection could be made because the target machine actively refused it
2026-04-29 17:12:16,481 | WARNING | Ollama connection error (attempt 1/1): [WinError 10061] No connection could be made because the target machine actively refused it
2026-04-29 17:12:16,482 | ERROR | Ollama failed after 1 attempts; last error: [WinError 10061] No connection could be made because the target machine actively refused it
2026-04-29 17:12:20,834 | WARNING | Ollama connection error (attempt 1/1): [WinError 10061] No connection could be made because the target machine actively refused it
2026-04-29 17:12:20,834 | ERROR | Ollama failed after 1 attempts; last error: [WinError 10061] No connection could be made because the target machine actively refused it
2026-04-29 17:12:20,839 | INFO | ai.qualification.generated company_id=5 provider=fallback score=75
2026-04-29 17:12:20,844 | INFO | scoring.done company_id=5 score=40.0 priority=Cold fetch_ok=0
2026-04-29 17:12:21,844 | INFO | enrichment.start company_id=4 domain=noai.dev
2026-04-29 17:12:36,655 | WARNING | Ollama connection error (attempt 1/1): [WinError 10061] No connection could be made because the target machine actively refused it
2026-04-29 17:12:36,655 | ERROR | Ollama failed after 1 attempts; last error: [WinError 10061] No connection could be made because the target machine actively refused it
2026-04-29 17:12:41,072 | WARNING | Ollama connection error (attempt 1/1): [WinError 10061] No connection could be made because the target machine actively refused it
2026-04-29 17:12:41,072 | ERROR | Ollama failed after 1 attempts; last error: [WinError 10061] No connection could be made because the target machine actively refused it
2026-04-29 17:12:45,389 | WARNING | Ollama connection error (attempt 1/1): [WinError 10061] No connection could be made because the target machine actively refused it
2026-04-29 17:12:45,389 | ERROR | Ollama failed after 1 attempts; last error: [WinError 10061] No connection could be made because the target machine actively refused it
2026-04-29 17:12:45,398 | INFO | ai.qualification.generated company_id=4 provider=fallback score=75
2026-04-29 17:12:45,410 | INFO | scoring.done company_id=4 score=40.0 priority=Cold fetch_ok=0
2026-04-29 17:12:46,411 | INFO | enrichment.start company_id=3 domain=blank.dev
2026-04-29 17:12:46,414 | INFO | enrichment.skip company_id=3 reason=missing_website
2026-04-29 17:12:47,414 | INFO | enrichment.start company_id=2 domain=nosite.dev
2026-04-29 17:12:47,729 | INFO | ai.qualification.cache_hit company_id=2
2026-04-29 17:12:47,733 | INFO | scoring.done company_id=2 score=40.0 priority=Cold fetch_ok=0
2026-04-29 17:12:48,065 | INFO | ingestion.multi_source.start sources=['yc'] delay=0.2
2026-04-29 17:12:48,066 | INFO | ingestion.source.start source=yc index=1/1
2026-04-29 17:12:48,070 | INFO | ingestion.source.done source=yc candidates=2 created=2 updated=0 skipped=0
2026-04-29 17:12:48,071 | INFO | ingestion.multi_source.done total_sources=1 failed_sources=0 total_created=2 total_updated=0 total_skipped=0
2026-04-29 17:12:48,076 | INFO | lead_score | ref=Decision Maker - Yc One score=8 tier=cold factors={'company_size': 0.0, 'job_role': 4.0, 'country': 0.0, 'website_availability': 10.0, 'email_availability': 0.0, 'platform_source': 5.0, 'industry_match': 0.0, 'budget_potential': 0.0, 'messages': {'company_size': 'No company size -> 0', 'job_role': 'Title present (IC) -> +4', 'country': 'No country / location -> 0', 'website_availability': 'Website URL present -> +10', 'email_availability': 'No email -> 0', 'platform_source': "Platform 'other' -> +5", 'industry_match': 'No benchmark industry configured -> 0', 'budget_potential': 'No budget keywords -> 0', 'weighted_components': 'role=18.7, signals=0.0, data=40.0, ai=0.0'}, 'raw_total': 19.0}
2026-04-29 17:12:48,077 | DEBUG | lead_score_breakdown ref=Decision Maker - Yc One weighted={'score': 7.79, 'tier': 'cold', 'weights': {'role_relevance': 20.0, 'signals': 65.0, 'data_completeness': 15.0, 'ai_score': 25.0}, 'inputs': {'role_relevance': 18.666666666666664, 'signals': 0.0, 'data_completeness': 40.0, 'ai_score': 0.0}}
2026-04-29 17:12:48,086 | INFO | lead_score | ref=Decision Maker - Yc Two score=8 tier=cold factors={'company_size': 0.0, 'job_role': 4.0, 'country': 0.0, 'website_availability': 10.0, 'email_availability': 0.0, 'platform_source': 5.0, 'industry_match': 0.0, 'budget_potential': 0.0, 'messages': {'company_size': 'No company size -> 0', 'job_role': 'Title present (IC) -> +4', 'country': 'No country / location -> 0', 'website_availability': 'Website URL present -> +10', 'email_availability': 'No email -> 0', 'platform_source': "Platform 'other' -> +5", 'industry_match': 'No benchmark industry configured -> 0', 'budget_potential': 'No budget keywords -> 0', 'weighted_components': 'role=18.7, signals=0.0, data=40.0, ai=0.0'}, 'raw_total': 19.0}
2026-04-29 17:12:48,086 | DEBUG | lead_score_breakdown ref=Decision Maker - Yc Two weighted={'score': 7.79, 'tier': 'cold', 'weights': {'role_relevance': 20.0, 'signals': 65.0, 'data_completeness': 15.0, 'ai_score': 25.0}, 'inputs': {'role_relevance': 18.666666666666664, 'signals': 0.0, 'data_completeness': 40.0, 'ai_score': 0.0}}
2026-04-29 17:12:48,088 | INFO | enrichment.start company_id=9 domain=yc-two.dev
2026-04-29 17:12:52,807 | WARNING | Ollama connection error (attempt 1/1): [WinError 10061] No connection could be made because the target machine actively refused it
2026-04-29 17:12:52,807 | ERROR | Ollama failed after 1 attempts; last error: [WinError 10061] No connection could be made because the target machine actively refused it
2026-04-29 17:12:57,530 | WARNING | Ollama connection error (attempt 1/1): [WinError 10061] No connection could be made because the target machine actively refused it
2026-04-29 17:12:57,530 | ERROR | Ollama failed after 1 attempts; last error: [WinError 10061] No connection could be made because the target machine actively refused it
2026-04-29 17:13:01,886 | WARNING | Ollama connection error (attempt 1/1): [WinError 10061] No connection could be made because the target machine actively refused it
2026-04-29 17:13:01,886 | ERROR | Ollama failed after 1 attempts; last error: [WinError 10061] No connection could be made because the target machine actively refused it
2026-04-29 17:13:01,890 | INFO | ai.qualification.generated company_id=9 provider=fallback score=75
2026-04-29 17:13:01,895 | INFO | scoring.done company_id=9 score=40.0 priority=Cold fetch_ok=0
2026-04-29 17:13:02,095 | INFO | enrichment.start company_id=8 domain=yc-one.com
2026-04-29 17:13:13,823 | WARNING | Ollama connection error (attempt 1/1): [WinError 10061] No connection could be made because the target machine actively refused it
2026-04-29 17:13:13,823 | ERROR | Ollama failed after 1 attempts; last error: [WinError 10061] No connection could be made because the target machine actively refused it
2026-04-29 17:13:18,304 | WARNING | Ollama connection error (attempt 1/1): [WinError 10061] No connection could be made because the target machine actively refused it
2026-04-29 17:13:18,304 | ERROR | Ollama failed after 1 attempts; last error: [WinError 10061] No connection could be made because the target machine actively refused it
2026-04-29 17:13:22,655 | WARNING | Ollama connection error (attempt 1/1): [WinError 10061] No connection could be made because the target machine actively refused it
2026-04-29 17:13:22,655 | ERROR | Ollama failed after 1 attempts; last error: [WinError 10061] No connection could be made because the target machine actively refused it
2026-04-29 17:13:22,658 | INFO | ai.qualification.generated company_id=8 provider=fallback score=75
2026-04-29 17:13:22,663 | INFO | scoring.done company_id=8 score=40.0 priority=Cold fetch_ok=0
2026-04-29 17:13:22,863 | INFO | enrichment.start company_id=2 domain=nosite.dev
2026-04-29 17:13:23,188 | INFO | ai.qualification.cache_hit company_id=2
2026-04-29 17:13:23,192 | INFO | scoring.done company_id=2 score=40.0 priority=Cold fetch_ok=0
2026-04-29 17:13:23,392 | INFO | enrichment.start company_id=4 domain=noai.dev
2026-04-29 17:13:33,650 | INFO | ai.qualification.cache_hit company_id=4
2026-04-29 17:13:33,653 | INFO | scoring.done company_id=4 score=40.0 priority=Cold fetch_ok=0
2026-04-29 17:13:33,854 | INFO | enrichment.start company_id=5 domain=cache.dev
2026-04-29 17:13:34,205 | INFO | ai.qualification.cache_hit company_id=5
2026-04-29 17:13:34,212 | INFO | scoring.done company_id=5 score=40.0 priority=Cold fetch_ok=0
2026-04-29 17:13:34,412 | INFO | enrichment.start company_id=6 domain=retry.dev
2026-04-29 17:13:34,712 | INFO | ai.qualification.cache_hit company_id=6
2026-04-29 17:13:34,716 | INFO | scoring.done company_id=6 score=40.0 priority=Cold fetch_ok=0
2026-04-29 17:13:34,916 | INFO | enrichment.start company_id=1 domain=acme.com
2026-04-29 17:13:35,739 | INFO | ai.qualification.cache_hit company_id=1
2026-04-29 17:13:35,742 | INFO | scoring.done company_id=1 score=40.0 priority=Cold fetch_ok=0
2026-04-29 17:13:35,943 | INFO | enrichment.start company_id=7 domain=beta.io
2026-04-29 17:13:36,933 | INFO | ai.qualification.cache_hit company_id=7
2026-04-29 17:13:36,936 | INFO | scoring.done company_id=7 score=47.2 priority=Cold fetch_ok=1
2026-04-29 17:13:37,137 | INFO | enrichment.start company_id=3 domain=blank.dev
2026-04-29 17:13:37,138 | INFO | enrichment.skip company_id=3 reason=missing_website
2026-04-29 17:13:37,423 | INFO | ingestion.multi_source.start sources=['job_board'] delay=0.2
2026-04-29 17:13:37,423 | INFO | ingestion.source.start source=job_board index=1/1
2026-04-29 17:13:37,425 | INFO | ingestion.source.done source=job_board candidates=1 created=1 updated=0 skipped=0
2026-04-29 17:13:37,425 | INFO | ingestion.multi_source.done total_sources=1 failed_sources=0 total_created=1 total_updated=0 total_skipped=0
2026-04-29 17:13:37,437 | INFO | lead_score | ref=Decision Maker - Flow Co score=8 tier=cold factors={'company_size': 0.0, 'job_role': 4.0, 'country': 0.0, 'website_availability': 10.0, 'email_availability': 0.0, 'platform_source': 5.0, 'industry_match': 0.0, 'budget_potential': 0.0, 'messages': {'company_size': 'No company size -> 0', 'job_role': 'Title present (IC) -> +4', 'country': 'No country / location -> 0', 'website_availability': 'Website URL present -> +10', 'email_availability': 'No email -> 0', 'platform_source': "Platform 'other' -> +5", 'industry_match': 'No benchmark industry configured -> 0', 'budget_potential': 'No budget keywords -> 0', 'weighted_components': 'role=18.7, signals=0.0, data=40.0, ai=0.0'}, 'raw_total': 19.0}
2026-04-29 17:13:37,437 | DEBUG | lead_score_breakdown ref=Decision Maker - Flow Co weighted={'score': 7.79, 'tier': 'cold', 'weights': {'role_relevance': 20.0, 'signals': 65.0, 'data_completeness': 15.0, 'ai_score': 25.0}, 'inputs': {'role_relevance': 18.666666666666664, 'signals': 0.0, 'data_completeness': 40.0, 'ai_score': 0.0}}
2026-04-29 17:13:37,458 | INFO | ingestion.multi_source.start sources=['job_board'] delay=0.2
2026-04-29 17:13:37,459 | INFO | ingestion.source.start source=job_board index=1/1
2026-04-29 17:13:37,461 | INFO | ingestion.source.done source=job_board candidates=1 created=0 updated=1 skipped=0
2026-04-29 17:13:37,461 | INFO | ingestion.multi_source.done total_sources=1 failed_sources=0 total_created=0 total_updated=1 total_skipped=0
2026-04-29 17:13:37,465 | INFO | lead_score | ref=Decision Maker - Flow Co Updated score=8 tier=cold factors={'company_size': 0.0, 'job_role': 4.0, 'country': 0.0, 'website_availability': 10.0, 'email_availability': 0.0, 'platform_source': 5.0, 'industry_match': 0.0, 'budget_potential': 0.0, 'messages': {'company_size': 'No company size -> 0', 'job_role': 'Title present (IC) -> +4', 'country': 'No country / location -> 0', 'website_availability': 'Website URL present -> +10', 'email_availability': 'No email -> 0', 'platform_source': "Platform 'other' -> +5", 'industry_match': 'No benchmark industry configured -> 0', 'budget_potential': 'No budget keywords -> 0', 'weighted_components': 'role=18.7, signals=0.0, data=40.0, ai=0.0'}, 'raw_total': 19.0}
2026-04-29 17:13:37,465 | DEBUG | lead_score_breakdown ref=Decision Maker - Flow Co Updated weighted={'score': 7.79, 'tier': 'cold', 'weights': {'role_relevance': 20.0, 'signals': 65.0, 'data_completeness': 15.0, 'ai_score': 25.0}, 'inputs': {'role_relevance': 18.666666666666664, 'signals': 0.0, 'data_completeness': 40.0, 'ai_score': 0.0}}
2026-04-29 17:13:38,358 | INFO | lead_score | ref=Decision Maker - A score=8 tier=cold factors={'company_size': 0.0, 'job_role': 4.0, 'country': 0.0, 'website_availability': 10.0, 'email_availability': 0.0, 'platform_source': 5.0, 'industry_match': 0.0, 'budget_potential': 0.0, 'messages': {'company_size': 'No company size -> 0', 'job_role': 'Title present (IC) -> +4', 'country': 'No country / location -> 0', 'website_availability': 'Website URL present -> +10', 'email_availability': 'No email -> 0', 'platform_source': "Platform 'other' -> +5", 'industry_match': 'No benchmark industry configured -> 0', 'budget_potential': 'No budget keywords -> 0', 'weighted_components': 'role=18.7, signals=0.0, data=40.0, ai=0.0'}, 'raw_total': 19.0}
2026-04-29 17:13:38,358 | DEBUG | lead_score_breakdown ref=Decision Maker - A weighted={'score': 7.79, 'tier': 'cold', 'weights': {'role_relevance': 20.0, 'signals': 65.0, 'data_completeness': 15.0, 'ai_score': 25.0}, 'inputs': {'role_relevance': 18.666666666666664, 'signals': 0.0, 'data_completeness': 40.0, 'ai_score': 0.0}}
2026-04-29 17:13:42,418 | INFO | enrichment.start company_id=11 domain=cloudnova.ai
2026-04-29 17:13:47,866 | WARNING | Ollama connection error (attempt 1/1): [WinError 10061] No connection could be made because the target machine actively refused it
2026-04-29 17:13:47,867 | ERROR | Ollama failed after 1 attempts; last error: [WinError 10061] No connection could be made because the target machine actively refused it
2026-04-29 17:13:52,220 | WARNING | Ollama connection error (attempt 1/1): [WinError 10061] No connection could be made because the target machine actively refused it
2026-04-29 17:13:52,220 | ERROR | Ollama failed after 1 attempts; last error: [WinError 10061] No connection could be made because the target machine actively refused it
2026-04-29 17:13:56,534 | WARNING | Ollama connection error (attempt 1/1): [WinError 10061] No connection could be made because the target machine actively refused it
2026-04-29 17:13:56,534 | ERROR | Ollama failed after 1 attempts; last error: [WinError 10061] No connection could be made because the target machine actively refused it
2026-04-29 17:13:56,541 | INFO | ai.qualification.generated company_id=11 provider=fallback score=75
2026-04-29 17:13:56,550 | INFO | scoring.done company_id=11 score=40.0 priority=Cold fetch_ok=0
2026-04-29 17:13:57,551 | INFO | enrichment.start company_id=10 domain=flowco.ai
2026-04-29 17:14:03,701 | WARNING | Ollama connection error (attempt 1/1): [WinError 10061] No connection could be made because the target machine actively refused it
2026-04-29 17:14:03,701 | ERROR | Ollama failed after 1 attempts; last error: [WinError 10061] No connection could be made because the target machine actively refused it
2026-04-29 17:14:08,045 | WARNING | Ollama connection error (attempt 1/1): [WinError 10061] No connection could be made because the target machine actively refused it
2026-04-29 17:14:08,045 | ERROR | Ollama failed after 1 attempts; last error: [WinError 10061] No connection could be made because the target machine actively refused it
2026-04-29 17:14:12,361 | WARNING | Ollama connection error (attempt 1/1): [WinError 10061] No connection could be made because the target machine actively refused it
2026-04-29 17:14:12,361 | ERROR | Ollama failed after 1 attempts; last error: [WinError 10061] No connection could be made because the target machine actively refused it
2026-04-29 17:14:12,365 | INFO | ai.qualification.generated company_id=10 provider=fallback score=65
2026-04-29 17:14:12,368 | INFO | scoring.done company_id=10 score=38.7 priority=Cold fetch_ok=1
2026-04-29 17:14:13,369 | INFO | enrichment.start company_id=7 domain=beta.io
2026-04-29 17:14:14,184 | INFO | ai.qualification.cache_hit company_id=7
2026-04-29 17:14:14,187 | INFO | scoring.done company_id=7 score=47.2 priority=Cold fetch_ok=1
2026-04-29 17:14:15,188 | INFO | enrichment.start company_id=6 domain=retry.dev
2026-04-29 17:14:15,662 | INFO | ai.qualification.cache_hit company_id=6
2026-04-29 17:14:15,665 | INFO | scoring.done company_id=6 score=40.0 priority=Cold fetch_ok=0
2026-04-29 17:14:16,666 | INFO | enrichment.start company_id=1 domain=acme.com
2026-04-29 17:14:17,648 | INFO | ai.qualification.cache_hit company_id=1
2026-04-29 17:14:17,651 | INFO | scoring.done company_id=1 score=40.0 priority=Cold fetch_ok=0
2026-04-29 17:14:18,651 | INFO | enrichment.start company_id=5 domain=cache.dev
2026-04-29 17:14:19,037 | INFO | ai.qualification.cache_hit company_id=5
2026-04-29 17:14:19,041 | INFO | scoring.done company_id=5 score=40.0 priority=Cold fetch_ok=0
2026-04-29 17:14:20,042 | INFO | enrichment.start company_id=4 domain=noai.dev
2026-04-29 17:14:30,338 | INFO | ai.qualification.cache_hit company_id=4
2026-04-29 17:14:30,342 | INFO | scoring.done company_id=4 score=40.0 priority=Cold fetch_ok=0
2026-04-29 17:14:31,343 | INFO | enrichment.start company_id=2 domain=nosite.dev
2026-04-29 17:14:31,653 | INFO | ai.qualification.cache_hit company_id=2
2026-04-29 17:14:31,659 | INFO | scoring.done company_id=2 score=40.0 priority=Cold fetch_ok=0
2026-04-29 17:14:32,660 | INFO | enrichment.start company_id=8 domain=yc-one.com
2026-04-29 17:14:40,128 | INFO | ai.qualification.cache_hit company_id=8
2026-04-29 17:14:40,131 | INFO | scoring.done company_id=8 score=40.0 priority=Cold fetch_ok=0
2026-04-29 17:14:41,131 | INFO | enrichment.start company_id=9 domain=yc-two.dev
2026-04-29 17:14:41,404 | INFO | ai.qualification.cache_hit company_id=9
2026-04-29 17:14:41,407 | INFO | scoring.done company_id=9 score=40.0 priority=Cold fetch_ok=0
2026-04-29 17:14:42,408 | INFO | enrichment.start company_id=3 domain=blank.dev
2026-04-29 17:14:42,410 | INFO | enrichment.skip company_id=3 reason=missing_website
2026-04-29 17:14:42,712 | INFO | enrichment.start company_id=12 domain=signalflow.ai
2026-04-29 17:14:47,289 | WARNING | Ollama connection error (attempt 1/1): [WinError 10061] No connection could be made because the target machine actively refused it
2026-04-29 17:14:47,290 | ERROR | Ollama failed after 1 attempts; last error: [WinError 10061] No connection could be made because the target machine actively refused it
2026-04-29 17:14:51,743 | WARNING | Ollama connection error (attempt 1/1): [WinError 10061] No connection could be made because the target machine actively refused it
2026-04-29 17:14:51,743 | ERROR | Ollama failed after 1 attempts; last error: [WinError 10061] No connection could be made because the target machine actively refused it
2026-04-29 17:14:56,089 | WARNING | Ollama connection error (attempt 1/1): [WinError 10061] No connection could be made because the target machine actively refused it
2026-04-29 17:14:56,089 | ERROR | Ollama failed after 1 attempts; last error: [WinError 10061] No connection could be made because the target machine actively refused it
2026-04-29 17:14:56,092 | INFO | ai.qualification.generated company_id=12 provider=fallback score=95
2026-04-29 17:14:56,096 | INFO | scoring.done company_id=12 score=94.2 priority=Hot fetch_ok=1
2026-04-29 17:14:56,496 | INFO | enrichment.start company_id=9 domain=yc-two.dev
2026-04-29 17:15:00,800 | WARNING | Ollama connection error (attempt 1/1): [WinError 10061] No connection could be made because the target machine actively refused it
2026-04-29 17:15:00,800 | ERROR | Ollama failed after 1 attempts; last error: [WinError 10061] No connection could be made because the target machine actively refused it
2026-04-29 17:15:05,108 | WARNING | Ollama connection error (attempt 1/1): [WinError 10061] No connection could be made because the target machine actively refused it
2026-04-29 17:15:05,108 | ERROR | Ollama failed after 1 attempts; last error: [WinError 10061] No connection could be made because the target machine actively refused it
2026-04-29 17:15:09,405 | WARNING | Ollama connection error (attempt 1/1): [WinError 10061] No connection could be made because the target machine actively refused it
2026-04-29 17:15:09,405 | ERROR | Ollama failed after 1 attempts; last error: [WinError 10061] No connection could be made because the target machine actively refused it
2026-04-29 17:15:09,408 | INFO | ai.qualification.generated company_id=9 provider=fallback score=95
2026-04-29 17:15:09,412 | INFO | scoring.done company_id=9 score=94.2 priority=Hot fetch_ok=1
2026-04-29 17:15:09,813 | INFO | enrichment.start company_id=8 domain=yc-one.com
2026-04-29 17:15:14,216 | WARNING | Ollama connection error (attempt 1/1): [WinError 10061] No connection could be made because the target machine actively refused it
2026-04-29 17:15:14,216 | ERROR | Ollama failed after 1 attempts; last error: [WinError 10061] No connection could be made because the target machine actively refused it
2026-04-29 17:15:18,517 | WARNING | Ollama connection error (attempt 1/1): [WinError 10061] No connection could be made because the target machine actively refused it
2026-04-29 17:15:18,517 | ERROR | Ollama failed after 1 attempts; last error: [WinError 10061] No connection could be made because the target machine actively refused it
2026-04-29 17:15:22,823 | WARNING | Ollama connection error (attempt 1/1): [WinError 10061] No connection could be made because the target machine actively refused it
2026-04-29 17:15:22,824 | ERROR | Ollama failed after 1 attempts; last error: [WinError 10061] No connection could be made because the target machine actively refused it
2026-04-29 17:15:22,827 | INFO | ai.qualification.generated company_id=8 provider=fallback score=95
2026-04-29 17:15:22,831 | INFO | scoring.done company_id=8 score=94.2 priority=Hot fetch_ok=1
2026-04-29 17:15:23,232 | INFO | enrichment.start company_id=2 domain=nosite.dev
2026-04-29 17:15:27,547 | WARNING | Ollama connection error (attempt 1/1): [WinError 10061] No connection could be made because the target machine actively refused it
2026-04-29 17:15:27,547 | ERROR | Ollama failed after 1 attempts; last error: [WinError 10061] No connection could be made because the target machine actively refused it
2026-04-29 17:15:31,897 | WARNING | Ollama connection error (attempt 1/1): [WinError 10061] No connection could be made because the target machine actively refused it
2026-04-29 17:15:31,897 | ERROR | Ollama failed after 1 attempts; last error: [WinError 10061] No connection could be made because the target machine actively refused it
2026-04-29 17:15:36,212 | WARNING | Ollama connection error (attempt 1/1): [WinError 10061] No connection could be made because the target machine actively refused it
2026-04-29 17:15:36,213 | ERROR | Ollama failed after 1 attempts; last error: [WinError 10061] No connection could be made because the target machine actively refused it
2026-04-29 17:15:36,216 | INFO | ai.qualification.generated company_id=2 provider=fallback score=95
2026-04-29 17:15:36,219 | INFO | scoring.done company_id=2 score=94.2 priority=Hot fetch_ok=1
2026-04-29 17:15:36,620 | INFO | enrichment.start company_id=4 domain=noai.dev
2026-04-29 17:15:40,931 | WARNING | Ollama connection error (attempt 1/1): [WinError 10061] No connection could be made because the target machine actively refused it
2026-04-29 17:15:40,931 | ERROR | Ollama failed after 1 attempts; last error: [WinError 10061] No connection could be made because the target machine actively refused it
2026-04-29 17:15:45,240 | WARNING | Ollama connection error (attempt 1/1): [WinError 10061] No connection could be made because the target machine actively refused it
2026-04-29 17:15:45,241 | ERROR | Ollama failed after 1 attempts; last error: [WinError 10061] No connection could be made because the target machine actively refused it
2026-04-29 17:15:49,679 | WARNING | Ollama connection error (attempt 1/1): [WinError 10061] No connection could be made because the target machine actively refused it
2026-04-29 17:15:49,679 | ERROR | Ollama failed after 1 attempts; last error: [WinError 10061] No connection could be made because the target machine actively refused it
2026-04-29 17:15:49,683 | INFO | ai.qualification.generated company_id=4 provider=fallback score=95
2026-04-29 17:15:49,686 | INFO | scoring.done company_id=4 score=94.2 priority=Hot fetch_ok=1
2026-04-29 17:15:50,087 | INFO | enrichment.start company_id=5 domain=cache.dev
2026-04-29 17:15:54,529 | WARNING | Ollama connection error (attempt 1/1): [WinError 10061] No connection could be made because the target machine actively refused it
2026-04-29 17:15:54,530 | ERROR | Ollama failed after 1 attempts; last error: [WinError 10061] No connection could be made because the target machine actively refused it
2026-04-29 17:15:58,822 | WARNING | Ollama connection error (attempt 1/1): [WinError 10061] No connection could be made because the target machine actively refused it
2026-04-29 17:15:58,823 | ERROR | Ollama failed after 1 attempts; last error: [WinError 10061] No connection could be made because the target machine actively refused it
2026-04-29 17:16:03,137 | WARNING | Ollama connection error (attempt 1/1): [WinError 10061] No connection could be made because the target machine actively refused it
2026-04-29 17:16:03,137 | ERROR | Ollama failed after 1 attempts; last error: [WinError 10061] No connection could be made because the target machine actively refused it
2026-04-29 17:16:03,140 | INFO | ai.qualification.generated company_id=5 provider=fallback score=95
2026-04-29 17:16:03,144 | INFO | scoring.done company_id=5 score=94.2 priority=Hot fetch_ok=1
2026-04-29 17:16:03,545 | INFO | enrichment.start company_id=1 domain=acme.com
2026-04-29 17:16:07,883 | WARNING | Ollama connection error (attempt 1/1): [WinError 10061] No connection could be made because the target machine actively refused it
2026-04-29 17:16:07,883 | ERROR | Ollama failed after 1 attempts; last error: [WinError 10061] No connection could be made because the target machine actively refused it
2026-04-29 17:16:12,201 | WARNING | Ollama connection error (attempt 1/1): [WinError 10061] No connection could be made because the target machine actively refused it
2026-04-29 17:16:12,201 | ERROR | Ollama failed after 1 attempts; last error: [WinError 10061] No connection could be made because the target machine actively refused it
2026-04-29 17:16:16,508 | WARNING | Ollama connection error (attempt 1/1): [WinError 10061] No connection could be made because the target machine actively refused it
2026-04-29 17:16:16,508 | ERROR | Ollama failed after 1 attempts; last error: [WinError 10061] No connection could be made because the target machine actively refused it
2026-04-29 17:16:16,511 | INFO | ai.qualification.generated company_id=1 provider=fallback score=95
2026-04-29 17:16:16,514 | INFO | scoring.done company_id=1 score=94.2 priority=Hot fetch_ok=1
2026-04-29 17:16:16,915 | INFO | enrichment.start company_id=6 domain=retry.dev
2026-04-29 17:16:21,233 | WARNING | Ollama connection error (attempt 1/1): [WinError 10061] No connection could be made because the target machine actively refused it
2026-04-29 17:16:21,233 | ERROR | Ollama failed after 1 attempts; last error: [WinError 10061] No connection could be made because the target machine actively refused it
2026-04-29 17:16:25,521 | WARNING | Ollama connection error (attempt 1/1): [WinError 10061] No connection could be made because the target machine actively refused it
2026-04-29 17:16:25,521 | ERROR | Ollama failed after 1 attempts; last error: [WinError 10061] No connection could be made because the target machine actively refused it
2026-04-29 17:16:41,391 | INFO | ingestion.multi_source.start sources=['yc'] delay=1.0
2026-04-29 17:16:41,391 | INFO | ingestion.source.start source=yc index=1/1
2026-04-29 17:16:44,093 | INFO | ingestion.source.done source=yc candidates=0 created=0 updated=0 skipped=0
2026-04-29 17:16:44,093 | INFO | ingestion.multi_source.done total_sources=1 failed_sources=0 total_created=0 total_updated=0 total_skipped=0
2026-04-29 17:16:44,094 | INFO | enrichment.start company_id=2 domain=beta.io
2026-04-29 17:16:49,368 | WARNING | Ollama connection error (attempt 1/1): [WinError 10061] No connection could be made because the target machine actively refused it
2026-04-29 17:16:49,368 | ERROR | Ollama failed after 1 attempts; last error: [WinError 10061] No connection could be made because the target machine actively refused it
2026-04-29 17:16:53,646 | WARNING | Ollama connection error (attempt 1/1): [WinError 10061] No connection could be made because the target machine actively refused it
2026-04-29 17:16:53,647 | ERROR | Ollama failed after 1 attempts; last error: [WinError 10061] No connection could be made because the target machine actively refused it
2026-04-29 17:16:57,962 | WARNING | Ollama connection error (attempt 1/1): [WinError 10061] No connection could be made because the target machine actively refused it
2026-04-29 17:16:57,962 | ERROR | Ollama failed after 1 attempts; last error: [WinError 10061] No connection could be made because the target machine actively refused it
2026-04-29 17:16:57,965 | INFO | ai.qualification.generated company_id=2 provider=fallback score=75
2026-04-29 17:16:57,974 | INFO | scoring.done company_id=2 score=47.2 priority=Cold fetch_ok=1
2026-04-29 17:16:58,974 | INFO | enrichment.start company_id=1 domain=acme.com
2026-04-29 17:17:04,292 | WARNING | Ollama connection error (attempt 1/1): [WinError 10061] No connection could be made because the target machine actively refused it
2026-04-29 17:17:04,292 | ERROR | Ollama failed after 1 attempts; last error: [WinError 10061] No connection could be made because the target machine actively refused it
2026-04-29 17:17:08,614 | WARNING | Ollama connection error (attempt 1/1): [WinError 10061] No connection could be made because the target machine actively refused it
2026-04-29 17:17:08,615 | ERROR | Ollama failed after 1 attempts; last error: [WinError 10061] No connection could be made because the target machine actively refused it
2026-04-29 17:17:12,937 | WARNING | Ollama connection error (attempt 1/1): [WinError 10061] No connection could be made because the target machine actively refused it
2026-04-29 17:17:12,937 | ERROR | Ollama failed after 1 attempts; last error: [WinError 10061] No connection could be made because the target machine actively refused it
2026-04-29 17:17:12,940 | INFO | ai.qualification.generated company_id=1 provider=fallback score=75
2026-04-29 17:17:12,944 | INFO | scoring.done company_id=1 score=40.0 priority=Cold fetch_ok=0
2026-04-29 17:17:13,210 | INFO | ingestion.multi_source.start sources=['yc'] delay=0.2
2026-04-29 17:17:13,211 | INFO | ingestion.source.start source=yc index=1/1
2026-04-29 17:17:13,213 | INFO | ingestion.source.done source=yc candidates=2 created=2 updated=0 skipped=0
2026-04-29 17:17:13,213 | INFO | ingestion.multi_source.done total_sources=1 failed_sources=0 total_created=2 total_updated=0 total_skipped=0
2026-04-29 17:17:13,219 | INFO | lead_score | ref=Decision Maker - Yc One score=8 tier=cold factors={'company_size': 0.0, 'job_role': 4.0, 'country': 0.0, 'website_availability': 10.0, 'email_availability': 0.0, 'platform_source': 5.0, 'industry_match': 0.0, 'budget_potential': 0.0, 'messages': {'company_size': 'No company size -> 0', 'job_role': 'Title present (IC) -> +4', 'country': 'No country / location -> 0', 'website_availability': 'Website URL present -> +10', 'email_availability': 'No email -> 0', 'platform_source': "Platform 'other' -> +5", 'industry_match': 'No benchmark industry configured -> 0', 'budget_potential': 'No budget keywords -> 0', 'weighted_components': 'role=18.7, signals=0.0, data=40.0, ai=0.0'}, 'raw_total': 19.0}
2026-04-29 17:17:13,219 | DEBUG | lead_score_breakdown ref=Decision Maker - Yc One weighted={'score': 7.79, 'tier': 'cold', 'weights': {'role_relevance': 20.0, 'signals': 65.0, 'data_completeness': 15.0, 'ai_score': 25.0}, 'inputs': {'role_relevance': 18.666666666666664, 'signals': 0.0, 'data_completeness': 40.0, 'ai_score': 0.0}}
2026-04-29 17:17:13,225 | INFO | lead_score | ref=Decision Maker - Yc Two score=8 tier=cold factors={'company_size': 0.0, 'job_role': 4.0, 'country': 0.0, 'website_availability': 10.0, 'email_availability': 0.0, 'platform_source': 5.0, 'industry_match': 0.0, 'budget_potential': 0.0, 'messages': {'company_size': 'No company size -> 0', 'job_role': 'Title present (IC) -> +4', 'country': 'No country / location -> 0', 'website_availability': 'Website URL present -> +10', 'email_availability': 'No email -> 0', 'platform_source': "Platform 'other' -> +5", 'industry_match': 'No benchmark industry configured -> 0', 'budget_potential': 'No budget keywords -> 0', 'weighted_components': 'role=18.7, signals=0.0, data=40.0, ai=0.0'}, 'raw_total': 19.0}
2026-04-29 17:17:13,225 | DEBUG | lead_score_breakdown ref=Decision Maker - Yc Two weighted={'score': 7.79, 'tier': 'cold', 'weights': {'role_relevance': 20.0, 'signals': 65.0, 'data_completeness': 15.0, 'ai_score': 25.0}, 'inputs': {'role_relevance': 18.666666666666664, 'signals': 0.0, 'data_completeness': 40.0, 'ai_score': 0.0}}
2026-04-29 17:17:13,226 | INFO | enrichment.start company_id=4 domain=yc-two.dev
2026-04-29 17:17:17,792 | WARNING | Ollama connection error (attempt 1/1): [WinError 10061] No connection could be made because the target machine actively refused it
2026-04-29 17:17:17,792 | ERROR | Ollama failed after 1 attempts; last error: [WinError 10061] No connection could be made because the target machine actively refused it
2026-04-29 17:17:22,109 | WARNING | Ollama connection error (attempt 1/1): [WinError 10061] No connection could be made because the target machine actively refused it
2026-04-29 17:17:22,109 | ERROR | Ollama failed after 1 attempts; last error: [WinError 10061] No connection could be made because the target machine actively refused it
2026-04-29 17:17:26,400 | WARNING | Ollama connection error (attempt 1/1): [WinError 10061] No connection could be made because the target machine actively refused it
2026-04-29 17:17:26,401 | ERROR | Ollama failed after 1 attempts; last error: [WinError 10061] No connection could be made because the target machine actively refused it
2026-04-29 17:17:26,404 | INFO | ai.qualification.generated company_id=4 provider=fallback score=75
2026-04-29 17:17:26,407 | INFO | scoring.done company_id=4 score=40.0 priority=Cold fetch_ok=0
2026-04-29 17:17:26,608 | INFO | enrichment.start company_id=3 domain=yc-one.com
2026-04-29 17:17:38,500 | WARNING | Ollama connection error (attempt 1/1): [WinError 10061] No connection could be made because the target machine actively refused it
2026-04-29 17:17:38,501 | ERROR | Ollama failed after 1 attempts; last error: [WinError 10061] No connection could be made because the target machine actively refused it
2026-04-29 17:17:42,804 | WARNING | Ollama connection error (attempt 1/1): [WinError 10061] No connection could be made because the target machine actively refused it
2026-04-29 17:17:42,805 | ERROR | Ollama failed after 1 attempts; last error: [WinError 10061] No connection could be made because the target machine actively refused it
2026-04-29 17:17:47,135 | WARNING | Ollama connection error (attempt 1/1): [WinError 10061] No connection could be made because the target machine actively refused it
2026-04-29 17:17:47,136 | ERROR | Ollama failed after 1 attempts; last error: [WinError 10061] No connection could be made because the target machine actively refused it
2026-04-29 17:17:47,139 | INFO | ai.qualification.generated company_id=3 provider=fallback score=75
2026-04-29 17:17:47,144 | INFO | scoring.done company_id=3 score=40.0 priority=Cold fetch_ok=0
2026-04-29 17:17:47,344 | INFO | enrichment.start company_id=1 domain=acme.com
2026-04-29 17:17:48,201 | INFO | ai.qualification.cache_hit company_id=1
2026-04-29 17:17:48,205 | INFO | scoring.done company_id=1 score=40.0 priority=Cold fetch_ok=0
2026-04-29 17:17:48,406 | INFO | enrichment.start company_id=2 domain=beta.io
2026-04-29 17:17:49,223 | INFO | ai.qualification.cache_hit company_id=2
2026-04-29 17:17:49,228 | INFO | scoring.done company_id=2 score=47.2 priority=Cold fetch_ok=1
2026-04-29 17:17:49,550 | INFO | ingestion.multi_source.start sources=['job_board'] delay=0.2
2026-04-29 17:17:49,550 | INFO | ingestion.source.start source=job_board index=1/1
2026-04-29 17:17:49,552 | INFO | ingestion.source.done source=job_board candidates=1 created=1 updated=0 skipped=0
2026-04-29 17:17:49,552 | INFO | ingestion.multi_source.done total_sources=1 failed_sources=0 total_created=1 total_updated=0 total_skipped=0
2026-04-29 17:17:49,556 | INFO | lead_score | ref=Decision Maker - Flow Co score=8 tier=cold factors={'company_size': 0.0, 'job_role': 4.0, 'country': 0.0, 'website_availability': 10.0, 'email_availability': 0.0, 'platform_source': 5.0, 'industry_match': 0.0, 'budget_potential': 0.0, 'messages': {'company_size': 'No company size -> 0', 'job_role': 'Title present (IC) -> +4', 'country': 'No country / location -> 0', 'website_availability': 'Website URL present -> +10', 'email_availability': 'No email -> 0', 'platform_source': "Platform 'other' -> +5", 'industry_match': 'No benchmark industry configured -> 0', 'budget_potential': 'No budget keywords -> 0', 'weighted_components': 'role=18.7, signals=0.0, data=40.0, ai=0.0'}, 'raw_total': 19.0}
2026-04-29 17:17:49,556 | DEBUG | lead_score_breakdown ref=Decision Maker - Flow Co weighted={'score': 7.79, 'tier': 'cold', 'weights': {'role_relevance': 20.0, 'signals': 65.0, 'data_completeness': 15.0, 'ai_score': 25.0}, 'inputs': {'role_relevance': 18.666666666666664, 'signals': 0.0, 'data_completeness': 40.0, 'ai_score': 0.0}}
2026-04-29 17:17:49,575 | INFO | ingestion.multi_source.start sources=['job_board'] delay=0.2
2026-04-29 17:17:49,575 | INFO | ingestion.source.start source=job_board index=1/1
2026-04-29 17:17:49,577 | INFO | ingestion.source.done source=job_board candidates=1 created=0 updated=1 skipped=0
2026-04-29 17:17:49,578 | INFO | ingestion.multi_source.done total_sources=1 failed_sources=0 total_created=0 total_updated=1 total_skipped=0
2026-04-29 17:17:49,581 | INFO | lead_score | ref=Decision Maker - Flow Co Updated score=8 tier=cold factors={'company_size': 0.0, 'job_role': 4.0, 'country': 0.0, 'website_availability': 10.0, 'email_availability': 0.0, 'platform_source': 5.0, 'industry_match': 0.0, 'budget_potential': 0.0, 'messages': {'company_size': 'No company size -> 0', 'job_role': 'Title present (IC) -> +4', 'country': 'No country / location -> 0', 'website_availability': 'Website URL present -> +10', 'email_availability': 'No email -> 0', 'platform_source': "Platform 'other' -> +5", 'industry_match': 'No benchmark industry configured -> 0', 'budget_potential': 'No budget keywords -> 0', 'weighted_components': 'role=18.7, signals=0.0, data=40.0, ai=0.0'}, 'raw_total': 19.0}
2026-04-29 17:17:49,581 | DEBUG | lead_score_breakdown ref=Decision Maker - Flow Co Updated weighted={'score': 7.79, 'tier': 'cold', 'weights': {'role_relevance': 20.0, 'signals': 65.0, 'data_completeness': 15.0, 'ai_score': 25.0}, 'inputs': {'role_relevance': 18.666666666666664, 'signals': 0.0, 'data_completeness': 40.0, 'ai_score': 0.0}}
2026-04-29 17:17:50,472 | INFO | lead_score | ref=Decision Maker - A score=8 tier=cold factors={'company_size': 0.0, 'job_role': 4.0, 'country': 0.0, 'website_availability': 10.0, 'email_availability': 0.0, 'platform_source': 5.0, 'industry_match': 0.0, 'budget_potential': 0.0, 'messages': {'company_size': 'No company size -> 0', 'job_role': 'Title present (IC) -> +4', 'country': 'No country / location -> 0', 'website_availability': 'Website URL present -> +10', 'email_availability': 'No email -> 0', 'platform_source': "Platform 'other' -> +5", 'industry_match': 'No benchmark industry configured -> 0', 'budget_potential': 'No budget keywords -> 0', 'weighted_components': 'role=18.7, signals=0.0, data=40.0, ai=0.0'}, 'raw_total': 19.0}
2026-04-29 17:17:50,473 | DEBUG | lead_score_breakdown ref=Decision Maker - A weighted={'score': 7.79, 'tier': 'cold', 'weights': {'role_relevance': 20.0, 'signals': 65.0, 'data_completeness': 15.0, 'ai_score': 25.0}, 'inputs': {'role_relevance': 18.666666666666664, 'signals': 0.0, 'data_completeness': 40.0, 'ai_score': 0.0}}
2026-04-29 17:17:54,259 | INFO | enrichment.start company_id=6 domain=cloudnova.ai
2026-04-29 17:18:09,173 | WARNING | Ollama connection error (attempt 1/1): [WinError 10061] No connection could be made because the target machine actively refused it
2026-04-29 17:18:09,173 | ERROR | Ollama failed after 1 attempts; last error: [WinError 10061] No connection could be made because the target machine actively refused it
2026-04-29 17:18:13,505 | WARNING | Ollama connection error (attempt 1/1): [WinError 10061] No connection could be made because the target machine actively refused it
2026-04-29 17:18:13,505 | ERROR | Ollama failed after 1 attempts; last error: [WinError 10061] No connection could be made because the target machine actively refused it
2026-04-29 17:18:17,790 | WARNING | Ollama connection error (attempt 1/1): [WinError 10061] No connection could be made because the target machine actively refused it
2026-04-29 17:18:17,790 | ERROR | Ollama failed after 1 attempts; last error: [WinError 10061] No connection could be made because the target machine actively refused it
2026-04-29 17:18:17,793 | INFO | ai.qualification.generated company_id=6 provider=fallback score=75
2026-04-29 17:18:17,797 | INFO | scoring.done company_id=6 score=40.0 priority=Cold fetch_ok=0
2026-04-29 17:18:18,797 | INFO | enrichment.start company_id=5 domain=flowco.ai
2026-04-29 17:18:24,696 | WARNING | Ollama connection error (attempt 1/1): [WinError 10061] No connection could be made because the target machine actively refused it
2026-04-29 17:18:24,696 | ERROR | Ollama failed after 1 attempts; last error: [WinError 10061] No connection could be made because the target machine actively refused it
2026-04-29 17:18:29,008 | WARNING | Ollama connection error (attempt 1/1): [WinError 10061] No connection could be made because the target machine actively refused it
2026-04-29 17:18:29,008 | ERROR | Ollama failed after 1 attempts; last error: [WinError 10061] No connection could be made because the target machine actively refused it
2026-04-29 17:18:33,305 | WARNING | Ollama connection error (attempt 1/1): [WinError 10061] No connection could be made because the target machine actively refused it
2026-04-29 17:18:33,306 | ERROR | Ollama failed after 1 attempts; last error: [WinError 10061] No connection could be made because the target machine actively refused it
2026-04-29 17:18:33,309 | INFO | ai.qualification.generated company_id=5 provider=fallback score=65
2026-04-29 17:18:33,312 | INFO | scoring.done company_id=5 score=38.7 priority=Cold fetch_ok=1
2026-04-29 17:18:34,313 | INFO | enrichment.start company_id=2 domain=beta.io
2026-04-29 17:18:35,246 | INFO | ai.qualification.cache_hit company_id=2
2026-04-29 17:18:35,249 | INFO | scoring.done company_id=2 score=47.2 priority=Cold fetch_ok=1
2026-04-29 17:18:36,250 | INFO | enrichment.start company_id=1 domain=acme.com
2026-04-29 17:18:37,092 | INFO | ai.qualification.cache_hit company_id=1
2026-04-29 17:18:37,095 | INFO | scoring.done company_id=1 score=40.0 priority=Cold fetch_ok=0
2026-04-29 17:18:38,096 | INFO | enrichment.start company_id=3 domain=yc-one.com
2026-04-29 17:18:45,396 | INFO | ai.qualification.cache_hit company_id=3
2026-04-29 17:18:45,399 | INFO | scoring.done company_id=3 score=40.0 priority=Cold fetch_ok=0
2026-04-29 17:18:46,399 | INFO | enrichment.start company_id=4 domain=yc-two.dev
2026-04-29 17:18:46,645 | INFO | ai.qualification.cache_hit company_id=4
2026-04-29 17:18:46,648 | INFO | scoring.done company_id=4 score=40.0 priority=Cold fetch_ok=0
2026-04-29 17:18:46,926 | INFO | enrichment.start company_id=7 domain=signalflow.ai
2026-04-29 17:18:51,252 | WARNING | Ollama connection error (attempt 1/1): [WinError 10061] No connection could be made because the target machine actively refused it
2026-04-29 17:18:51,253 | ERROR | Ollama failed after 1 attempts; last error: [WinError 10061] No connection could be made because the target machine actively refused it
2026-04-29 17:18:55,603 | WARNING | Ollama connection error (attempt 1/1): [WinError 10061] No connection could be made because the target machine actively refused it
2026-04-29 17:18:55,603 | ERROR | Ollama failed after 1 attempts; last error: [WinError 10061] No connection could be made because the target machine actively refused it
2026-04-29 17:18:59,953 | WARNING | Ollama connection error (attempt 1/1): [WinError 10061] No connection could be made because the target machine actively refused it
2026-04-29 17:18:59,953 | ERROR | Ollama failed after 1 attempts; last error: [WinError 10061] No connection could be made because the target machine actively refused it
2026-04-29 17:18:59,956 | INFO | ai.qualification.generated company_id=7 provider=fallback score=95
2026-04-29 17:18:59,960 | INFO | scoring.done company_id=7 score=94.2 priority=Hot fetch_ok=1
2026-04-29 17:19:00,360 | INFO | enrichment.start company_id=4 domain=yc-two.dev
2026-04-29 17:19:04,694 | WARNING | Ollama connection error (attempt 1/1): [WinError 10061] No connection could be made because the target machine actively refused it
2026-04-29 17:19:04,694 | ERROR | Ollama failed after 1 attempts; last error: [WinError 10061] No connection could be made because the target machine actively refused it
2026-04-29 17:19:09,072 | WARNING | Ollama connection error (attempt 1/1): [WinError 10061] No connection could be made because the target machine actively refused it
2026-04-29 17:19:09,072 | ERROR | Ollama failed after 1 attempts; last error: [WinError 10061] No connection could be made because the target machine actively refused it
2026-04-29 17:19:13,443 | WARNING | Ollama connection error (attempt 1/1): [WinError 10061] No connection could be made because the target machine actively refused it
2026-04-29 17:19:13,444 | ERROR | Ollama failed after 1 attempts; last error: [WinError 10061] No connection could be made because the target machine actively refused it
2026-04-29 17:19:13,449 | INFO | ai.qualification.generated company_id=4 provider=fallback score=95
2026-04-29 17:19:13,461 | INFO | scoring.done company_id=4 score=94.2 priority=Hot fetch_ok=1
2026-04-29 17:19:13,862 | INFO | enrichment.start company_id=3 domain=yc-one.com
2026-04-29 17:19:18,237 | WARNING | Ollama connection error (attempt 1/1): [WinError 10061] No connection could be made because the target machine actively refused it
2026-04-29 17:19:18,237 | ERROR | Ollama failed after 1 attempts; last error: [WinError 10061] No connection could be made because the target machine actively refused it
2026-04-29 17:19:22,588 | WARNING | Ollama connection error (attempt 1/1): [WinError 10061] No connection could be made because the target machine actively refused it
2026-04-29 17:19:22,588 | ERROR | Ollama failed after 1 attempts; last error: [WinError 10061] No connection could be made because the target machine actively refused it
2026-04-29 17:19:26,903 | WARNING | Ollama connection error (attempt 1/1): [WinError 10061] No connection could be made because the target machine actively refused it
2026-04-29 17:19:26,903 | ERROR | Ollama failed after 1 attempts; last error: [WinError 10061] No connection could be made because the target machine actively refused it
2026-04-29 17:19:26,906 | INFO | ai.qualification.generated company_id=3 provider=fallback score=95
2026-04-29 17:19:26,910 | INFO | scoring.done company_id=3 score=94.2 priority=Hot fetch_ok=1
2026-04-29 17:19:27,310 | INFO | enrichment.start company_id=1 domain=acme.com
2026-04-29 17:19:31,604 | WARNING | Ollama connection error (attempt 1/1): [WinError 10061] No connection could be made because the target machine actively refused it
2026-04-29 17:19:31,604 | ERROR | Ollama failed after 1 attempts; last error: [WinError 10061] No connection could be made because the target machine actively refused it
2026-04-29 17:19:35,899 | WARNING | Ollama connection error (attempt 1/1): [WinError 10061] No connection could be made because the target machine actively refused it
2026-04-29 17:19:35,899 | ERROR | Ollama failed after 1 attempts; last error: [WinError 10061] No connection could be made because the target machine actively refused it
2026-04-29 17:19:40,242 | WARNING | Ollama connection error (attempt 1/1): [WinError 10061] No connection could be made because the target machine actively refused it
2026-04-29 17:19:40,243 | ERROR | Ollama failed after 1 attempts; last error: [WinError 10061] No connection could be made because the target machine actively refused it
2026-04-29 17:19:40,246 | INFO | ai.qualification.generated company_id=1 provider=fallback score=95
2026-04-29 17:19:40,250 | INFO | scoring.done company_id=1 score=94.2 priority=Hot fetch_ok=1
2026-04-29 17:19:40,650 | INFO | enrichment.start company_id=2 domain=beta.io
2026-04-29 17:19:44,971 | WARNING | Ollama connection error (attempt 1/1): [WinError 10061] No connection could be made because the target machine actively refused it
2026-04-29 17:19:44,972 | ERROR | Ollama failed after 1 attempts; last error: [WinError 10061] No connection could be made because the target machine actively refused it
2026-04-29 17:19:49,341 | WARNING | Ollama connection error (attempt 1/1): [WinError 10061] No connection could be made because the target machine actively refused it
2026-04-29 17:19:49,341 | ERROR | Ollama failed after 1 attempts; last error: [WinError 10061] No connection could be made because the target machine actively refused it
2026-04-29 17:19:53,640 | WARNING | Ollama connection error (attempt 1/1): [WinError 10061] No connection could be made because the target machine actively refused it
2026-04-29 17:19:53,641 | ERROR | Ollama failed after 1 attempts; last error: [WinError 10061] No connection could be made because the target machine actively refused it
2026-04-29 17:19:53,644 | INFO | ai.qualification.generated company_id=2 provider=fallback score=95
2026-04-29 17:19:53,648 | INFO | scoring.done company_id=2 score=94.2 priority=Hot fetch_ok=1
2026-04-29 17:19:54,049 | INFO | enrichment.start company_id=5 domain=flowco.ai
2026-04-29 17:19:58,385 | WARNING | Ollama connection error (attempt 1/1): [WinError 10061] No connection could be made because the target machine actively refused it
2026-04-29 17:19:58,386 | ERROR | Ollama failed after 1 attempts; last error: [WinError 10061] No connection could be made because the target machine actively refused it
2026-04-29 17:20:02,676 | WARNING | Ollama connection error (attempt 1/1): [WinError 10061] No connection could be made because the target machine actively refused it
2026-04-29 17:20:02,676 | ERROR | Ollama failed after 1 attempts; last error: [WinError 10061] No connection could be made because the target machine actively refused it
2026-04-29 17:20:06,950 | WARNING | Ollama connection error (attempt 1/1): [WinError 10061] No connection could be made because the target machine actively refused it
2026-04-29 17:20:06,951 | ERROR | Ollama failed after 1 attempts; last error: [WinError 10061] No connection could be made because the target machine actively refused it
2026-04-29 17:20:06,954 | INFO | ai.qualification.generated company_id=5 provider=fallback score=95
2026-04-29 17:20:06,959 | INFO | scoring.done company_id=5 score=94.2 priority=Hot fetch_ok=1
2026-04-29 17:20:07,359 | INFO | enrichment.start company_id=6 domain=cloudnova.ai
2026-04-29 17:20:11,767 | WARNING | Ollama connection error (attempt 1/1): [WinError 10061] No connection could be made because the target machine actively refused it
2026-04-29 17:20:11,768 | ERROR | Ollama failed after 1 attempts; last error: [WinError 10061] No connection could be made because the target machine actively refused it
2026-04-29 17:20:16,068 | WARNING | Ollama connection error (attempt 1/1): [WinError 10061] No connection could be made because the target machine actively refused it
2026-04-29 17:20:16,069 | ERROR | Ollama failed after 1 attempts; last error: [WinError 10061] No connection could be made because the target machine actively refused it
2026-04-29 17:20:20,416 | WARNING | Ollama connection error (attempt 1/1): [WinError 10061] No connection could be made because the target machine actively refused it
2026-04-29 17:20:20,417 | ERROR | Ollama failed after 1 attempts; last error: [WinError 10061] No connection could be made because the target machine actively refused it
2026-04-29 17:20:20,420 | INFO | ai.qualification.generated company_id=6 provider=fallback score=95
2026-04-29 17:20:20,424 | INFO | scoring.done company_id=6 score=94.2 priority=Hot fetch_ok=1
2026-04-29 17:47:21,987 | INFO | ingestion.multi_source.start sources=['yc'] delay=1.0
2026-04-29 17:47:21,988 | INFO | ingestion.source.start source=yc index=1/1
2026-04-29 17:47:23,701 | INFO | ingestion.source.done source=yc candidates=0 created=0 updated=0 skipped=0
2026-04-29 17:47:23,701 | INFO | ingestion.multi_source.done total_sources=1 failed_sources=0 total_created=0 total_updated=0 total_skipped=0
2026-04-29 17:47:23,702 | INFO | enrichment.start company_id=2 domain=beta.io
2026-04-29 17:47:29,440 | WARNING | Ollama connection error (attempt 1/1): [WinError 10061] No connection could be made because the target machine actively refused it
2026-04-29 17:47:29,441 | ERROR | Ollama failed after 1 attempts; last error: [WinError 10061] No connection could be made because the target machine actively refused it
2026-04-29 17:47:33,733 | WARNING | Ollama connection error (attempt 1/1): [WinError 10061] No connection could be made because the target machine actively refused it
2026-04-29 17:47:33,733 | ERROR | Ollama failed after 1 attempts; last error: [WinError 10061] No connection could be made because the target machine actively refused it
2026-04-29 17:47:38,001 | WARNING | Ollama connection error (attempt 1/1): [WinError 10061] No connection could be made because the target machine actively refused it
2026-04-29 17:47:38,001 | ERROR | Ollama failed after 1 attempts; last error: [WinError 10061] No connection could be made because the target machine actively refused it
2026-04-29 17:47:38,005 | INFO | ai.qualification.generated company_id=2 provider=fallback score=75
2026-04-29 17:47:38,012 | INFO | scoring.done company_id=2 score=47.2 priority=Cold fetch_ok=1
2026-04-29 17:47:39,013 | INFO | enrichment.start company_id=1 domain=acme.com
2026-04-29 17:47:44,602 | WARNING | Ollama connection error (attempt 1/1): [WinError 10061] No connection could be made because the target machine actively refused it
2026-04-29 17:47:44,603 | ERROR | Ollama failed after 1 attempts; last error: [WinError 10061] No connection could be made because the target machine actively refused it
2026-04-29 17:47:49,046 | WARNING | Ollama connection error (attempt 1/1): [WinError 10061] No connection could be made because the target machine actively refused it
2026-04-29 17:47:49,046 | ERROR | Ollama failed after 1 attempts; last error: [WinError 10061] No connection could be made because the target machine actively refused it
2026-04-29 17:47:53,330 | WARNING | Ollama connection error (attempt 1/1): [WinError 10061] No connection could be made because the target machine actively refused it
2026-04-29 17:47:53,330 | ERROR | Ollama failed after 1 attempts; last error: [WinError 10061] No connection could be made because the target machine actively refused it
2026-04-29 17:47:53,334 | INFO | ai.qualification.generated company_id=1 provider=fallback score=75
2026-04-29 17:47:53,338 | INFO | scoring.done company_id=1 score=40.0 priority=Cold fetch_ok=0
2026-04-29 17:47:53,608 | INFO | ingestion.multi_source.start sources=['yc'] delay=0.2
2026-04-29 17:47:53,608 | INFO | ingestion.source.start source=yc index=1/1
2026-04-29 17:47:53,611 | INFO | ingestion.source.done source=yc candidates=2 created=2 updated=0 skipped=0
2026-04-29 17:47:53,611 | INFO | ingestion.multi_source.done total_sources=1 failed_sources=0 total_created=2 total_updated=0 total_skipped=0
2026-04-29 17:47:53,615 | INFO | lead_score | ref=Decision Maker - Yc One score=8 tier=cold factors={'company_size': 0.0, 'job_role': 4.0, 'country': 0.0, 'website_availability': 10.0, 'email_availability': 0.0, 'platform_source': 5.0, 'industry_match': 0.0, 'budget_potential': 0.0, 'messages': {'company_size': 'No company size -> 0', 'job_role': 'Title present (IC) -> +4', 'country': 'No country / location -> 0', 'website_availability': 'Website URL present -> +10', 'email_availability': 'No email -> 0', 'platform_source': "Platform 'other' -> +5", 'industry_match': 'No benchmark industry configured -> 0', 'budget_potential': 'No budget keywords -> 0', 'weighted_components': 'role=18.7, signals=0.0, data=40.0, ai=0.0'}, 'raw_total': 19.0}
2026-04-29 17:47:53,615 | DEBUG | lead_score_breakdown ref=Decision Maker - Yc One weighted={'score': 7.79, 'tier': 'cold', 'weights': {'role_relevance': 20.0, 'signals': 65.0, 'data_completeness': 15.0, 'ai_score': 25.0}, 'inputs': {'role_relevance': 18.666666666666664, 'signals': 0.0, 'data_completeness': 40.0, 'ai_score': 0.0}}
2026-04-29 17:47:53,621 | INFO | lead_score | ref=Decision Maker - Yc Two score=8 tier=cold factors={'company_size': 0.0, 'job_role': 4.0, 'country': 0.0, 'website_availability': 10.0, 'email_availability': 0.0, 'platform_source': 5.0, 'industry_match': 0.0, 'budget_potential': 0.0, 'messages': {'company_size': 'No company size -> 0', 'job_role': 'Title present (IC) -> +4', 'country': 'No country / location -> 0', 'website_availability': 'Website URL present -> +10', 'email_availability': 'No email -> 0', 'platform_source': "Platform 'other' -> +5", 'industry_match': 'No benchmark industry configured -> 0', 'budget_potential': 'No budget keywords -> 0', 'weighted_components': 'role=18.7, signals=0.0, data=40.0, ai=0.0'}, 'raw_total': 19.0}
2026-04-29 17:47:53,621 | DEBUG | lead_score_breakdown ref=Decision Maker - Yc Two weighted={'score': 7.79, 'tier': 'cold', 'weights': {'role_relevance': 20.0, 'signals': 65.0, 'data_completeness': 15.0, 'ai_score': 25.0}, 'inputs': {'role_relevance': 18.666666666666664, 'signals': 0.0, 'data_completeness': 40.0, 'ai_score': 0.0}}
2026-04-29 17:47:53,622 | INFO | enrichment.start company_id=4 domain=yc-two.dev
2026-04-29 17:47:58,159 | WARNING | Ollama connection error (attempt 1/1): [WinError 10061] No connection could be made because the target machine actively refused it
2026-04-29 17:47:58,159 | ERROR | Ollama failed after 1 attempts; last error: [WinError 10061] No connection could be made because the target machine actively refused it
2026-04-29 17:48:02,544 | WARNING | Ollama connection error (attempt 1/1): [WinError 10061] No connection could be made because the target machine actively refused it
2026-04-29 17:48:02,544 | ERROR | Ollama failed after 1 attempts; last error: [WinError 10061] No connection could be made because the target machine actively refused it
2026-04-29 17:48:06,830 | WARNING | Ollama connection error (attempt 1/1): [WinError 10061] No connection could be made because the target machine actively refused it
2026-04-29 17:48:06,830 | ERROR | Ollama failed after 1 attempts; last error: [WinError 10061] No connection could be made because the target machine actively refused it
2026-04-29 17:48:06,835 | INFO | ai.qualification.generated company_id=4 provider=fallback score=75
2026-04-29 17:48:06,843 | INFO | scoring.done company_id=4 score=40.0 priority=Cold fetch_ok=0
2026-04-29 17:48:07,044 | INFO | enrichment.start company_id=3 domain=yc-one.com
2026-04-29 17:48:18,675 | WARNING | Ollama connection error (attempt 1/1): [WinError 10061] No connection could be made because the target machine actively refused it
2026-04-29 17:48:18,675 | ERROR | Ollama failed after 1 attempts; last error: [WinError 10061] No connection could be made because the target machine actively refused it
2026-04-29 17:48:22,992 | WARNING | Ollama connection error (attempt 1/1): [WinError 10061] No connection could be made because the target machine actively refused it
2026-04-29 17:48:22,992 | ERROR | Ollama failed after 1 attempts; last error: [WinError 10061] No connection could be made because the target machine actively refused it
2026-04-29 17:48:27,292 | WARNING | Ollama connection error (attempt 1/1): [WinError 10061] No connection could be made because the target machine actively refused it
2026-04-29 17:48:27,292 | ERROR | Ollama failed after 1 attempts; last error: [WinError 10061] No connection could be made because the target machine actively refused it
2026-04-29 17:48:27,295 | INFO | ai.qualification.generated company_id=3 provider=fallback score=75
2026-04-29 17:48:27,299 | INFO | scoring.done company_id=3 score=40.0 priority=Cold fetch_ok=0
2026-04-29 17:48:27,500 | INFO | enrichment.start company_id=1 domain=acme.com
2026-04-29 17:48:28,321 | INFO | ai.qualification.cache_hit company_id=1
2026-04-29 17:48:28,325 | INFO | scoring.done company_id=1 score=40.0 priority=Cold fetch_ok=0
2026-04-29 17:48:28,525 | INFO | enrichment.start company_id=2 domain=beta.io
2026-04-29 17:48:29,298 | INFO | ai.qualification.cache_hit company_id=2
2026-04-29 17:48:29,302 | INFO | scoring.done company_id=2 score=47.2 priority=Cold fetch_ok=1
2026-04-29 17:48:29,627 | INFO | ingestion.multi_source.start sources=['job_board'] delay=0.2
2026-04-29 17:48:29,628 | INFO | ingestion.source.start source=job_board index=1/1
2026-04-29 17:48:29,630 | INFO | ingestion.source.done source=job_board candidates=1 created=1 updated=0 skipped=0
2026-04-29 17:48:29,630 | INFO | ingestion.multi_source.done total_sources=1 failed_sources=0 total_created=1 total_updated=0 total_skipped=0
2026-04-29 17:48:29,633 | INFO | lead_score | ref=Decision Maker - Flow Co score=8 tier=cold factors={'company_size': 0.0, 'job_role': 4.0, 'country': 0.0, 'website_availability': 10.0, 'email_availability': 0.0, 'platform_source': 5.0, 'industry_match': 0.0, 'budget_potential': 0.0, 'messages': {'company_size': 'No company size -> 0', 'job_role': 'Title present (IC) -> +4', 'country': 'No country / location -> 0', 'website_availability': 'Website URL present -> +10', 'email_availability': 'No email -> 0', 'platform_source': "Platform 'other' -> +5", 'industry_match': 'No benchmark industry configured -> 0', 'budget_potential': 'No budget keywords -> 0', 'weighted_components': 'role=18.7, signals=0.0, data=40.0, ai=0.0'}, 'raw_total': 19.0}
2026-04-29 17:48:29,633 | DEBUG | lead_score_breakdown ref=Decision Maker - Flow Co weighted={'score': 7.79, 'tier': 'cold', 'weights': {'role_relevance': 20.0, 'signals': 65.0, 'data_completeness': 15.0, 'ai_score': 25.0}, 'inputs': {'role_relevance': 18.666666666666664, 'signals': 0.0, 'data_completeness': 40.0, 'ai_score': 0.0}}
2026-04-29 17:48:29,652 | INFO | ingestion.multi_source.start sources=['job_board'] delay=0.2
2026-04-29 17:48:29,652 | INFO | ingestion.source.start source=job_board index=1/1
2026-04-29 17:48:29,654 | INFO | ingestion.source.done source=job_board candidates=1 created=0 updated=1 skipped=0
2026-04-29 17:48:29,654 | INFO | ingestion.multi_source.done total_sources=1 failed_sources=0 total_created=0 total_updated=1 total_skipped=0
2026-04-29 17:48:29,657 | INFO | lead_score | ref=Decision Maker - Flow Co Updated score=8 tier=cold factors={'company_size': 0.0, 'job_role': 4.0, 'country': 0.0, 'website_availability': 10.0, 'email_availability': 0.0, 'platform_source': 5.0, 'industry_match': 0.0, 'budget_potential': 0.0, 'messages': {'company_size': 'No company size -> 0', 'job_role': 'Title present (IC) -> +4', 'country': 'No country / location -> 0', 'website_availability': 'Website URL present -> +10', 'email_availability': 'No email -> 0', 'platform_source': "Platform 'other' -> +5", 'industry_match': 'No benchmark industry configured -> 0', 'budget_potential': 'No budget keywords -> 0', 'weighted_components': 'role=18.7, signals=0.0, data=40.0, ai=0.0'}, 'raw_total': 19.0}
2026-04-29 17:48:29,657 | DEBUG | lead_score_breakdown ref=Decision Maker - Flow Co Updated weighted={'score': 7.79, 'tier': 'cold', 'weights': {'role_relevance': 20.0, 'signals': 65.0, 'data_completeness': 15.0, 'ai_score': 25.0}, 'inputs': {'role_relevance': 18.666666666666664, 'signals': 0.0, 'data_completeness': 40.0, 'ai_score': 0.0}}
2026-04-29 17:48:30,471 | INFO | lead_score | ref=Decision Maker - A score=8 tier=cold factors={'company_size': 0.0, 'job_role': 4.0, 'country': 0.0, 'website_availability': 10.0, 'email_availability': 0.0, 'platform_source': 5.0, 'industry_match': 0.0, 'budget_potential': 0.0, 'messages': {'company_size': 'No company size -> 0', 'job_role': 'Title present (IC) -> +4', 'country': 'No country / location -> 0', 'website_availability': 'Website URL present -> +10', 'email_availability': 'No email -> 0', 'platform_source': "Platform 'other' -> +5", 'industry_match': 'No benchmark industry configured -> 0', 'budget_potential': 'No budget keywords -> 0', 'weighted_components': 'role=18.7, signals=0.0, data=40.0, ai=0.0'}, 'raw_total': 19.0}
2026-04-29 17:48:30,472 | DEBUG | lead_score_breakdown ref=Decision Maker - A weighted={'score': 7.79, 'tier': 'cold', 'weights': {'role_relevance': 20.0, 'signals': 65.0, 'data_completeness': 15.0, 'ai_score': 25.0}, 'inputs': {'role_relevance': 18.666666666666664, 'signals': 0.0, 'data_completeness': 40.0, 'ai_score': 0.0}}
2026-04-29 17:48:34,306 | INFO | enrichment.start company_id=6 domain=cloudnova.ai
2026-04-29 17:48:40,504 | WARNING | Ollama connection error (attempt 1/1): [WinError 10061] No connection could be made because the target machine actively refused it
2026-04-29 17:48:40,504 | ERROR | Ollama failed after 1 attempts; last error: [WinError 10061] No connection could be made because the target machine actively refused it
2026-04-29 17:48:44,816 | WARNING | Ollama connection error (attempt 1/1): [WinError 10061] No connection could be made because the target machine actively refused it
2026-04-29 17:48:44,817 | ERROR | Ollama failed after 1 attempts; last error: [WinError 10061] No connection could be made because the target machine actively refused it
2026-04-29 17:48:49,101 | WARNING | Ollama connection error (attempt 1/1): [WinError 10061] No connection could be made because the target machine actively refused it
2026-04-29 17:48:49,101 | ERROR | Ollama failed after 1 attempts; last error: [WinError 10061] No connection could be made because the target machine actively refused it
2026-04-29 17:48:49,105 | INFO | ai.qualification.generated company_id=6 provider=fallback score=75
2026-04-29 17:48:49,110 | INFO | scoring.done company_id=6 score=40.0 priority=Cold fetch_ok=0
2026-04-29 17:48:50,111 | INFO | enrichment.start company_id=5 domain=flowco.ai
2026-04-29 17:48:56,164 | WARNING | Ollama connection error (attempt 1/1): [WinError 10061] No connection could be made because the target machine actively refused it
2026-04-29 17:48:56,164 | ERROR | Ollama failed after 1 attempts; last error: [WinError 10061] No connection could be made because the target machine actively refused it
2026-04-29 17:49:00,501 | WARNING | Ollama connection error (attempt 1/1): [WinError 10061] No connection could be made because the target machine actively refused it
2026-04-29 17:49:00,501 | ERROR | Ollama failed after 1 attempts; last error: [WinError 10061] No connection could be made because the target machine actively refused it
2026-04-29 17:49:04,911 | WARNING | Ollama connection error (attempt 1/1): [WinError 10061] No connection could be made because the target machine actively refused it
2026-04-29 17:49:04,911 | ERROR | Ollama failed after 1 attempts; last error: [WinError 10061] No connection could be made because the target machine actively refused it
2026-04-29 17:49:04,915 | INFO | ai.qualification.generated company_id=5 provider=fallback score=65
2026-04-29 17:49:04,918 | INFO | scoring.done company_id=5 score=38.7 priority=Cold fetch_ok=1
2026-04-29 17:49:05,919 | INFO | enrichment.start company_id=2 domain=beta.io
2026-04-29 17:49:06,716 | INFO | ai.qualification.cache_hit company_id=2
2026-04-29 17:49:06,719 | INFO | scoring.done company_id=2 score=47.2 priority=Cold fetch_ok=1
2026-04-29 17:49:07,720 | INFO | enrichment.start company_id=1 domain=acme.com
2026-04-29 17:49:08,527 | INFO | ai.qualification.cache_hit company_id=1
2026-04-29 17:49:08,530 | INFO | scoring.done company_id=1 score=40.0 priority=Cold fetch_ok=0
2026-04-29 17:49:09,531 | INFO | enrichment.start company_id=3 domain=yc-one.com
2026-04-29 17:49:17,028 | INFO | ai.qualification.cache_hit company_id=3
2026-04-29 17:49:17,031 | INFO | scoring.done company_id=3 score=40.0 priority=Cold fetch_ok=0
2026-04-29 17:49:18,032 | INFO | enrichment.start company_id=4 domain=yc-two.dev
2026-04-29 17:49:18,313 | INFO | ai.qualification.cache_hit company_id=4
2026-04-29 17:49:18,316 | INFO | scoring.done company_id=4 score=40.0 priority=Cold fetch_ok=0
2026-04-29 17:49:18,598 | INFO | enrichment.start company_id=7 domain=signalflow.ai
2026-04-29 17:49:22,936 | WARNING | Ollama connection error (attempt 1/1): [WinError 10061] No connection could be made because the target machine actively refused it
2026-04-29 17:49:22,936 | ERROR | Ollama failed after 1 attempts; last error: [WinError 10061] No connection could be made because the target machine actively refused it
2026-04-29 17:49:27,356 | WARNING | Ollama connection error (attempt 1/1): [WinError 10061] No connection could be made because the target machine actively refused it
2026-04-29 17:49:27,357 | ERROR | Ollama failed after 1 attempts; last error: [WinError 10061] No connection could be made because the target machine actively refused it
2026-04-29 17:49:31,743 | WARNING | Ollama connection error (attempt 1/1): [WinError 10061] No connection could be made because the target machine actively refused it
2026-04-29 17:49:31,743 | ERROR | Ollama failed after 1 attempts; last error: [WinError 10061] No connection could be made because the target machine actively refused it
2026-04-29 17:49:31,746 | INFO | ai.qualification.generated company_id=7 provider=fallback score=95
2026-04-29 17:49:31,750 | INFO | scoring.done company_id=7 score=94.2 priority=Hot fetch_ok=1
2026-04-29 17:49:32,151 | INFO | enrichment.start company_id=4 domain=yc-two.dev
2026-04-29 17:49:36,475 | WARNING | Ollama connection error (attempt 1/1): [WinError 10061] No connection could be made because the target machine actively refused it
2026-04-29 17:49:36,475 | ERROR | Ollama failed after 1 attempts; last error: [WinError 10061] No connection could be made because the target machine actively refused it
2026-04-29 17:49:40,784 | WARNING | Ollama connection error (attempt 1/1): [WinError 10061] No connection could be made because the target machine actively refused it
2026-04-29 17:49:40,784 | ERROR | Ollama failed after 1 attempts; last error: [WinError 10061] No connection could be made because the target machine actively refused it
2026-04-29 17:49:45,071 | WARNING | Ollama connection error (attempt 1/1): [WinError 10061] No connection could be made because the target machine actively refused it
2026-04-29 17:49:45,071 | ERROR | Ollama failed after 1 attempts; last error: [WinError 10061] No connection could be made because the target machine actively refused it
2026-04-29 17:49:45,076 | INFO | ai.qualification.generated company_id=4 provider=fallback score=95
2026-04-29 17:49:45,084 | INFO | scoring.done company_id=4 score=94.2 priority=Hot fetch_ok=1
2026-04-29 17:49:45,485 | INFO | enrichment.start company_id=3 domain=yc-one.com
2026-04-29 17:49:49,924 | WARNING | Ollama connection error (attempt 1/1): [WinError 10061] No connection could be made because the target machine actively refused it
2026-04-29 17:49:49,924 | ERROR | Ollama failed after 1 attempts; last error: [WinError 10061] No connection could be made because the target machine actively refused it
2026-04-29 17:49:54,360 | WARNING | Ollama connection error (attempt 1/1): [WinError 10061] No connection could be made because the target machine actively refused it
2026-04-29 17:49:54,361 | ERROR | Ollama failed after 1 attempts; last error: [WinError 10061] No connection could be made because the target machine actively refused it
2026-04-29 17:49:59,024 | WARNING | Ollama connection error (attempt 1/1): [WinError 10061] No connection could be made because the target machine actively refused it
2026-04-29 17:49:59,024 | ERROR | Ollama failed after 1 attempts; last error: [WinError 10061] No connection could be made because the target machine actively refused it
2026-04-29 17:49:59,027 | INFO | ai.qualification.generated company_id=3 provider=fallback score=95
2026-04-29 17:49:59,031 | INFO | scoring.done company_id=3 score=94.2 priority=Hot fetch_ok=1
2026-04-29 17:49:59,431 | INFO | enrichment.start company_id=1 domain=acme.com
2026-04-29 17:50:03,976 | WARNING | Ollama connection error (attempt 1/1): [WinError 10061] No connection could be made because the target machine actively refused it
2026-04-29 17:50:03,976 | ERROR | Ollama failed after 1 attempts; last error: [WinError 10061] No connection could be made because the target machine actively refused it
2026-04-29 17:50:08,422 | WARNING | Ollama connection error (attempt 1/1): [WinError 10061] No connection could be made because the target machine actively refused it
2026-04-29 17:50:08,423 | ERROR | Ollama failed after 1 attempts; last error: [WinError 10061] No connection could be made because the target machine actively refused it
2026-04-29 17:50:12,716 | WARNING | Ollama connection error (attempt 1/1): [WinError 10061] No connection could be made because the target machine actively refused it
2026-04-29 17:50:12,716 | ERROR | Ollama failed after 1 attempts; last error: [WinError 10061] No connection could be made because the target machine actively refused it
2026-04-29 17:50:12,720 | INFO | ai.qualification.generated company_id=1 provider=fallback score=95
2026-04-29 17:50:12,724 | INFO | scoring.done company_id=1 score=94.2 priority=Hot fetch_ok=1
2026-04-29 17:50:13,125 | INFO | enrichment.start company_id=2 domain=beta.io
2026-04-29 17:50:17,443 | WARNING | Ollama connection error (attempt 1/1): [WinError 10061] No connection could be made because the target machine actively refused it
2026-04-29 17:50:17,444 | ERROR | Ollama failed after 1 attempts; last error: [WinError 10061] No connection could be made because the target machine actively refused it
2026-04-29 17:50:21,814 | WARNING | Ollama connection error (attempt 1/1): [WinError 10061] No connection could be made because the target machine actively refused it
2026-04-29 17:50:21,814 | ERROR | Ollama failed after 1 attempts; last error: [WinError 10061] No connection could be made because the target machine actively refused it
2026-04-29 17:50:26,123 | WARNING | Ollama connection error (attempt 1/1): [WinError 10061] No connection could be made because the target machine actively refused it
2026-04-29 17:50:26,124 | ERROR | Ollama failed after 1 attempts; last error: [WinError 10061] No connection could be made because the target machine actively refused it
2026-04-29 17:50:26,127 | INFO | ai.qualification.generated company_id=2 provider=fallback score=95
2026-04-29 17:50:26,131 | INFO | scoring.done company_id=2 score=94.2 priority=Hot fetch_ok=1
2026-04-29 17:50:26,532 | INFO | enrichment.start company_id=5 domain=flowco.ai
2026-04-29 17:50:30,833 | WARNING | Ollama connection error (attempt 1/1): [WinError 10061] No connection could be made because the target machine actively refused it
2026-04-29 17:50:30,833 | ERROR | Ollama failed after 1 attempts; last error: [WinError 10061] No connection could be made because the target machine actively refused it
2026-04-29 17:50:35,173 | WARNING | Ollama connection error (attempt 1/1): [WinError 10061] No connection could be made because the target machine actively refused it
2026-04-29 17:50:35,173 | ERROR | Ollama failed after 1 attempts; last error: [WinError 10061] No connection could be made because the target machine actively refused it
2026-04-29 17:50:39,612 | WARNING | Ollama connection error (attempt 1/1): [WinError 10061] No connection could be made because the target machine actively refused it
2026-04-29 17:50:39,613 | ERROR | Ollama failed after 1 attempts; last error: [WinError 10061] No connection could be made because the target machine actively refused it
2026-04-29 17:50:39,618 | INFO | ai.qualification.generated company_id=5 provider=fallback score=95
2026-04-29 17:50:39,622 | INFO | scoring.done company_id=5 score=94.2 priority=Hot fetch_ok=1
2026-04-29 17:50:40,023 | INFO | enrichment.start company_id=6 domain=cloudnova.ai
2026-04-29 17:50:44,483 | WARNING | Ollama connection error (attempt 1/1): [WinError 10061] No connection could be made because the target machine actively refused it
2026-04-29 17:50:44,483 | ERROR | Ollama failed after 1 attempts; last error: [WinError 10061] No connection could be made because the target machine actively refused it
2026-04-29 17:50:48,810 | WARNING | Ollama connection error (attempt 1/1): [WinError 10061] No connection could be made because the target machine actively refused it
2026-04-29 17:50:48,810 | ERROR | Ollama failed after 1 attempts; last error: [WinError 10061] No connection could be made because the target machine actively refused it
2026-04-29 17:50:53,314 | WARNING | Ollama connection error (attempt 1/1): [WinError 10061] No connection could be made because the target machine actively refused it
2026-04-29 17:50:53,314 | ERROR | Ollama failed after 1 attempts; last error: [WinError 10061] No connection could be made because the target machine actively refused it
2026-04-29 17:50:53,319 | INFO | ai.qualification.generated company_id=6 provider=fallback score=95
2026-04-29 17:50:53,324 | INFO | scoring.done company_id=6 score=94.2 priority=Hot fetch_ok=1
2026-04-29 17:50:54,060 | INFO | enrichment.start company_id=1 domain=acme.com
2026-04-29 17:50:58,453 | WARNING | Ollama connection error (attempt 1/1): [WinError 10061] No connection could be made because the target machine actively refused it
2026-04-29 17:50:58,454 | ERROR | Ollama failed after 1 attempts; last error: [WinError 10061] No connection could be made because the target machine actively refused it
2026-04-29 17:51:02,864 | WARNING | Ollama connection error (attempt 1/1): [WinError 10061] No connection could be made because the target machine actively refused it
2026-04-29 17:51:02,865 | ERROR | Ollama failed after 1 attempts; last error: [WinError 10061] No connection could be made because the target machine actively refused it
2026-04-29 17:51:07,325 | WARNING | Ollama connection error (attempt 1/1): [WinError 10061] No connection could be made because the target machine actively refused it
2026-04-29 17:51:07,325 | ERROR | Ollama failed after 1 attempts; last error: [WinError 10061] No connection could be made because the target machine actively refused it
2026-04-29 17:51:07,328 | INFO | ai.qualification.generated company_id=1 provider=fallback score=65
2026-04-29 17:51:07,332 | INFO | scoring.done company_id=1 score=38.7 priority=Cold fetch_ok=1
2026-04-29 17:51:07,678 | INFO | enrichment.start company_id=8 domain=leadify.ai
2026-04-29 17:51:12,023 | WARNING | Ollama connection error (attempt 1/1): [WinError 10061] No connection could be made because the target machine actively refused it
2026-04-29 17:51:12,023 | ERROR | Ollama failed after 1 attempts; last error: [WinError 10061] No connection could be made because the target machine actively refused it
2026-04-29 17:51:16,331 | WARNING | Ollama connection error (attempt 1/1): [WinError 10061] No connection could be made because the target machine actively refused it
2026-04-29 17:51:16,331 | ERROR | Ollama failed after 1 attempts; last error: [WinError 10061] No connection could be made because the target machine actively refused it
2026-04-29 17:51:20,630 | WARNING | Ollama connection error (attempt 1/1): [WinError 10061] No connection could be made because the target machine actively refused it
2026-04-29 17:51:20,630 | ERROR | Ollama failed after 1 attempts; last error: [WinError 10061] No connection could be made because the target machine actively refused it
2026-04-29 17:51:20,633 | INFO | ai.qualification.generated company_id=8 provider=fallback score=95
2026-04-29 17:51:20,637 | INFO | scoring.done company_id=8 score=94.2 priority=Hot fetch_ok=1
2026-04-29 17:51:21,037 | INFO | enrichment.start company_id=1 domain=acme.com
2026-04-29 17:51:25,354 | WARNING | Ollama connection error (attempt 1/1): [WinError 10061] No connection could be made because the target machine actively refused it
2026-04-29 17:51:25,354 | ERROR | Ollama failed after 1 attempts; last error: [WinError 10061] No connection could be made because the target machine actively refused it
2026-04-29 17:51:29,843 | WARNING | Ollama connection error (attempt 1/1): [WinError 10061] No connection could be made because the target machine actively refused it
2026-04-29 17:51:29,844 | ERROR | Ollama failed after 1 attempts; last error: [WinError 10061] No connection could be made because the target machine actively refused it
2026-04-29 17:51:34,134 | WARNING | Ollama connection error (attempt 1/1): [WinError 10061] No connection could be made because the target machine actively refused it
2026-04-29 17:51:34,134 | ERROR | Ollama failed after 1 attempts; last error: [WinError 10061] No connection could be made because the target machine actively refused it
2026-04-29 17:51:34,137 | INFO | ai.qualification.generated company_id=1 provider=fallback score=95
2026-04-29 17:51:34,141 | INFO | scoring.done company_id=1 score=94.2 priority=Hot fetch_ok=1
2026-04-29 17:51:34,542 | INFO | enrichment.start company_id=6 domain=cloudnova.ai
2026-04-29 17:51:38,858 | WARNING | Ollama connection error (attempt 1/1): [WinError 10061] No connection could be made because the target machine actively refused it
2026-04-29 17:51:38,858 | ERROR | Ollama failed after 1 attempts; last error: [WinError 10061] No connection could be made because the target machine actively refused it
2026-04-29 17:51:43,145 | WARNING | Ollama connection error (attempt 1/1): [WinError 10061] No connection could be made because the target machine actively refused it
2026-04-29 17:51:43,145 | ERROR | Ollama failed after 1 attempts; last error: [WinError 10061] No connection could be made because the target machine actively refused it
2026-04-29 17:51:47,564 | WARNING | Ollama connection error (attempt 1/1): [WinError 10061] No connection could be made because the target machine actively refused it
2026-04-29 17:51:47,564 | ERROR | Ollama failed after 1 attempts; last error: [WinError 10061] No connection could be made because the target machine actively refused it
2026-04-29 17:51:47,569 | INFO | ai.qualification.generated company_id=6 provider=fallback score=95
2026-04-29 17:51:47,575 | INFO | scoring.done company_id=6 score=94.2 priority=Hot fetch_ok=1
2026-04-29 17:51:47,975 | INFO | enrichment.start company_id=5 domain=flowco.ai
2026-04-29 17:51:52,283 | WARNING | Ollama connection error (attempt 1/1): [WinError 10061] No connection could be made because the target machine actively refused it
2026-04-29 17:51:52,283 | ERROR | Ollama failed after 1 attempts; last error: [WinError 10061] No connection could be made because the target machine actively refused it
2026-04-29 17:51:56,716 | WARNING | Ollama connection error (attempt 1/1): [WinError 10061] No connection could be made because the target machine actively refused it
2026-04-29 17:51:56,716 | ERROR | Ollama failed after 1 attempts; last error: [WinError 10061] No connection could be made because the target machine actively refused it
2026-04-29 17:52:01,000 | WARNING | Ollama connection error (attempt 1/1): [WinError 10061] No connection could be made because the target machine actively refused it
2026-04-29 17:52:01,000 | ERROR | Ollama failed after 1 attempts; last error: [WinError 10061] No connection could be made because the target machine actively refused it
2026-04-29 17:52:01,004 | INFO | ai.qualification.generated company_id=5 provider=fallback score=95
2026-04-29 17:52:01,009 | INFO | scoring.done company_id=5 score=94.2 priority=Hot fetch_ok=1
2026-04-29 17:52:01,410 | INFO | enrichment.start company_id=2 domain=beta.io
2026-04-29 17:52:05,732 | WARNING | Ollama connection error (attempt 1/1): [WinError 10061] No connection could be made because the target machine actively refused it
2026-04-29 17:52:05,732 | ERROR | Ollama failed after 1 attempts; last error: [WinError 10061] No connection could be made because the target machine actively refused it
2026-04-29 17:52:10,091 | WARNING | Ollama connection error (attempt 1/1): [WinError 10061] No connection could be made because the target machine actively refused it
2026-04-29 17:52:10,091 | ERROR | Ollama failed after 1 attempts; last error: [WinError 10061] No connection could be made because the target machine actively refused it
2026-04-29 17:52:14,436 | WARNING | Ollama connection error (attempt 1/1): [WinError 10061] No connection could be made because the target machine actively refused it
2026-04-29 17:52:14,436 | ERROR | Ollama failed after 1 attempts; last error: [WinError 10061] No connection could be made because the target machine actively refused it
2026-04-29 17:52:14,439 | INFO | ai.qualification.generated company_id=2 provider=fallback score=95
2026-04-29 17:52:14,443 | INFO | scoring.done company_id=2 score=94.2 priority=Hot fetch_ok=1
2026-04-29 17:52:14,843 | INFO | enrichment.start company_id=3 domain=yc-one.com
2026-04-29 17:52:19,161 | WARNING | Ollama connection error (attempt 1/1): [WinError 10061] No connection could be made because the target machine actively refused it
2026-04-29 17:52:19,161 | ERROR | Ollama failed after 1 attempts; last error: [WinError 10061] No connection could be made because the target machine actively refused it
2026-04-29 17:52:23,544 | WARNING | Ollama connection error (attempt 1/1): [WinError 10061] No connection could be made because the target machine actively refused it
2026-04-29 17:52:23,544 | ERROR | Ollama failed after 1 attempts; last error: [WinError 10061] No connection could be made because the target machine actively refused it
2026-04-29 17:52:27,859 | WARNING | Ollama connection error (attempt 1/1): [WinError 10061] No connection could be made because the target machine actively refused it
2026-04-29 17:52:27,860 | ERROR | Ollama failed after 1 attempts; last error: [WinError 10061] No connection could be made because the target machine actively refused it
2026-04-29 17:52:27,863 | INFO | ai.qualification.generated company_id=3 provider=fallback score=95
2026-04-29 17:52:27,867 | INFO | scoring.done company_id=3 score=94.2 priority=Hot fetch_ok=1
2026-04-29 17:52:28,268 | INFO | enrichment.start company_id=4 domain=yc-two.dev
2026-04-29 17:52:32,642 | WARNING | Ollama connection error (attempt 1/1): [WinError 10061] No connection could be made because the target machine actively refused it
2026-04-29 17:52:32,643 | ERROR | Ollama failed after 1 attempts; last error: [WinError 10061] No connection could be made because the target machine actively refused it
2026-04-29 17:52:37,053 | WARNING | Ollama connection error (attempt 1/1): [WinError 10061] No connection could be made because the target machine actively refused it
2026-04-29 17:52:37,054 | ERROR | Ollama failed after 1 attempts; last error: [WinError 10061] No connection could be made because the target machine actively refused it
2026-04-29 17:52:41,413 | WARNING | Ollama connection error (attempt 1/1): [WinError 10061] No connection could be made because the target machine actively refused it
2026-04-29 17:52:41,413 | ERROR | Ollama failed after 1 attempts; last error: [WinError 10061] No connection could be made because the target machine actively refused it
2026-04-29 17:52:41,417 | INFO | ai.qualification.generated company_id=4 provider=fallback score=95
2026-04-29 17:52:41,420 | INFO | scoring.done company_id=4 score=94.2 priority=Hot fetch_ok=1
2026-04-29 17:52:41,821 | INFO | enrichment.start company_id=7 domain=signalflow.ai
2026-04-29 17:52:46,286 | WARNING | Ollama connection error (attempt 1/1): [WinError 10061] No connection could be made because the target machine actively refused it
2026-04-29 17:52:46,286 | ERROR | Ollama failed after 1 attempts; last error: [WinError 10061] No connection could be made because the target machine actively refused it
2026-04-29 17:52:50,630 | WARNING | Ollama connection error (attempt 1/1): [WinError 10061] No connection could be made because the target machine actively refused it
2026-04-29 17:52:50,631 | ERROR | Ollama failed after 1 attempts; last error: [WinError 10061] No connection could be made because the target machine actively refused it
2026-04-29 17:52:54,924 | WARNING | Ollama connection error (attempt 1/1): [WinError 10061] No connection could be made because the target machine actively refused it
2026-04-29 17:52:54,925 | ERROR | Ollama failed after 1 attempts; last error: [WinError 10061] No connection could be made because the target machine actively refused it
2026-04-29 17:52:54,928 | INFO | ai.qualification.generated company_id=7 provider=fallback score=95
2026-04-29 17:52:54,932 | INFO | scoring.done company_id=7 score=94.2 priority=Hot fetch_ok=1
2026-04-29 17:52:54,949 | INFO | lead_score | ref=Aman Verma score=18 tier=cold factors={'company_size': 0.0, 'job_role': 15.0, 'country': 0.0, 'website_availability': 10.0, 'email_availability': 0.0, 'platform_source': 14.0, 'industry_match': 0.0, 'budget_potential': 0.0, 'messages': {'company_size': 'No company size -> 0', 'job_role': 'Executive / founder role -> +15', 'country': 'No country / location -> 0', 'website_availability': 'Website URL present -> +10', 'email_availability': 'No email -> 0', 'platform_source': "Platform 'linkedin' -> +14", 'industry_match': 'No benchmark industry configured -> 0', 'budget_potential': 'No budget keywords -> 0', 'weighted_components': 'role=70.0, signals=0.0, data=55.0, ai=0.0'}, 'raw_total': 39.0}
2026-04-29 17:52:54,949 | DEBUG | lead_score_breakdown ref=Aman Verma weighted={'score': 17.8, 'tier': 'cold', 'weights': {'role_relevance': 20.0, 'signals': 65.0, 'data_completeness': 15.0, 'ai_score': 25.0}, 'inputs': {'role_relevance': 70.0, 'signals': 0.0, 'data_completeness': 55.0, 'ai_score': 0.0}}
2026-04-29 17:52:55,449 | INFO | weekly_engine start day=mon keyword=software location=
2026-04-29 17:52:55,465 | INFO | weekly_engine Startup ingestion done: saved={'created': 0, 'updated': 0, 'skipped': 0} enrich={'selected': 0, 'ok': 0, 'failed': 0, 'skipped': 0}
2026-04-29 17:52:56,050 | INFO | weekly_engine start day=fri keyword=software location=
2026-04-29 17:52:56,330 | INFO | enrichment.start company_id=10 domain=satco.ai
2026-04-29 17:53:00,672 | WARNING | Ollama connection error (attempt 1/1): [WinError 10061] No connection could be made because the target machine actively refused it
2026-04-29 17:53:00,672 | ERROR | Ollama failed after 1 attempts; last error: [WinError 10061] No connection could be made because the target machine actively refused it
2026-04-29 17:53:05,008 | WARNING | Ollama connection error (attempt 1/1): [WinError 10061] No connection could be made because the target machine actively refused it
2026-04-29 17:53:05,008 | ERROR | Ollama failed after 1 attempts; last error: [WinError 10061] No connection could be made because the target machine actively refused it
2026-04-29 17:53:09,539 | WARNING | Ollama connection error (attempt 1/1): [WinError 10061] No connection could be made because the target machine actively refused it
2026-04-29 17:53:09,540 | ERROR | Ollama failed after 1 attempts; last error: [WinError 10061] No connection could be made because the target machine actively refused it
2026-04-29 17:53:09,544 | INFO | ai.qualification.generated company_id=10 provider=fallback score=95
2026-04-29 17:53:09,548 | INFO | scoring.done company_id=10 score=94.2 priority=Hot fetch_ok=1
2026-04-29 17:53:09,948 | INFO | enrichment.start company_id=9 domain=expireco.io
2026-04-29 17:53:14,369 | WARNING | Ollama connection error (attempt 1/1): [WinError 10061] No connection could be made because the target machine actively refused it
2026-04-29 17:53:14,369 | ERROR | Ollama failed after 1 attempts; last error: [WinError 10061] No connection could be made because the target machine actively refused it
2026-04-29 17:53:18,768 | WARNING | Ollama connection error (attempt 1/1): [WinError 10061] No connection could be made because the target machine actively refused it
2026-04-29 17:53:18,768 | ERROR | Ollama failed after 1 attempts; last error: [WinError 10061] No connection could be made because the target machine actively refused it
2026-04-29 17:53:23,036 | WARNING | Ollama connection error (attempt 1/1): [WinError 10061] No connection could be made because the target machine actively refused it
2026-04-29 17:53:23,037 | ERROR | Ollama failed after 1 attempts; last error: [WinError 10061] No connection could be made because the target machine actively refused it
2026-04-29 17:53:23,042 | INFO | ai.qualification.generated company_id=9 provider=fallback score=95
2026-04-29 17:53:23,050 | INFO | scoring.done company_id=9 score=94.2 priority=Hot fetch_ok=1
2026-04-29 17:53:23,451 | INFO | enrichment.start company_id=7 domain=signalflow.ai
2026-04-29 17:53:27,965 | WARNING | Ollama connection error (attempt 1/1): [WinError 10061] No connection could be made because the target machine actively refused it
2026-04-29 17:53:27,965 | ERROR | Ollama failed after 1 attempts; last error: [WinError 10061] No connection could be made because the target machine actively refused it
2026-04-29 17:53:32,272 | WARNING | Ollama connection error (attempt 1/1): [WinError 10061] No connection could be made because the target machine actively refused it
2026-04-29 17:53:32,272 | ERROR | Ollama failed after 1 attempts; last error: [WinError 10061] No connection could be made because the target machine actively refused it
2026-04-29 17:53:36,639 | WARNING | Ollama connection error (attempt 1/1): [WinError 10061] No connection could be made because the target machine actively refused it
2026-04-29 17:53:36,639 | ERROR | Ollama failed after 1 attempts; last error: [WinError 10061] No connection could be made because the target machine actively refused it
2026-04-29 17:53:36,642 | INFO | ai.qualification.generated company_id=7 provider=fallback score=95
2026-04-29 17:53:36,646 | INFO | scoring.done company_id=7 score=94.2 priority=Hot fetch_ok=1
2026-04-29 17:53:37,046 | INFO | enrichment.start company_id=4 domain=yc-two.dev
2026-04-29 17:53:44,320 | INFO | ingestion.multi_source.start sources=['yc'] delay=1.0
2026-04-29 17:53:44,321 | INFO | ingestion.source.start source=yc index=1/1
2026-04-29 17:53:46,734 | INFO | ingestion.source.done source=yc candidates=0 created=0 updated=0 skipped=0
2026-04-29 17:53:46,734 | INFO | ingestion.multi_source.done total_sources=1 failed_sources=0 total_created=0 total_updated=0 total_skipped=0
2026-04-29 17:53:46,735 | INFO | enrichment.start company_id=2 domain=beta.io
2026-04-29 17:53:52,024 | WARNING | Ollama connection error (attempt 1/1): [WinError 10061] No connection could be made because the target machine actively refused it
2026-04-29 17:53:52,025 | ERROR | Ollama failed after 1 attempts; last error: [WinError 10061] No connection could be made because the target machine actively refused it
2026-04-29 17:53:56,400 | WARNING | Ollama connection error (attempt 1/1): [WinError 10061] No connection could be made because the target machine actively refused it
2026-04-29 17:53:56,401 | ERROR | Ollama failed after 1 attempts; last error: [WinError 10061] No connection could be made because the target machine actively refused it
2026-04-29 17:54:00,710 | WARNING | Ollama connection error (attempt 1/1): [WinError 10061] No connection could be made because the target machine actively refused it
2026-04-29 17:54:00,710 | ERROR | Ollama failed after 1 attempts; last error: [WinError 10061] No connection could be made because the target machine actively refused it
2026-04-29 17:54:00,713 | INFO | ai.qualification.generated company_id=2 provider=fallback score=75
2026-04-29 17:54:00,720 | INFO | scoring.done company_id=2 score=47.2 priority=Cold fetch_ok=1
2026-04-29 17:54:01,720 | INFO | enrichment.start company_id=1 domain=acme.com
2026-04-29 17:54:06,780 | WARNING | Ollama connection error (attempt 1/1): [WinError 10061] No connection could be made because the target machine actively refused it
2026-04-29 17:54:06,780 | ERROR | Ollama failed after 1 attempts; last error: [WinError 10061] No connection could be made because the target machine actively refused it
2026-04-29 17:54:11,225 | WARNING | Ollama connection error (attempt 1/1): [WinError 10061] No connection could be made because the target machine actively refused it
2026-04-29 17:54:11,225 | ERROR | Ollama failed after 1 attempts; last error: [WinError 10061] No connection could be made because the target machine actively refused it
2026-04-29 17:54:15,673 | WARNING | Ollama connection error (attempt 1/1): [WinError 10061] No connection could be made because the target machine actively refused it
2026-04-29 17:54:15,673 | ERROR | Ollama failed after 1 attempts; last error: [WinError 10061] No connection could be made because the target machine actively refused it
2026-04-29 17:54:15,676 | INFO | ai.qualification.generated company_id=1 provider=fallback score=75
2026-04-29 17:54:15,679 | INFO | scoring.done company_id=1 score=40.0 priority=Cold fetch_ok=0
2026-04-29 17:54:15,970 | INFO | ingestion.multi_source.start sources=['yc'] delay=0.2
2026-04-29 17:54:15,970 | INFO | ingestion.source.start source=yc index=1/1
2026-04-29 17:54:15,974 | INFO | ingestion.source.done source=yc candidates=2 created=2 updated=0 skipped=0
2026-04-29 17:54:15,974 | INFO | ingestion.multi_source.done total_sources=1 failed_sources=0 total_created=2 total_updated=0 total_skipped=0
2026-04-29 17:54:15,980 | INFO | lead_score | ref=Decision Maker - Yc One score=8 tier=cold factors={'company_size': 0.0, 'job_role': 4.0, 'country': 0.0, 'website_availability': 10.0, 'email_availability': 0.0, 'platform_source': 5.0, 'industry_match': 0.0, 'budget_potential': 0.0, 'messages': {'company_size': 'No company size -> 0', 'job_role': 'Title present (IC) -> +4', 'country': 'No country / location -> 0', 'website_availability': 'Website URL present -> +10', 'email_availability': 'No email -> 0', 'platform_source': "Platform 'other' -> +5", 'industry_match': 'No benchmark industry configured -> 0', 'budget_potential': 'No budget keywords -> 0', 'weighted_components': 'role=18.7, signals=0.0, data=40.0, ai=0.0'}, 'raw_total': 19.0}
2026-04-29 17:54:15,980 | DEBUG | lead_score_breakdown ref=Decision Maker - Yc One weighted={'score': 7.79, 'tier': 'cold', 'weights': {'role_relevance': 20.0, 'signals': 65.0, 'data_completeness': 15.0, 'ai_score': 25.0}, 'inputs': {'role_relevance': 18.666666666666664, 'signals': 0.0, 'data_completeness': 40.0, 'ai_score': 0.0}}
2026-04-29 17:54:15,988 | INFO | lead_score | ref=Decision Maker - Yc Two score=8 tier=cold factors={'company_size': 0.0, 'job_role': 4.0, 'country': 0.0, 'website_availability': 10.0, 'email_availability': 0.0, 'platform_source': 5.0, 'industry_match': 0.0, 'budget_potential': 0.0, 'messages': {'company_size': 'No company size -> 0', 'job_role': 'Title present (IC) -> +4', 'country': 'No country / location -> 0', 'website_availability': 'Website URL present -> +10', 'email_availability': 'No email -> 0', 'platform_source': "Platform 'other' -> +5", 'industry_match': 'No benchmark industry configured -> 0', 'budget_potential': 'No budget keywords -> 0', 'weighted_components': 'role=18.7, signals=0.0, data=40.0, ai=0.0'}, 'raw_total': 19.0}
2026-04-29 17:54:15,989 | DEBUG | lead_score_breakdown ref=Decision Maker - Yc Two weighted={'score': 7.79, 'tier': 'cold', 'weights': {'role_relevance': 20.0, 'signals': 65.0, 'data_completeness': 15.0, 'ai_score': 25.0}, 'inputs': {'role_relevance': 18.666666666666664, 'signals': 0.0, 'data_completeness': 40.0, 'ai_score': 0.0}}
2026-04-29 17:54:15,990 | INFO | enrichment.start company_id=4 domain=yc-two.dev
2026-04-29 17:54:20,662 | WARNING | Ollama connection error (attempt 1/1): [WinError 10061] No connection could be made because the target machine actively refused it
2026-04-29 17:54:20,662 | ERROR | Ollama failed after 1 attempts; last error: [WinError 10061] No connection could be made because the target machine actively refused it
2026-04-29 17:54:24,991 | WARNING | Ollama connection error (attempt 1/1): [WinError 10061] No connection could be made because the target machine actively refused it
2026-04-29 17:54:24,991 | ERROR | Ollama failed after 1 attempts; last error: [WinError 10061] No connection could be made because the target machine actively refused it
2026-04-29 17:54:29,297 | WARNING | Ollama connection error (attempt 1/1): [WinError 10061] No connection could be made because the target machine actively refused it
2026-04-29 17:54:29,298 | ERROR | Ollama failed after 1 attempts; last error: [WinError 10061] No connection could be made because the target machine actively refused it
2026-04-29 17:54:29,301 | INFO | ai.qualification.generated company_id=4 provider=fallback score=75
2026-04-29 17:54:29,305 | INFO | scoring.done company_id=4 score=40.0 priority=Cold fetch_ok=0
2026-04-29 17:54:29,506 | INFO | enrichment.start company_id=3 domain=yc-one.com
2026-04-29 17:54:41,035 | WARNING | Ollama connection error (attempt 1/1): [WinError 10061] No connection could be made because the target machine actively refused it
2026-04-29 17:54:41,035 | ERROR | Ollama failed after 1 attempts; last error: [WinError 10061] No connection could be made because the target machine actively refused it
2026-04-29 17:54:45,337 | WARNING | Ollama connection error (attempt 1/1): [WinError 10061] No connection could be made because the target machine actively refused it
2026-04-29 17:54:45,337 | ERROR | Ollama failed after 1 attempts; last error: [WinError 10061] No connection could be made because the target machine actively refused it
2026-04-29 17:54:49,619 | WARNING | Ollama connection error (attempt 1/1): [WinError 10061] No connection could be made because the target machine actively refused it
2026-04-29 17:54:49,620 | ERROR | Ollama failed after 1 attempts; last error: [WinError 10061] No connection could be made because the target machine actively refused it
2026-04-29 17:54:49,623 | INFO | ai.qualification.generated company_id=3 provider=fallback score=75
2026-04-29 17:54:49,626 | INFO | scoring.done company_id=3 score=40.0 priority=Cold fetch_ok=0
2026-04-29 17:54:49,826 | INFO | enrichment.start company_id=1 domain=acme.com
2026-04-29 17:54:50,591 | INFO | ai.qualification.cache_hit company_id=1
2026-04-29 17:54:50,595 | INFO | scoring.done company_id=1 score=40.0 priority=Cold fetch_ok=0
2026-04-29 17:54:50,795 | INFO | enrichment.start company_id=2 domain=beta.io
2026-04-29 17:54:51,680 | INFO | ai.qualification.cache_hit company_id=2
2026-04-29 17:54:51,683 | INFO | scoring.done company_id=2 score=47.2 priority=Cold fetch_ok=1
2026-04-29 17:54:51,956 | INFO | ingestion.multi_source.start sources=['job_board'] delay=0.2
2026-04-29 17:54:51,956 | INFO | ingestion.source.start source=job_board index=1/1
2026-04-29 17:54:51,958 | INFO | ingestion.source.done source=job_board candidates=1 created=1 updated=0 skipped=0
2026-04-29 17:54:51,958 | INFO | ingestion.multi_source.done total_sources=1 failed_sources=0 total_created=1 total_updated=0 total_skipped=0
2026-04-29 17:54:51,962 | INFO | lead_score | ref=Decision Maker - Flow Co score=8 tier=cold factors={'company_size': 0.0, 'job_role': 4.0, 'country': 0.0, 'website_availability': 10.0, 'email_availability': 0.0, 'platform_source': 5.0, 'industry_match': 0.0, 'budget_potential': 0.0, 'messages': {'company_size': 'No company size -> 0', 'job_role': 'Title present (IC) -> +4', 'country': 'No country / location -> 0', 'website_availability': 'Website URL present -> +10', 'email_availability': 'No email -> 0', 'platform_source': "Platform 'other' -> +5", 'industry_match': 'No benchmark industry configured -> 0', 'budget_potential': 'No budget keywords -> 0', 'weighted_components': 'role=18.7, signals=0.0, data=40.0, ai=0.0'}, 'raw_total': 19.0}
2026-04-29 17:54:51,962 | DEBUG | lead_score_breakdown ref=Decision Maker - Flow Co weighted={'score': 7.79, 'tier': 'cold', 'weights': {'role_relevance': 20.0, 'signals': 65.0, 'data_completeness': 15.0, 'ai_score': 25.0}, 'inputs': {'role_relevance': 18.666666666666664, 'signals': 0.0, 'data_completeness': 40.0, 'ai_score': 0.0}}
2026-04-29 17:54:51,983 | INFO | ingestion.multi_source.start sources=['job_board'] delay=0.2
2026-04-29 17:54:51,983 | INFO | ingestion.source.start source=job_board index=1/1
2026-04-29 17:54:51,985 | INFO | ingestion.source.done source=job_board candidates=1 created=0 updated=1 skipped=0
2026-04-29 17:54:51,985 | INFO | ingestion.multi_source.done total_sources=1 failed_sources=0 total_created=0 total_updated=1 total_skipped=0
2026-04-29 17:54:51,989 | INFO | lead_score | ref=Decision Maker - Flow Co Updated score=8 tier=cold factors={'company_size': 0.0, 'job_role': 4.0, 'country': 0.0, 'website_availability': 10.0, 'email_availability': 0.0, 'platform_source': 5.0, 'industry_match': 0.0, 'budget_potential': 0.0, 'messages': {'company_size': 'No company size -> 0', 'job_role': 'Title present (IC) -> +4', 'country': 'No country / location -> 0', 'website_availability': 'Website URL present -> +10', 'email_availability': 'No email -> 0', 'platform_source': "Platform 'other' -> +5", 'industry_match': 'No benchmark industry configured -> 0', 'budget_potential': 'No budget keywords -> 0', 'weighted_components': 'role=18.7, signals=0.0, data=40.0, ai=0.0'}, 'raw_total': 19.0}
2026-04-29 17:54:51,989 | DEBUG | lead_score_breakdown ref=Decision Maker - Flow Co Updated weighted={'score': 7.79, 'tier': 'cold', 'weights': {'role_relevance': 20.0, 'signals': 65.0, 'data_completeness': 15.0, 'ai_score': 25.0}, 'inputs': {'role_relevance': 18.666666666666664, 'signals': 0.0, 'data_completeness': 40.0, 'ai_score': 0.0}}
2026-04-29 17:54:52,884 | INFO | lead_score | ref=Decision Maker - A score=8 tier=cold factors={'company_size': 0.0, 'job_role': 4.0, 'country': 0.0, 'website_availability': 10.0, 'email_availability': 0.0, 'platform_source': 5.0, 'industry_match': 0.0, 'budget_potential': 0.0, 'messages': {'company_size': 'No company size -> 0', 'job_role': 'Title present (IC) -> +4', 'country': 'No country / location -> 0', 'website_availability': 'Website URL present -> +10', 'email_availability': 'No email -> 0', 'platform_source': "Platform 'other' -> +5", 'industry_match': 'No benchmark industry configured -> 0', 'budget_potential': 'No budget keywords -> 0', 'weighted_components': 'role=18.7, signals=0.0, data=40.0, ai=0.0'}, 'raw_total': 19.0}
2026-04-29 17:54:52,885 | DEBUG | lead_score_breakdown ref=Decision Maker - A weighted={'score': 7.79, 'tier': 'cold', 'weights': {'role_relevance': 20.0, 'signals': 65.0, 'data_completeness': 15.0, 'ai_score': 25.0}, 'inputs': {'role_relevance': 18.666666666666664, 'signals': 0.0, 'data_completeness': 40.0, 'ai_score': 0.0}}
2026-04-29 17:54:56,542 | INFO | enrichment.start company_id=6 domain=cloudnova.ai
2026-04-29 17:55:01,493 | WARNING | Ollama connection error (attempt 1/1): [WinError 10061] No connection could be made because the target machine actively refused it
2026-04-29 17:55:01,493 | ERROR | Ollama failed after 1 attempts; last error: [WinError 10061] No connection could be made because the target machine actively refused it
2026-04-29 17:55:05,796 | WARNING | Ollama connection error (attempt 1/1): [WinError 10061] No connection could be made because the target machine actively refused it
2026-04-29 17:55:05,797 | ERROR | Ollama failed after 1 attempts; last error: [WinError 10061] No connection could be made because the target machine actively refused it
2026-04-29 17:55:10,076 | WARNING | Ollama connection error (attempt 1/1): [WinError 10061] No connection could be made because the target machine actively refused it
2026-04-29 17:55:10,076 | ERROR | Ollama failed after 1 attempts; last error: [WinError 10061] No connection could be made because the target machine actively refused it
2026-04-29 17:55:10,079 | INFO | ai.qualification.generated company_id=6 provider=fallback score=75
2026-04-29 17:55:10,083 | INFO | scoring.done company_id=6 score=40.0 priority=Cold fetch_ok=0
2026-04-29 17:55:11,083 | INFO | enrichment.start company_id=5 domain=flowco.ai
2026-04-29 17:55:16,764 | WARNING | Ollama connection error (attempt 1/1): [WinError 10061] No connection could be made because the target machine actively refused it
2026-04-29 17:55:16,764 | ERROR | Ollama failed after 1 attempts; last error: [WinError 10061] No connection could be made because the target machine actively refused it
2026-04-29 17:55:21,047 | WARNING | Ollama connection error (attempt 1/1): [WinError 10061] No connection could be made because the target machine actively refused it
2026-04-29 17:55:21,048 | ERROR | Ollama failed after 1 attempts; last error: [WinError 10061] No connection could be made because the target machine actively refused it
2026-04-29 17:55:25,321 | WARNING | Ollama connection error (attempt 1/1): [WinError 10061] No connection could be made because the target machine actively refused it
2026-04-29 17:55:25,322 | ERROR | Ollama failed after 1 attempts; last error: [WinError 10061] No connection could be made because the target machine actively refused it
2026-04-29 17:55:25,326 | INFO | ai.qualification.generated company_id=5 provider=fallback score=65
2026-04-29 17:55:25,329 | INFO | scoring.done company_id=5 score=38.7 priority=Cold fetch_ok=1
2026-04-29 17:55:26,329 | INFO | enrichment.start company_id=2 domain=beta.io
2026-04-29 17:55:27,280 | INFO | ai.qualification.cache_hit company_id=2
2026-04-29 17:55:27,284 | INFO | scoring.done company_id=2 score=47.2 priority=Cold fetch_ok=1
2026-04-29 17:55:28,285 | INFO | enrichment.start company_id=1 domain=acme.com
2026-04-29 17:55:30,069 | INFO | ai.qualification.cache_hit company_id=1
2026-04-29 17:55:30,072 | INFO | scoring.done company_id=1 score=40.0 priority=Cold fetch_ok=0
2026-04-29 17:55:31,073 | INFO | enrichment.start company_id=3 domain=yc-one.com
2026-04-29 17:55:38,388 | INFO | ai.qualification.cache_hit company_id=3
2026-04-29 17:55:38,392 | INFO | scoring.done company_id=3 score=40.0 priority=Cold fetch_ok=0
2026-04-29 17:55:39,392 | INFO | enrichment.start company_id=4 domain=yc-two.dev
2026-04-29 17:55:39,708 | INFO | ai.qualification.cache_hit company_id=4
2026-04-29 17:55:39,711 | INFO | scoring.done company_id=4 score=40.0 priority=Cold fetch_ok=0
2026-04-29 17:55:39,981 | INFO | enrichment.start company_id=7 domain=signalflow.ai
2026-04-29 17:55:44,281 | WARNING | Ollama connection error (attempt 1/1): [WinError 10061] No connection could be made because the target machine actively refused it
2026-04-29 17:55:44,282 | ERROR | Ollama failed after 1 attempts; last error: [WinError 10061] No connection could be made because the target machine actively refused it
2026-04-29 17:55:48,557 | WARNING | Ollama connection error (attempt 1/1): [WinError 10061] No connection could be made because the target machine actively refused it
2026-04-29 17:55:48,557 | ERROR | Ollama failed after 1 attempts; last error: [WinError 10061] No connection could be made because the target machine actively refused it
2026-04-29 17:55:52,838 | WARNING | Ollama connection error (attempt 1/1): [WinError 10061] No connection could be made because the target machine actively refused it
2026-04-29 17:55:52,838 | ERROR | Ollama failed after 1 attempts; last error: [WinError 10061] No connection could be made because the target machine actively refused it
2026-04-29 17:55:52,841 | INFO | ai.qualification.generated company_id=7 provider=fallback score=95
2026-04-29 17:55:52,845 | INFO | scoring.done company_id=7 score=94.2 priority=Hot fetch_ok=1
2026-04-29 17:55:53,246 | INFO | enrichment.start company_id=4 domain=yc-two.dev
2026-04-29 17:55:57,536 | WARNING | Ollama connection error (attempt 1/1): [WinError 10061] No connection could be made because the target machine actively refused it
2026-04-29 17:55:57,536 | ERROR | Ollama failed after 1 attempts; last error: [WinError 10061] No connection could be made because the target machine actively refused it
2026-04-29 17:56:01,848 | WARNING | Ollama connection error (attempt 1/1): [WinError 10061] No connection could be made because the target machine actively refused it
2026-04-29 17:56:01,849 | ERROR | Ollama failed after 1 attempts; last error: [WinError 10061] No connection could be made because the target machine actively refused it
2026-04-29 17:56:06,131 | WARNING | Ollama connection error (attempt 1/1): [WinError 10061] No connection could be made because the target machine actively refused it
2026-04-29 17:56:06,131 | ERROR | Ollama failed after 1 attempts; last error: [WinError 10061] No connection could be made because the target machine actively refused it
2026-04-29 17:56:06,134 | INFO | ai.qualification.generated company_id=4 provider=fallback score=95
2026-04-29 17:56:06,139 | INFO | scoring.done company_id=4 score=94.2 priority=Hot fetch_ok=1
2026-04-29 17:56:06,539 | INFO | enrichment.start company_id=3 domain=yc-one.com
2026-04-29 17:56:10,851 | WARNING | Ollama connection error (attempt 1/1): [WinError 10061] No connection could be made because the target machine actively refused it
2026-04-29 17:56:10,852 | ERROR | Ollama failed after 1 attempts; last error: [WinError 10061] No connection could be made because the target machine actively refused it
2026-04-29 17:56:15,136 | WARNING | Ollama connection error (attempt 1/1): [WinError 10061] No connection could be made because the target machine actively refused it
2026-04-29 17:56:15,136 | ERROR | Ollama failed after 1 attempts; last error: [WinError 10061] No connection could be made because the target machine actively refused it
2026-04-29 17:56:19,398 | WARNING | Ollama connection error (attempt 1/1): [WinError 10061] No connection could be made because the target machine actively refused it
2026-04-29 17:56:19,399 | ERROR | Ollama failed after 1 attempts; last error: [WinError 10061] No connection could be made because the target machine actively refused it
2026-04-29 17:56:19,403 | INFO | ai.qualification.generated company_id=3 provider=fallback score=95
2026-04-29 17:56:19,406 | INFO | scoring.done company_id=3 score=94.2 priority=Hot fetch_ok=1
2026-04-29 17:56:19,807 | INFO | enrichment.start company_id=1 domain=acme.com
2026-04-29 17:56:24,293 | WARNING | Ollama connection error (attempt 1/1): [WinError 10061] No connection could be made because the target machine actively refused it
2026-04-29 17:56:24,293 | ERROR | Ollama failed after 1 attempts; last error: [WinError 10061] No connection could be made because the target machine actively refused it
2026-04-29 17:56:28,597 | WARNING | Ollama connection error (attempt 1/1): [WinError 10061] No connection could be made because the target machine actively refused it
2026-04-29 17:56:28,598 | ERROR | Ollama failed after 1 attempts; last error: [WinError 10061] No connection could be made because the target machine actively refused it
2026-04-29 17:56:32,943 | WARNING | Ollama connection error (attempt 1/1): [WinError 10061] No connection could be made because the target machine actively refused it
2026-04-29 17:56:32,943 | ERROR | Ollama failed after 1 attempts; last error: [WinError 10061] No connection could be made because the target machine actively refused it
2026-04-29 17:56:32,948 | INFO | ai.qualification.generated company_id=1 provider=fallback score=95
2026-04-29 17:56:32,954 | INFO | scoring.done company_id=1 score=94.2 priority=Hot fetch_ok=1
2026-04-29 17:56:33,355 | INFO | enrichment.start company_id=2 domain=beta.io
2026-04-29 17:56:37,667 | WARNING | Ollama connection error (attempt 1/1): [WinError 10061] No connection could be made because the target machine actively refused it
2026-04-29 17:56:37,667 | ERROR | Ollama failed after 1 attempts; last error: [WinError 10061] No connection could be made because the target machine actively refused it
2026-04-29 17:56:41,973 | WARNING | Ollama connection error (attempt 1/1): [WinError 10061] No connection could be made because the target machine actively refused it
2026-04-29 17:56:41,973 | ERROR | Ollama failed after 1 attempts; last error: [WinError 10061] No connection could be made because the target machine actively refused it
2026-04-29 17:56:46,292 | WARNING | Ollama connection error (attempt 1/1): [WinError 10061] No connection could be made because the target machine actively refused it
2026-04-29 17:56:46,292 | ERROR | Ollama failed after 1 attempts; last error: [WinError 10061] No connection could be made because the target machine actively refused it
2026-04-29 17:56:46,295 | INFO | ai.qualification.generated company_id=2 provider=fallback score=95
2026-04-29 17:56:46,300 | INFO | scoring.done company_id=2 score=94.2 priority=Hot fetch_ok=1
2026-04-29 17:56:46,700 | INFO | enrichment.start company_id=5 domain=flowco.ai
2026-04-29 17:56:51,018 | WARNING | Ollama connection error (attempt 1/1): [WinError 10061] No connection could be made because the target machine actively refused it
2026-04-29 17:56:51,018 | ERROR | Ollama failed after 1 attempts; last error: [WinError 10061] No connection could be made because the target machine actively refused it
2026-04-29 17:56:55,331 | WARNING | Ollama connection error (attempt 1/1): [WinError 10061] No connection could be made because the target machine actively refused it
2026-04-29 17:56:55,332 | ERROR | Ollama failed after 1 attempts; last error: [WinError 10061] No connection could be made because the target machine actively refused it
2026-04-29 17:56:59,647 | WARNING | Ollama connection error (attempt 1/1): [WinError 10061] No connection could be made because the target machine actively refused it
2026-04-29 17:56:59,647 | ERROR | Ollama failed after 1 attempts; last error: [WinError 10061] No connection could be made because the target machine actively refused it
2026-04-29 17:56:59,659 | INFO | ai.qualification.generated company_id=5 provider=fallback score=95
2026-04-29 17:56:59,665 | INFO | scoring.done company_id=5 score=94.2 priority=Hot fetch_ok=1
2026-04-29 17:57:00,065 | INFO | enrichment.start company_id=6 domain=cloudnova.ai
2026-04-29 17:57:04,369 | WARNING | Ollama connection error (attempt 1/1): [WinError 10061] No connection could be made because the target machine actively refused it
2026-04-29 17:57:04,369 | ERROR | Ollama failed after 1 attempts; last error: [WinError 10061] No connection could be made because the target machine actively refused it
2026-04-29 17:57:08,655 | WARNING | Ollama connection error (attempt 1/1): [WinError 10061] No connection could be made because the target machine actively refused it
2026-04-29 17:57:08,655 | ERROR | Ollama failed after 1 attempts; last error: [WinError 10061] No connection could be made because the target machine actively refused it
2026-04-29 17:57:12,952 | WARNING | Ollama connection error (attempt 1/1): [WinError 10061] No connection could be made because the target machine actively refused it
2026-04-29 17:57:12,953 | ERROR | Ollama failed after 1 attempts; last error: [WinError 10061] No connection could be made because the target machine actively refused it
2026-04-29 17:57:12,956 | INFO | ai.qualification.generated company_id=6 provider=fallback score=95
2026-04-29 17:57:12,959 | INFO | scoring.done company_id=6 score=94.2 priority=Hot fetch_ok=1
2026-04-29 17:58:07,465 | INFO | lead_score | ref=Owner A score=3 tier=cold factors={'company_size': 0.0, 'job_role': 0.0, 'country': 0.0, 'website_availability': 0.0, 'email_availability': 0.0, 'platform_source': 14.0, 'industry_match': 0.0, 'budget_potential': 0.0, 'messages': {'company_size': 'No company size -> 0', 'job_role': 'No job title -> 0', 'country': 'No country / location -> 0', 'website_availability': 'No company website -> 0', 'email_availability': 'No email -> 0', 'platform_source': "Platform 'linkedin' -> +14", 'industry_match': 'No benchmark industry configured -> 0', 'budget_potential': 'No budget keywords -> 0', 'weighted_components': 'role=0.0, signals=0.0, data=15.0, ai=0.0'}, 'raw_total': 14.0}
2026-04-29 17:58:07,465 | DEBUG | lead_score_breakdown ref=Owner A weighted={'score': 3.0, 'tier': 'cold', 'weights': {'role_relevance': 40.0, 'signals': 35.0, 'data_completeness': 25.0, 'ai_score': 25.0}, 'inputs': {'role_relevance': 0.0, 'signals': 0.0, 'data_completeness': 15.0, 'ai_score': 0.0}}
2026-04-29 17:58:07,491 | INFO | lead_score | ref=Owner B score=3 tier=cold factors={'company_size': 0.0, 'job_role': 0.0, 'country': 0.0, 'website_availability': 0.0, 'email_availability': 0.0, 'platform_source': 14.0, 'industry_match': 0.0, 'budget_potential': 0.0, 'messages': {'company_size': 'No company size -> 0', 'job_role': 'No job title -> 0', 'country': 'No country / location -> 0', 'website_availability': 'No company website -> 0', 'email_availability': 'No email -> 0', 'platform_source': "Platform 'linkedin' -> +14", 'industry_match': 'No benchmark industry configured -> 0', 'budget_potential': 'No budget keywords -> 0', 'weighted_components': 'role=0.0, signals=0.0, data=15.0, ai=0.0'}, 'raw_total': 14.0}
2026-04-29 17:58:07,491 | DEBUG | lead_score_breakdown ref=Owner B weighted={'score': 3.0, 'tier': 'cold', 'weights': {'role_relevance': 40.0, 'signals': 35.0, 'data_completeness': 25.0, 'ai_score': 25.0}, 'inputs': {'role_relevance': 0.0, 'signals': 0.0, 'data_completeness': 15.0, 'ai_score': 0.0}}
2026-04-29 17:58:21,086 | INFO | lead_score | ref=Owner A score=3 tier=cold factors={'company_size': 0.0, 'job_role': 0.0, 'country': 0.0, 'website_availability': 0.0, 'email_availability': 0.0, 'platform_source': 14.0, 'industry_match': 0.0, 'budget_potential': 0.0, 'messages': {'company_size': 'No company size -> 0', 'job_role': 'No job title -> 0', 'country': 'No country / location -> 0', 'website_availability': 'No company website -> 0', 'email_availability': 'No email -> 0', 'platform_source': "Platform 'linkedin' -> +14", 'industry_match': 'No benchmark industry configured -> 0', 'budget_potential': 'No budget keywords -> 0', 'weighted_components': 'role=0.0, signals=0.0, data=15.0, ai=0.0'}, 'raw_total': 14.0}
2026-04-29 17:58:21,087 | DEBUG | lead_score_breakdown ref=Owner A weighted={'score': 3.0, 'tier': 'cold', 'weights': {'role_relevance': 40.0, 'signals': 35.0, 'data_completeness': 25.0, 'ai_score': 25.0}, 'inputs': {'role_relevance': 0.0, 'signals': 0.0, 'data_completeness': 15.0, 'ai_score': 0.0}}
2026-04-29 17:58:21,108 | INFO | lead_score | ref=Owner B score=3 tier=cold factors={'company_size': 0.0, 'job_role': 0.0, 'country': 0.0, 'website_availability': 0.0, 'email_availability': 0.0, 'platform_source': 14.0, 'industry_match': 0.0, 'budget_potential': 0.0, 'messages': {'company_size': 'No company size -> 0', 'job_role': 'No job title -> 0', 'country': 'No country / location -> 0', 'website_availability': 'No company website -> 0', 'email_availability': 'No email -> 0', 'platform_source': "Platform 'linkedin' -> +14", 'industry_match': 'No benchmark industry configured -> 0', 'budget_potential': 'No budget keywords -> 0', 'weighted_components': 'role=0.0, signals=0.0, data=15.0, ai=0.0'}, 'raw_total': 14.0}
2026-04-29 17:58:21,108 | DEBUG | lead_score_breakdown ref=Owner B weighted={'score': 3.0, 'tier': 'cold', 'weights': {'role_relevance': 40.0, 'signals': 35.0, 'data_completeness': 25.0, 'ai_score': 25.0}, 'inputs': {'role_relevance': 0.0, 'signals': 0.0, 'data_completeness': 15.0, 'ai_score': 0.0}}
2026-04-29 18:08:14,764 | INFO | lead_score | ref=Owner A score=3 tier=cold factors={'company_size': 0.0, 'job_role': 0.0, 'country': 0.0, 'website_availability': 0.0, 'email_availability': 0.0, 'platform_source': 14.0, 'industry_match': 0.0, 'budget_potential': 0.0, 'messages': {'company_size': 'No company size -> 0', 'job_role': 'No job title -> 0', 'country': 'No country / location -> 0', 'website_availability': 'No company website -> 0', 'email_availability': 'No email -> 0', 'platform_source': "Platform 'linkedin' -> +14", 'industry_match': 'No benchmark industry configured -> 0', 'budget_potential': 'No budget keywords -> 0', 'weighted_components': 'role=0.0, signals=0.0, data=15.0, ai=0.0'}, 'raw_total': 14.0}
2026-04-29 18:08:14,765 | DEBUG | lead_score_breakdown ref=Owner A weighted={'score': 3.0, 'tier': 'cold', 'weights': {'role_relevance': 40.0, 'signals': 35.0, 'data_completeness': 25.0, 'ai_score': 25.0}, 'inputs': {'role_relevance': 0.0, 'signals': 0.0, 'data_completeness': 15.0, 'ai_score': 0.0}}
2026-04-29 18:08:14,782 | INFO | lead_score | ref=Owner B score=3 tier=cold factors={'company_size': 0.0, 'job_role': 0.0, 'country': 0.0, 'website_availability': 0.0, 'email_availability': 0.0, 'platform_source': 14.0, 'industry_match': 0.0, 'budget_potential': 0.0, 'messages': {'company_size': 'No company size -> 0', 'job_role': 'No job title -> 0', 'country': 'No country / location -> 0', 'website_availability': 'No company website -> 0', 'email_availability': 'No email -> 0', 'platform_source': "Platform 'linkedin' -> +14", 'industry_match': 'No benchmark industry configured -> 0', 'budget_potential': 'No budget keywords -> 0', 'weighted_components': 'role=0.0, signals=0.0, data=15.0, ai=0.0'}, 'raw_total': 14.0}
2026-04-29 18:08:14,782 | DEBUG | lead_score_breakdown ref=Owner B weighted={'score': 3.0, 'tier': 'cold', 'weights': {'role_relevance': 40.0, 'signals': 35.0, 'data_completeness': 25.0, 'ai_score': 25.0}, 'inputs': {'role_relevance': 0.0, 'signals': 0.0, 'data_completeness': 15.0, 'ai_score': 0.0}}
2026-04-29 18:13:30,313 | INFO | enrichment.start company_id=1 domain=signalflow.ai
2026-04-29 18:13:34,692 | WARNING | Ollama connection error (attempt 1/1): [WinError 10061] No connection could be made because the target machine actively refused it
2026-04-29 18:13:34,693 | ERROR | Ollama failed after 1 attempts; last error: [WinError 10061] No connection could be made because the target machine actively refused it
2026-04-29 18:13:38,971 | WARNING | Ollama connection error (attempt 1/1): [WinError 10061] No connection could be made because the target machine actively refused it
2026-04-29 18:13:38,971 | ERROR | Ollama failed after 1 attempts; last error: [WinError 10061] No connection could be made because the target machine actively refused it
2026-04-29 18:13:43,243 | WARNING | Ollama connection error (attempt 1/1): [WinError 10061] No connection could be made because the target machine actively refused it
2026-04-29 18:13:43,243 | ERROR | Ollama failed after 1 attempts; last error: [WinError 10061] No connection could be made because the target machine actively refused it
2026-04-29 18:13:43,247 | INFO | ai.qualification.generated company_id=1 provider=fallback score=95
2026-04-29 18:13:43,252 | INFO | scoring.done company_id=1 score=89.4 priority=Hot fetch_ok=1
2026-04-29 18:13:57,827 | INFO | lead_score | ref=Owner A score=3 tier=cold factors={'company_size': 0.0, 'job_role': 0.0, 'country': 0.0, 'website_availability': 0.0, 'email_availability': 0.0, 'platform_source': 14.0, 'industry_match': 0.0, 'budget_potential': 0.0, 'messages': {'company_size': 'No company size -> 0', 'job_role': 'No job title -> 0', 'country': 'No country / location -> 0', 'website_availability': 'No company website -> 0', 'email_availability': 'No email -> 0', 'platform_source': "Platform 'linkedin' -> +14", 'industry_match': 'No benchmark industry configured -> 0', 'budget_potential': 'No budget keywords -> 0', 'weighted_components': 'role=0.0, signals=0.0, data=15.0, ai=0.0'}, 'raw_total': 14.0}
2026-04-29 18:13:57,828 | DEBUG | lead_score_breakdown ref=Owner A weighted={'score': 3.0, 'tier': 'cold', 'weights': {'role_relevance': 40.0, 'signals': 35.0, 'data_completeness': 25.0, 'ai_score': 25.0}, 'inputs': {'role_relevance': 0.0, 'signals': 0.0, 'data_completeness': 15.0, 'ai_score': 0.0}}
2026-04-29 18:13:57,851 | INFO | lead_score | ref=Owner B score=3 tier=cold factors={'company_size': 0.0, 'job_role': 0.0, 'country': 0.0, 'website_availability': 0.0, 'email_availability': 0.0, 'platform_source': 14.0, 'industry_match': 0.0, 'budget_potential': 0.0, 'messages': {'company_size': 'No company size -> 0', 'job_role': 'No job title -> 0', 'country': 'No country / location -> 0', 'website_availability': 'No company website -> 0', 'email_availability': 'No email -> 0', 'platform_source': "Platform 'linkedin' -> +14", 'industry_match': 'No benchmark industry configured -> 0', 'budget_potential': 'No budget keywords -> 0', 'weighted_components': 'role=0.0, signals=0.0, data=15.0, ai=0.0'}, 'raw_total': 14.0}
2026-04-29 18:13:57,851 | DEBUG | lead_score_breakdown ref=Owner B weighted={'score': 3.0, 'tier': 'cold', 'weights': {'role_relevance': 40.0, 'signals': 35.0, 'data_completeness': 25.0, 'ai_score': 25.0}, 'inputs': {'role_relevance': 0.0, 'signals': 0.0, 'data_completeness': 15.0, 'ai_score': 0.0}}
2026-04-29 18:13:59,699 | INFO | ingestion.multi_source.start sources=['yc'] delay=1.0
2026-04-29 18:13:59,699 | INFO | ingestion.source.start source=yc index=1/1
2026-04-29 18:14:01,950 | INFO | ingestion.source.done source=yc candidates=0 created=0 updated=0 skipped=0
2026-04-29 18:14:01,950 | INFO | ingestion.multi_source.done total_sources=1 failed_sources=0 total_created=0 total_updated=0 total_skipped=0
2026-04-29 18:14:01,952 | INFO | enrichment.start company_id=2 domain=beta.io
2026-04-29 18:14:07,291 | WARNING | Ollama connection error (attempt 1/1): [WinError 10061] No connection could be made because the target machine actively refused it
2026-04-29 18:14:07,291 | ERROR | Ollama failed after 1 attempts; last error: [WinError 10061] No connection could be made because the target machine actively refused it
2026-04-29 18:14:11,643 | WARNING | Ollama connection error (attempt 1/1): [WinError 10061] No connection could be made because the target machine actively refused it
2026-04-29 18:14:11,643 | ERROR | Ollama failed after 1 attempts; last error: [WinError 10061] No connection could be made because the target machine actively refused it
2026-04-29 18:14:15,918 | WARNING | Ollama connection error (attempt 1/1): [WinError 10061] No connection could be made because the target machine actively refused it
2026-04-29 18:14:15,918 | ERROR | Ollama failed after 1 attempts; last error: [WinError 10061] No connection could be made because the target machine actively refused it
2026-04-29 18:14:15,921 | INFO | ai.qualification.generated company_id=2 provider=fallback score=75
2026-04-29 18:14:15,928 | INFO | scoring.done company_id=2 score=47.2 priority=Cold fetch_ok=1
2026-04-29 18:14:16,928 | INFO | enrichment.start company_id=1 domain=acme.com
2026-04-29 18:14:22,302 | WARNING | Ollama connection error (attempt 1/1): [WinError 10061] No connection could be made because the target machine actively refused it
2026-04-29 18:14:22,303 | ERROR | Ollama failed after 1 attempts; last error: [WinError 10061] No connection could be made because the target machine actively refused it
2026-04-29 18:14:26,787 | WARNING | Ollama connection error (attempt 1/1): [WinError 10061] No connection could be made because the target machine actively refused it
2026-04-29 18:14:26,787 | ERROR | Ollama failed after 1 attempts; last error: [WinError 10061] No connection could be made because the target machine actively refused it
2026-04-29 18:14:31,089 | WARNING | Ollama connection error (attempt 1/1): [WinError 10061] No connection could be made because the target machine actively refused it
2026-04-29 18:14:31,089 | ERROR | Ollama failed after 1 attempts; last error: [WinError 10061] No connection could be made because the target machine actively refused it
2026-04-29 18:14:31,092 | INFO | ai.qualification.generated company_id=1 provider=fallback score=75
2026-04-29 18:14:31,095 | INFO | scoring.done company_id=1 score=40.0 priority=Cold fetch_ok=0
2026-04-29 18:14:31,356 | INFO | ingestion.multi_source.start sources=['yc'] delay=0.2
2026-04-29 18:14:31,357 | INFO | ingestion.source.start source=yc index=1/1
2026-04-29 18:14:31,359 | INFO | ingestion.source.done source=yc candidates=2 created=2 updated=0 skipped=0
2026-04-29 18:14:31,359 | INFO | ingestion.multi_source.done total_sources=1 failed_sources=0 total_created=2 total_updated=0 total_skipped=0
2026-04-29 18:14:31,363 | INFO | lead_score | ref=Decision Maker - Yc One score=8 tier=cold factors={'company_size': 0.0, 'job_role': 4.0, 'country': 0.0, 'website_availability': 10.0, 'email_availability': 0.0, 'platform_source': 5.0, 'industry_match': 0.0, 'budget_potential': 0.0, 'messages': {'company_size': 'No company size -> 0', 'job_role': 'Title present (IC) -> +4', 'country': 'No country / location -> 0', 'website_availability': 'Website URL present -> +10', 'email_availability': 'No email -> 0', 'platform_source': "Platform 'other' -> +5", 'industry_match': 'No benchmark industry configured -> 0', 'budget_potential': 'No budget keywords -> 0', 'weighted_components': 'role=18.7, signals=0.0, data=40.0, ai=0.0'}, 'raw_total': 19.0}
2026-04-29 18:14:31,363 | DEBUG | lead_score_breakdown ref=Decision Maker - Yc One weighted={'score': 7.79, 'tier': 'cold', 'weights': {'role_relevance': 20.0, 'signals': 65.0, 'data_completeness': 15.0, 'ai_score': 25.0}, 'inputs': {'role_relevance': 18.666666666666664, 'signals': 0.0, 'data_completeness': 40.0, 'ai_score': 0.0}}
2026-04-29 18:14:31,367 | INFO | lead_score | ref=Decision Maker - Yc Two score=8 tier=cold factors={'company_size': 0.0, 'job_role': 4.0, 'country': 0.0, 'website_availability': 10.0, 'email_availability': 0.0, 'platform_source': 5.0, 'industry_match': 0.0, 'budget_potential': 0.0, 'messages': {'company_size': 'No company size -> 0', 'job_role': 'Title present (IC) -> +4', 'country': 'No country / location -> 0', 'website_availability': 'Website URL present -> +10', 'email_availability': 'No email -> 0', 'platform_source': "Platform 'other' -> +5", 'industry_match': 'No benchmark industry configured -> 0', 'budget_potential': 'No budget keywords -> 0', 'weighted_components': 'role=18.7, signals=0.0, data=40.0, ai=0.0'}, 'raw_total': 19.0}
2026-04-29 18:14:31,367 | DEBUG | lead_score_breakdown ref=Decision Maker - Yc Two weighted={'score': 7.79, 'tier': 'cold', 'weights': {'role_relevance': 20.0, 'signals': 65.0, 'data_completeness': 15.0, 'ai_score': 25.0}, 'inputs': {'role_relevance': 18.666666666666664, 'signals': 0.0, 'data_completeness': 40.0, 'ai_score': 0.0}}
2026-04-29 18:14:31,368 | INFO | enrichment.start company_id=4 domain=yc-two.dev
2026-04-29 18:14:35,981 | WARNING | Ollama connection error (attempt 1/1): [WinError 10061] No connection could be made because the target machine actively refused it
2026-04-29 18:14:35,981 | ERROR | Ollama failed after 1 attempts; last error: [WinError 10061] No connection could be made because the target machine actively refused it
2026-04-29 18:14:40,257 | WARNING | Ollama connection error (attempt 1/1): [WinError 10061] No connection could be made because the target machine actively refused it
2026-04-29 18:14:40,257 | ERROR | Ollama failed after 1 attempts; last error: [WinError 10061] No connection could be made because the target machine actively refused it
2026-04-29 18:14:44,534 | WARNING | Ollama connection error (attempt 1/1): [WinError 10061] No connection could be made because the target machine actively refused it
2026-04-29 18:14:44,534 | ERROR | Ollama failed after 1 attempts; last error: [WinError 10061] No connection could be made because the target machine actively refused it
2026-04-29 18:14:44,537 | INFO | ai.qualification.generated company_id=4 provider=fallback score=75
2026-04-29 18:14:44,541 | INFO | scoring.done company_id=4 score=40.0 priority=Cold fetch_ok=0
2026-04-29 18:14:44,742 | INFO | enrichment.start company_id=3 domain=yc-one.com
2026-04-29 18:14:56,320 | WARNING | Ollama connection error (attempt 1/1): [WinError 10061] No connection could be made because the target machine actively refused it
2026-04-29 18:14:56,321 | ERROR | Ollama failed after 1 attempts; last error: [WinError 10061] No connection could be made because the target machine actively refused it
2026-04-29 18:15:00,611 | WARNING | Ollama connection error (attempt 1/1): [WinError 10061] No connection could be made because the target machine actively refused it
2026-04-29 18:15:00,612 | ERROR | Ollama failed after 1 attempts; last error: [WinError 10061] No connection could be made because the target machine actively refused it
2026-04-29 18:15:04,914 | WARNING | Ollama connection error (attempt 1/1): [WinError 10061] No connection could be made because the target machine actively refused it
2026-04-29 18:15:04,915 | ERROR | Ollama failed after 1 attempts; last error: [WinError 10061] No connection could be made because the target machine actively refused it
2026-04-29 18:15:04,918 | INFO | ai.qualification.generated company_id=3 provider=fallback score=75
2026-04-29 18:15:04,922 | INFO | scoring.done company_id=3 score=40.0 priority=Cold fetch_ok=0
2026-04-29 18:15:05,122 | INFO | enrichment.start company_id=1 domain=acme.com
2026-04-29 18:15:05,855 | INFO | ai.qualification.cache_hit company_id=1
2026-04-29 18:15:05,859 | INFO | scoring.done company_id=1 score=40.0 priority=Cold fetch_ok=0
2026-04-29 18:15:06,059 | INFO | enrichment.start company_id=2 domain=beta.io
2026-04-29 18:15:06,814 | INFO | ai.qualification.cache_hit company_id=2
2026-04-29 18:15:06,818 | INFO | scoring.done company_id=2 score=47.2 priority=Cold fetch_ok=1
2026-04-29 18:15:07,078 | INFO | ingestion.multi_source.start sources=['job_board'] delay=0.2
2026-04-29 18:15:07,078 | INFO | ingestion.source.start source=job_board index=1/1
2026-04-29 18:15:07,080 | INFO | ingestion.source.done source=job_board candidates=1 created=1 updated=0 skipped=0
2026-04-29 18:15:07,080 | INFO | ingestion.multi_source.done total_sources=1 failed_sources=0 total_created=1 total_updated=0 total_skipped=0
2026-04-29 18:15:07,083 | INFO | lead_score | ref=Decision Maker - Flow Co score=8 tier=cold factors={'company_size': 0.0, 'job_role': 4.0, 'country': 0.0, 'website_availability': 10.0, 'email_availability': 0.0, 'platform_source': 5.0, 'industry_match': 0.0, 'budget_potential': 0.0, 'messages': {'company_size': 'No company size -> 0', 'job_role': 'Title present (IC) -> +4', 'country': 'No country / location -> 0', 'website_availability': 'Website URL present -> +10', 'email_availability': 'No email -> 0', 'platform_source': "Platform 'other' -> +5", 'industry_match': 'No benchmark industry configured -> 0', 'budget_potential': 'No budget keywords -> 0', 'weighted_components': 'role=18.7, signals=0.0, data=40.0, ai=0.0'}, 'raw_total': 19.0}
2026-04-29 18:15:07,084 | DEBUG | lead_score_breakdown ref=Decision Maker - Flow Co weighted={'score': 7.79, 'tier': 'cold', 'weights': {'role_relevance': 20.0, 'signals': 65.0, 'data_completeness': 15.0, 'ai_score': 25.0}, 'inputs': {'role_relevance': 18.666666666666664, 'signals': 0.0, 'data_completeness': 40.0, 'ai_score': 0.0}}
2026-04-29 18:15:07,101 | INFO | ingestion.multi_source.start sources=['job_board'] delay=0.2
2026-04-29 18:15:07,101 | INFO | ingestion.source.start source=job_board index=1/1
2026-04-29 18:15:07,103 | INFO | ingestion.source.done source=job_board candidates=1 created=0 updated=1 skipped=0
2026-04-29 18:15:07,103 | INFO | ingestion.multi_source.done total_sources=1 failed_sources=0 total_created=0 total_updated=1 total_skipped=0
2026-04-29 18:15:07,106 | INFO | lead_score | ref=Decision Maker - Flow Co Updated score=8 tier=cold factors={'company_size': 0.0, 'job_role': 4.0, 'country': 0.0, 'website_availability': 10.0, 'email_availability': 0.0, 'platform_source': 5.0, 'industry_match': 0.0, 'budget_potential': 0.0, 'messages': {'company_size': 'No company size -> 0', 'job_role': 'Title present (IC) -> +4', 'country': 'No country / location -> 0', 'website_availability': 'Website URL present -> +10', 'email_availability': 'No email -> 0', 'platform_source': "Platform 'other' -> +5", 'industry_match': 'No benchmark industry configured -> 0', 'budget_potential': 'No budget keywords -> 0', 'weighted_components': 'role=18.7, signals=0.0, data=40.0, ai=0.0'}, 'raw_total': 19.0}
2026-04-29 18:15:07,106 | DEBUG | lead_score_breakdown ref=Decision Maker - Flow Co Updated weighted={'score': 7.79, 'tier': 'cold', 'weights': {'role_relevance': 20.0, 'signals': 65.0, 'data_completeness': 15.0, 'ai_score': 25.0}, 'inputs': {'role_relevance': 18.666666666666664, 'signals': 0.0, 'data_completeness': 40.0, 'ai_score': 0.0}}
2026-04-29 18:15:07,886 | INFO | lead_score | ref=Decision Maker - A score=8 tier=cold factors={'company_size': 0.0, 'job_role': 4.0, 'country': 0.0, 'website_availability': 10.0, 'email_availability': 0.0, 'platform_source': 5.0, 'industry_match': 0.0, 'budget_potential': 0.0, 'messages': {'company_size': 'No company size -> 0', 'job_role': 'Title present (IC) -> +4', 'country': 'No country / location -> 0', 'website_availability': 'Website URL present -> +10', 'email_availability': 'No email -> 0', 'platform_source': "Platform 'other' -> +5", 'industry_match': 'No benchmark industry configured -> 0', 'budget_potential': 'No budget keywords -> 0', 'weighted_components': 'role=18.7, signals=0.0, data=40.0, ai=0.0'}, 'raw_total': 19.0}
2026-04-29 18:15:07,886 | DEBUG | lead_score_breakdown ref=Decision Maker - A weighted={'score': 7.79, 'tier': 'cold', 'weights': {'role_relevance': 20.0, 'signals': 65.0, 'data_completeness': 15.0, 'ai_score': 25.0}, 'inputs': {'role_relevance': 18.666666666666664, 'signals': 0.0, 'data_completeness': 40.0, 'ai_score': 0.0}}
2026-04-29 18:15:11,561 | INFO | enrichment.start company_id=6 domain=cloudnova.ai
2026-04-29 18:15:16,765 | WARNING | Ollama connection error (attempt 1/1): [WinError 10061] No connection could be made because the target machine actively refused it
2026-04-29 18:15:16,766 | ERROR | Ollama failed after 1 attempts; last error: [WinError 10061] No connection could be made because the target machine actively refused it
2026-04-29 18:15:21,036 | WARNING | Ollama connection error (attempt 1/1): [WinError 10061] No connection could be made because the target machine actively refused it
2026-04-29 18:15:21,036 | ERROR | Ollama failed after 1 attempts; last error: [WinError 10061] No connection could be made because the target machine actively refused it
2026-04-29 18:15:25,308 | WARNING | Ollama connection error (attempt 1/1): [WinError 10061] No connection could be made because the target machine actively refused it
2026-04-29 18:15:25,308 | ERROR | Ollama failed after 1 attempts; last error: [WinError 10061] No connection could be made because the target machine actively refused it
2026-04-29 18:15:25,311 | INFO | ai.qualification.generated company_id=6 provider=fallback score=75
2026-04-29 18:15:25,315 | INFO | scoring.done company_id=6 score=40.0 priority=Cold fetch_ok=0
2026-04-29 18:15:26,316 | INFO | enrichment.start company_id=5 domain=flowco.ai
2026-04-29 18:15:32,054 | WARNING | Ollama connection error (attempt 1/1): [WinError 10061] No connection could be made because the target machine actively refused it
2026-04-29 18:15:32,054 | ERROR | Ollama failed after 1 attempts; last error: [WinError 10061] No connection could be made because the target machine actively refused it
2026-04-29 18:15:36,369 | WARNING | Ollama connection error (attempt 1/1): [WinError 10061] No connection could be made because the target machine actively refused it
2026-04-29 18:15:36,369 | ERROR | Ollama failed after 1 attempts; last error: [WinError 10061] No connection could be made because the target machine actively refused it
2026-04-29 18:15:40,633 | WARNING | Ollama connection error (attempt 1/1): [WinError 10061] No connection could be made because the target machine actively refused it
2026-04-29 18:15:40,633 | ERROR | Ollama failed after 1 attempts; last error: [WinError 10061] No connection could be made because the target machine actively refused it
2026-04-29 18:15:40,636 | INFO | ai.qualification.generated company_id=5 provider=fallback score=65
2026-04-29 18:15:40,640 | INFO | scoring.done company_id=5 score=38.7 priority=Cold fetch_ok=1
2026-04-29 18:15:41,640 | INFO | enrichment.start company_id=2 domain=beta.io
2026-04-29 18:15:42,434 | INFO | ai.qualification.cache_hit company_id=2
2026-04-29 18:15:42,437 | INFO | scoring.done company_id=2 score=47.2 priority=Cold fetch_ok=1
2026-04-29 18:15:43,438 | INFO | enrichment.start company_id=1 domain=acme.com
2026-04-29 18:15:44,170 | INFO | ai.qualification.cache_hit company_id=1
2026-04-29 18:15:44,172 | INFO | scoring.done company_id=1 score=40.0 priority=Cold fetch_ok=0
2026-04-29 18:15:45,173 | INFO | enrichment.start company_id=3 domain=yc-one.com
2026-04-29 18:15:52,396 | INFO | ai.qualification.cache_hit company_id=3
2026-04-29 18:15:52,400 | INFO | scoring.done company_id=3 score=40.0 priority=Cold fetch_ok=0
2026-04-29 18:15:53,401 | INFO | enrichment.start company_id=4 domain=yc-two.dev
2026-04-29 18:15:53,621 | INFO | ai.qualification.cache_hit company_id=4
2026-04-29 18:15:53,624 | INFO | scoring.done company_id=4 score=40.0 priority=Cold fetch_ok=0
2026-04-29 18:15:53,891 | INFO | enrichment.start company_id=7 domain=signalflow.ai
2026-04-29 18:15:58,189 | WARNING | Ollama connection error (attempt 1/1): [WinError 10061] No connection could be made because the target machine actively refused it
2026-04-29 18:15:58,189 | ERROR | Ollama failed after 1 attempts; last error: [WinError 10061] No connection could be made because the target machine actively refused it
2026-04-29 18:16:02,451 | WARNING | Ollama connection error (attempt 1/1): [WinError 10061] No connection could be made because the target machine actively refused it
2026-04-29 18:16:02,452 | ERROR | Ollama failed after 1 attempts; last error: [WinError 10061] No connection could be made because the target machine actively refused it
2026-04-29 18:16:06,740 | WARNING | Ollama connection error (attempt 1/1): [WinError 10061] No connection could be made because the target machine actively refused it
2026-04-29 18:16:06,740 | ERROR | Ollama failed after 1 attempts; last error: [WinError 10061] No connection could be made because the target machine actively refused it
2026-04-29 18:16:06,744 | INFO | ai.qualification.generated company_id=7 provider=fallback score=95
2026-04-29 18:16:06,748 | INFO | scoring.done company_id=7 score=94.2 priority=Hot fetch_ok=1
2026-04-29 18:16:07,149 | INFO | enrichment.start company_id=4 domain=yc-two.dev
2026-04-29 18:16:11,440 | WARNING | Ollama connection error (attempt 1/1): [WinError 10061] No connection could be made because the target machine actively refused it
2026-04-29 18:16:11,441 | ERROR | Ollama failed after 1 attempts; last error: [WinError 10061] No connection could be made because the target machine actively refused it
2026-04-29 18:16:15,734 | WARNING | Ollama connection error (attempt 1/1): [WinError 10061] No connection could be made because the target machine actively refused it
2026-04-29 18:16:15,735 | ERROR | Ollama failed after 1 attempts; last error: [WinError 10061] No connection could be made because the target machine actively refused it
2026-04-29 18:16:20,018 | WARNING | Ollama connection error (attempt 1/1): [WinError 10061] No connection could be made because the target machine actively refused it
2026-04-29 18:16:20,018 | ERROR | Ollama failed after 1 attempts; last error: [WinError 10061] No connection could be made because the target machine actively refused it
2026-04-29 18:16:20,026 | INFO | ai.qualification.generated company_id=4 provider=fallback score=95
2026-04-29 18:16:20,030 | INFO | scoring.done company_id=4 score=94.2 priority=Hot fetch_ok=1
2026-04-29 18:16:20,431 | INFO | enrichment.start company_id=3 domain=yc-one.com
2026-04-29 18:16:24,743 | WARNING | Ollama connection error (attempt 1/1): [WinError 10061] No connection could be made because the target machine actively refused it
2026-04-29 18:16:24,743 | ERROR | Ollama failed after 1 attempts; last error: [WinError 10061] No connection could be made because the target machine actively refused it
2026-04-29 18:16:29,031 | WARNING | Ollama connection error (attempt 1/1): [WinError 10061] No connection could be made because the target machine actively refused it
2026-04-29 18:16:29,032 | ERROR | Ollama failed after 1 attempts; last error: [WinError 10061] No connection could be made because the target machine actively refused it
2026-04-29 18:16:33,345 | WARNING | Ollama connection error (attempt 1/1): [WinError 10061] No connection could be made because the target machine actively refused it
2026-04-29 18:16:33,345 | ERROR | Ollama failed after 1 attempts; last error: [WinError 10061] No connection could be made because the target machine actively refused it
2026-04-29 18:16:33,348 | INFO | ai.qualification.generated company_id=3 provider=fallback score=95
2026-04-29 18:16:33,352 | INFO | scoring.done company_id=3 score=94.2 priority=Hot fetch_ok=1
2026-04-29 18:16:33,752 | INFO | enrichment.start company_id=1 domain=acme.com
2026-04-29 18:16:38,026 | WARNING | Ollama connection error (attempt 1/1): [WinError 10061] No connection could be made because the target machine actively refused it
2026-04-29 18:16:38,026 | ERROR | Ollama failed after 1 attempts; last error: [WinError 10061] No connection could be made because the target machine actively refused it
2026-04-29 18:16:42,298 | WARNING | Ollama connection error (attempt 1/1): [WinError 10061] No connection could be made because the target machine actively refused it
2026-04-29 18:16:42,298 | ERROR | Ollama failed after 1 attempts; last error: [WinError 10061] No connection could be made because the target machine actively refused it
2026-04-29 18:16:46,572 | WARNING | Ollama connection error (attempt 1/1): [WinError 10061] No connection could be made because the target machine actively refused it
2026-04-29 18:16:46,572 | ERROR | Ollama failed after 1 attempts; last error: [WinError 10061] No connection could be made because the target machine actively refused it
2026-04-29 18:16:46,575 | INFO | ai.qualification.generated company_id=1 provider=fallback score=95
2026-04-29 18:16:46,578 | INFO | scoring.done company_id=1 score=94.2 priority=Hot fetch_ok=1
2026-04-29 18:16:46,979 | INFO | enrichment.start company_id=2 domain=beta.io
2026-04-29 18:16:51,266 | WARNING | Ollama connection error (attempt 1/1): [WinError 10061] No connection could be made because the target machine actively refused it
2026-04-29 18:16:51,267 | ERROR | Ollama failed after 1 attempts; last error: [WinError 10061] No connection could be made because the target machine actively refused it
2026-04-29 18:16:55,545 | WARNING | Ollama connection error (attempt 1/1): [WinError 10061] No connection could be made because the target machine actively refused it
2026-04-29 18:16:55,546 | ERROR | Ollama failed after 1 attempts; last error: [WinError 10061] No connection could be made because the target machine actively refused it
2026-04-29 18:16:59,832 | WARNING | Ollama connection error (attempt 1/1): [WinError 10061] No connection could be made because the target machine actively refused it
2026-04-29 18:16:59,832 | ERROR | Ollama failed after 1 attempts; last error: [WinError 10061] No connection could be made because the target machine actively refused it
2026-04-29 18:16:59,835 | INFO | ai.qualification.generated company_id=2 provider=fallback score=95
2026-04-29 18:16:59,839 | INFO | scoring.done company_id=2 score=94.2 priority=Hot fetch_ok=1
2026-04-29 18:17:00,239 | INFO | enrichment.start company_id=5 domain=flowco.ai
2026-04-29 18:17:04,560 | WARNING | Ollama connection error (attempt 1/1): [WinError 10061] No connection could be made because the target machine actively refused it
2026-04-29 18:17:04,561 | ERROR | Ollama failed after 1 attempts; last error: [WinError 10061] No connection could be made because the target machine actively refused it
2026-04-29 18:17:08,831 | WARNING | Ollama connection error (attempt 1/1): [WinError 10061] No connection could be made because the target machine actively refused it
2026-04-29 18:17:08,832 | ERROR | Ollama failed after 1 attempts; last error: [WinError 10061] No connection could be made because the target machine actively refused it
2026-04-29 18:17:13,104 | WARNING | Ollama connection error (attempt 1/1): [WinError 10061] No connection could be made because the target machine actively refused it
2026-04-29 18:17:13,105 | ERROR | Ollama failed after 1 attempts; last error: [WinError 10061] No connection could be made because the target machine actively refused it
2026-04-29 18:17:13,108 | INFO | ai.qualification.generated company_id=5 provider=fallback score=95
2026-04-29 18:17:13,111 | INFO | scoring.done company_id=5 score=94.2 priority=Hot fetch_ok=1
2026-04-29 18:17:13,512 | INFO | enrichment.start company_id=6 domain=cloudnova.ai
2026-04-29 18:17:17,794 | WARNING | Ollama connection error (attempt 1/1): [WinError 10061] No connection could be made because the target machine actively refused it
2026-04-29 18:17:17,794 | ERROR | Ollama failed after 1 attempts; last error: [WinError 10061] No connection could be made because the target machine actively refused it
2026-04-29 18:17:22,077 | WARNING | Ollama connection error (attempt 1/1): [WinError 10061] No connection could be made because the target machine actively refused it
2026-04-29 18:17:22,077 | ERROR | Ollama failed after 1 attempts; last error: [WinError 10061] No connection could be made because the target machine actively refused it
2026-04-29 18:17:26,316 | WARNING | Ollama connection error (attempt 1/1): [WinError 10061] No connection could be made because the target machine actively refused it
2026-04-29 18:17:26,316 | ERROR | Ollama failed after 1 attempts; last error: [WinError 10061] No connection could be made because the target machine actively refused it
2026-04-29 18:17:26,319 | INFO | ai.qualification.generated company_id=6 provider=fallback score=95
2026-04-29 18:17:26,323 | INFO | scoring.done company_id=6 score=94.2 priority=Hot fetch_ok=1
2026-04-29 18:17:26,600 | INFO | enrichment.start company_id=1 domain=acme.com
2026-04-29 18:17:30,902 | WARNING | Ollama connection error (attempt 1/1): [WinError 10061] No connection could be made because the target machine actively refused it
2026-04-29 18:17:30,902 | ERROR | Ollama failed after 1 attempts; last error: [WinError 10061] No connection could be made because the target machine actively refused it
2026-04-29 18:17:35,173 | WARNING | Ollama connection error (attempt 1/1): [WinError 10061] No connection could be made because the target machine actively refused it
2026-04-29 18:17:35,174 | ERROR | Ollama failed after 1 attempts; last error: [WinError 10061] No connection could be made because the target machine actively refused it
2026-04-29 18:17:39,484 | WARNING | Ollama connection error (attempt 1/1): [WinError 10061] No connection could be made because the target machine actively refused it
2026-04-29 18:17:39,484 | ERROR | Ollama failed after 1 attempts; last error: [WinError 10061] No connection could be made because the target machine actively refused it
2026-04-29 18:17:39,490 | INFO | ai.qualification.generated company_id=1 provider=fallback score=65
2026-04-29 18:17:39,494 | INFO | scoring.done company_id=1 score=38.7 priority=Cold fetch_ok=1
2026-04-29 18:17:39,739 | INFO | enrichment.start company_id=8 domain=leadify.ai
2026-04-29 18:17:43,998 | WARNING | Ollama connection error (attempt 1/1): [WinError 10061] No connection could be made because the target machine actively refused it
2026-04-29 18:17:43,998 | ERROR | Ollama failed after 1 attempts; last error: [WinError 10061] No connection could be made because the target machine actively refused it
2026-04-29 18:17:48,284 | WARNING | Ollama connection error (attempt 1/1): [WinError 10061] No connection could be made because the target machine actively refused it
2026-04-29 18:17:48,284 | ERROR | Ollama failed after 1 attempts; last error: [WinError 10061] No connection could be made because the target machine actively refused it
2026-04-29 18:17:52,568 | WARNING | Ollama connection error (attempt 1/1): [WinError 10061] No connection could be made because the target machine actively refused it
2026-04-29 18:17:52,568 | ERROR | Ollama failed after 1 attempts; last error: [WinError 10061] No connection could be made because the target machine actively refused it
2026-04-29 18:17:52,573 | INFO | ai.qualification.generated company_id=8 provider=fallback score=95
2026-04-29 18:17:52,580 | INFO | scoring.done company_id=8 score=94.2 priority=Hot fetch_ok=1
2026-04-29 18:17:52,981 | INFO | enrichment.start company_id=1 domain=acme.com
2026-04-29 18:17:57,255 | WARNING | Ollama connection error (attempt 1/1): [WinError 10061] No connection could be made because the target machine actively refused it
2026-04-29 18:17:57,255 | ERROR | Ollama failed after 1 attempts; last error: [WinError 10061] No connection could be made because the target machine actively refused it
2026-04-29 18:18:01,568 | WARNING | Ollama connection error (attempt 1/1): [WinError 10061] No connection could be made because the target machine actively refused it
2026-04-29 18:18:01,568 | ERROR | Ollama failed after 1 attempts; last error: [WinError 10061] No connection could be made because the target machine actively refused it
2026-04-29 18:18:05,857 | WARNING | Ollama connection error (attempt 1/1): [WinError 10061] No connection could be made because the target machine actively refused it
2026-04-29 18:18:05,858 | ERROR | Ollama failed after 1 attempts; last error: [WinError 10061] No connection could be made because the target machine actively refused it
2026-04-29 18:18:05,862 | INFO | ai.qualification.generated company_id=1 provider=fallback score=95
2026-04-29 18:18:05,865 | INFO | scoring.done company_id=1 score=94.2 priority=Hot fetch_ok=1
2026-04-29 18:18:06,266 | INFO | enrichment.start company_id=6 domain=cloudnova.ai
2026-04-29 18:18:10,552 | WARNING | Ollama connection error (attempt 1/1): [WinError 10061] No connection could be made because the target machine actively refused it
2026-04-29 18:18:10,552 | ERROR | Ollama failed after 1 attempts; last error: [WinError 10061] No connection could be made because the target machine actively refused it
2026-04-29 18:18:14,851 | WARNING | Ollama connection error (attempt 1/1): [WinError 10061] No connection could be made because the target machine actively refused it
2026-04-29 18:18:14,852 | ERROR | Ollama failed after 1 attempts; last error: [WinError 10061] No connection could be made because the target machine actively refused it
2026-04-29 18:18:19,126 | WARNING | Ollama connection error (attempt 1/1): [WinError 10061] No connection could be made because the target machine actively refused it
2026-04-29 18:18:19,126 | ERROR | Ollama failed after 1 attempts; last error: [WinError 10061] No connection could be made because the target machine actively refused it
2026-04-29 18:18:19,129 | INFO | ai.qualification.generated company_id=6 provider=fallback score=95
2026-04-29 18:18:19,133 | INFO | scoring.done company_id=6 score=94.2 priority=Hot fetch_ok=1
2026-04-29 18:18:19,533 | INFO | enrichment.start company_id=5 domain=flowco.ai
2026-04-29 18:18:23,833 | WARNING | Ollama connection error (attempt 1/1): [WinError 10061] No connection could be made because the target machine actively refused it
2026-04-29 18:18:23,833 | ERROR | Ollama failed after 1 attempts; last error: [WinError 10061] No connection could be made because the target machine actively refused it
2026-04-29 18:18:28,075 | WARNING | Ollama connection error (attempt 1/1): [WinError 10061] No connection could be made because the target machine actively refused it
2026-04-29 18:18:28,075 | ERROR | Ollama failed after 1 attempts; last error: [WinError 10061] No connection could be made because the target machine actively refused it
2026-04-29 18:18:32,331 | WARNING | Ollama connection error (attempt 1/1): [WinError 10061] No connection could be made because the target machine actively refused it
2026-04-29 18:18:32,331 | ERROR | Ollama failed after 1 attempts; last error: [WinError 10061] No connection could be made because the target machine actively refused it
2026-04-29 18:18:32,334 | INFO | ai.qualification.generated company_id=5 provider=fallback score=95
2026-04-29 18:18:32,338 | INFO | scoring.done company_id=5 score=94.2 priority=Hot fetch_ok=1
2026-04-29 18:18:32,738 | INFO | enrichment.start company_id=2 domain=beta.io
2026-04-29 18:18:37,041 | WARNING | Ollama connection error (attempt 1/1): [WinError 10061] No connection could be made because the target machine actively refused it
2026-04-29 18:18:37,042 | ERROR | Ollama failed after 1 attempts; last error: [WinError 10061] No connection could be made because the target machine actively refused it
2026-04-29 18:18:41,347 | WARNING | Ollama connection error (attempt 1/1): [WinError 10061] No connection could be made because the target machine actively refused it
2026-04-29 18:18:41,348 | ERROR | Ollama failed after 1 attempts; last error: [WinError 10061] No connection could be made because the target machine actively refused it
2026-04-29 18:18:45,667 | WARNING | Ollama connection error (attempt 1/1): [WinError 10061] No connection could be made because the target machine actively refused it
2026-04-29 18:18:45,667 | ERROR | Ollama failed after 1 attempts; last error: [WinError 10061] No connection could be made because the target machine actively refused it
2026-04-29 18:18:45,670 | INFO | ai.qualification.generated company_id=2 provider=fallback score=95
2026-04-29 18:18:45,674 | INFO | scoring.done company_id=2 score=94.2 priority=Hot fetch_ok=1
2026-04-29 18:18:46,074 | INFO | enrichment.start company_id=3 domain=yc-one.com
2026-04-29 18:18:50,355 | WARNING | Ollama connection error (attempt 1/1): [WinError 10061] No connection could be made because the target machine actively refused it
2026-04-29 18:18:50,355 | ERROR | Ollama failed after 1 attempts; last error: [WinError 10061] No connection could be made because the target machine actively refused it
2026-04-29 18:18:54,641 | WARNING | Ollama connection error (attempt 1/1): [WinError 10061] No connection could be made because the target machine actively refused it
2026-04-29 18:18:54,641 | ERROR | Ollama failed after 1 attempts; last error: [WinError 10061] No connection could be made because the target machine actively refused it
2026-04-29 18:18:58,928 | WARNING | Ollama connection error (attempt 1/1): [WinError 10061] No connection could be made because the target machine actively refused it
2026-04-29 18:18:58,928 | ERROR | Ollama failed after 1 attempts; last error: [WinError 10061] No connection could be made because the target machine actively refused it
2026-04-29 18:18:58,937 | INFO | ai.qualification.generated company_id=3 provider=fallback score=95
2026-04-29 18:18:58,941 | INFO | scoring.done company_id=3 score=94.2 priority=Hot fetch_ok=1
2026-04-29 18:18:59,341 | INFO | enrichment.start company_id=4 domain=yc-two.dev
2026-04-29 18:19:03,639 | WARNING | Ollama connection error (attempt 1/1): [WinError 10061] No connection could be made because the target machine actively refused it
2026-04-29 18:19:03,639 | ERROR | Ollama failed after 1 attempts; last error: [WinError 10061] No connection could be made because the target machine actively refused it
2026-04-29 18:19:07,940 | WARNING | Ollama connection error (attempt 1/1): [WinError 10061] No connection could be made because the target machine actively refused it
2026-04-29 18:19:07,941 | ERROR | Ollama failed after 1 attempts; last error: [WinError 10061] No connection could be made because the target machine actively refused it
2026-04-29 18:19:12,206 | WARNING | Ollama connection error (attempt 1/1): [WinError 10061] No connection could be made because the target machine actively refused it
2026-04-29 18:19:12,207 | ERROR | Ollama failed after 1 attempts; last error: [WinError 10061] No connection could be made because the target machine actively refused it
2026-04-29 18:19:12,210 | INFO | ai.qualification.generated company_id=4 provider=fallback score=95
2026-04-29 18:19:12,213 | INFO | scoring.done company_id=4 score=94.2 priority=Hot fetch_ok=1
2026-04-29 18:19:12,614 | INFO | enrichment.start company_id=7 domain=signalflow.ai
2026-04-29 18:19:16,948 | WARNING | Ollama connection error (attempt 1/1): [WinError 10061] No connection could be made because the target machine actively refused it
2026-04-29 18:19:16,949 | ERROR | Ollama failed after 1 attempts; last error: [WinError 10061] No connection could be made because the target machine actively refused it
2026-04-29 18:19:21,235 | WARNING | Ollama connection error (attempt 1/1): [WinError 10061] No connection could be made because the target machine actively refused it
2026-04-29 18:19:21,236 | ERROR | Ollama failed after 1 attempts; last error: [WinError 10061] No connection could be made because the target machine actively refused it
2026-04-29 18:19:25,533 | WARNING | Ollama connection error (attempt 1/1): [WinError 10061] No connection could be made because the target machine actively refused it
2026-04-29 18:19:25,533 | ERROR | Ollama failed after 1 attempts; last error: [WinError 10061] No connection could be made because the target machine actively refused it
2026-04-29 18:19:25,537 | INFO | ai.qualification.generated company_id=7 provider=fallback score=95
2026-04-29 18:19:25,540 | INFO | scoring.done company_id=7 score=94.2 priority=Hot fetch_ok=1
2026-04-29 18:19:25,555 | INFO | lead_score | ref=Aman Verma score=18 tier=cold factors={'company_size': 0.0, 'job_role': 15.0, 'country': 0.0, 'website_availability': 10.0, 'email_availability': 0.0, 'platform_source': 14.0, 'industry_match': 0.0, 'budget_potential': 0.0, 'messages': {'company_size': 'No company size -> 0', 'job_role': 'Executive / founder role -> +15', 'country': 'No country / location -> 0', 'website_availability': 'Website URL present -> +10', 'email_availability': 'No email -> 0', 'platform_source': "Platform 'linkedin' -> +14", 'industry_match': 'No benchmark industry configured -> 0', 'budget_potential': 'No budget keywords -> 0', 'weighted_components': 'role=70.0, signals=0.0, data=55.0, ai=0.0'}, 'raw_total': 39.0}
2026-04-29 18:19:25,556 | DEBUG | lead_score_breakdown ref=Aman Verma weighted={'score': 17.8, 'tier': 'cold', 'weights': {'role_relevance': 20.0, 'signals': 65.0, 'data_completeness': 15.0, 'ai_score': 25.0}, 'inputs': {'role_relevance': 70.0, 'signals': 0.0, 'data_completeness': 55.0, 'ai_score': 0.0}}
2026-04-29 18:19:26,070 | INFO | weekly_engine start day=mon keyword=software location=
2026-04-29 18:19:26,084 | INFO | weekly_engine Startup ingestion done: saved={'created': 0, 'updated': 0, 'skipped': 0} enrich={'selected': 0, 'ok': 0, 'failed': 0, 'skipped': 0}
2026-04-29 18:19:26,631 | INFO | weekly_engine start day=fri keyword=software location=
2026-04-29 18:19:26,913 | INFO | enrichment.start company_id=10 domain=satco.ai
2026-04-29 18:19:31,231 | WARNING | Ollama connection error (attempt 1/1): [WinError 10061] No connection could be made because the target machine actively refused it
2026-04-29 18:19:31,231 | ERROR | Ollama failed after 1 attempts; last error: [WinError 10061] No connection could be made because the target machine actively refused it
2026-04-29 18:19:35,491 | WARNING | Ollama connection error (attempt 1/1): [WinError 10061] No connection could be made because the target machine actively refused it
2026-04-29 18:19:35,492 | ERROR | Ollama failed after 1 attempts; last error: [WinError 10061] No connection could be made because the target machine actively refused it
2026-04-29 18:19:39,810 | WARNING | Ollama connection error (attempt 1/1): [WinError 10061] No connection could be made because the target machine actively refused it
2026-04-29 18:19:39,810 | ERROR | Ollama failed after 1 attempts; last error: [WinError 10061] No connection could be made because the target machine actively refused it
2026-04-29 18:19:39,813 | INFO | ai.qualification.generated company_id=10 provider=fallback score=95
2026-04-29 18:19:39,817 | INFO | scoring.done company_id=10 score=94.2 priority=Hot fetch_ok=1
2026-04-29 18:19:40,217 | INFO | enrichment.start company_id=9 domain=expireco.io
2026-04-29 18:19:44,506 | WARNING | Ollama connection error (attempt 1/1): [WinError 10061] No connection could be made because the target machine actively refused it
2026-04-29 18:19:44,506 | ERROR | Ollama failed after 1 attempts; last error: [WinError 10061] No connection could be made because the target machine actively refused it
2026-04-29 18:19:48,843 | WARNING | Ollama connection error (attempt 1/1): [WinError 10061] No connection could be made because the target machine actively refused it
2026-04-29 18:19:48,843 | ERROR | Ollama failed after 1 attempts; last error: [WinError 10061] No connection could be made because the target machine actively refused it
2026-04-29 18:19:53,110 | WARNING | Ollama connection error (attempt 1/1): [WinError 10061] No connection could be made because the target machine actively refused it
2026-04-29 18:19:53,110 | ERROR | Ollama failed after 1 attempts; last error: [WinError 10061] No connection could be made because the target machine actively refused it
2026-04-29 18:19:53,113 | INFO | ai.qualification.generated company_id=9 provider=fallback score=95
2026-04-29 18:19:53,117 | INFO | scoring.done company_id=9 score=94.2 priority=Hot fetch_ok=1
2026-04-29 18:19:53,517 | INFO | enrichment.start company_id=7 domain=signalflow.ai
2026-04-29 18:19:57,853 | WARNING | Ollama connection error (attempt 1/1): [WinError 10061] No connection could be made because the target machine actively refused it
2026-04-29 18:19:57,854 | ERROR | Ollama failed after 1 attempts; last error: [WinError 10061] No connection could be made because the target machine actively refused it
2026-04-29 18:20:02,149 | WARNING | Ollama connection error (attempt 1/1): [WinError 10061] No connection could be made because the target machine actively refused it
2026-04-29 18:20:02,149 | ERROR | Ollama failed after 1 attempts; last error: [WinError 10061] No connection could be made because the target machine actively refused it
2026-04-29 18:20:06,410 | WARNING | Ollama connection error (attempt 1/1): [WinError 10061] No connection could be made because the target machine actively refused it
2026-04-29 18:20:06,410 | ERROR | Ollama failed after 1 attempts; last error: [WinError 10061] No connection could be made because the target machine actively refused it
2026-04-29 18:20:06,413 | INFO | ai.qualification.generated company_id=7 provider=fallback score=95
2026-04-29 18:20:06,416 | INFO | scoring.done company_id=7 score=94.2 priority=Hot fetch_ok=1
2026-04-29 18:20:06,817 | INFO | enrichment.start company_id=4 domain=yc-two.dev
2026-04-29 18:20:21,287 | INFO | ingestion.multi_source.start sources=['yc', 'job_board'] delay=0.5
2026-04-29 18:20:21,287 | INFO | ingestion.source.start source=yc index=1/2
2026-04-29 18:20:21,287 | INFO | ingestion.source.done source=yc candidates=2 created=2 updated=0 skipped=0
2026-04-29 18:20:21,288 | INFO | ingestion.source.start source=job_board index=2/2
2026-04-29 18:20:21,288 | INFO | ingestion.source.done source=job_board candidates=3 created=1 updated=1 skipped=1
2026-04-29 18:20:21,288 | INFO | ingestion.multi_source.done total_sources=2 failed_sources=0 total_created=3 total_updated=1 total_skipped=1
2026-04-29 18:20:21,675 | INFO | enrichment.start company_id=1 domain=signalflow.ai
2026-04-29 18:20:22,304 | INFO | lead_score | ref=Owner A score=3 tier=cold factors={'company_size': 0.0, 'job_role': 0.0, 'country': 0.0, 'website_availability': 0.0, 'email_availability': 0.0, 'platform_source': 14.0, 'industry_match': 0.0, 'budget_potential': 0.0, 'messages': {'company_size': 'No company size -> 0', 'job_role': 'No job title -> 0', 'country': 'No country / location -> 0', 'website_availability': 'No company website -> 0', 'email_availability': 'No email -> 0', 'platform_source': "Platform 'linkedin' -> +14", 'industry_match': 'No benchmark industry configured -> 0', 'budget_potential': 'No budget keywords -> 0', 'weighted_components': 'role=0.0, signals=0.0, data=15.0, ai=0.0'}, 'raw_total': 14.0}
2026-04-29 18:20:22,304 | DEBUG | lead_score_breakdown ref=Owner A weighted={'score': 3.0, 'tier': 'cold', 'weights': {'role_relevance': 40.0, 'signals': 35.0, 'data_completeness': 25.0, 'ai_score': 25.0}, 'inputs': {'role_relevance': 0.0, 'signals': 0.0, 'data_completeness': 15.0, 'ai_score': 0.0}}
2026-04-29 18:20:22,326 | INFO | lead_score | ref=Owner B score=3 tier=cold factors={'company_size': 0.0, 'job_role': 0.0, 'country': 0.0, 'website_availability': 0.0, 'email_availability': 0.0, 'platform_source': 14.0, 'industry_match': 0.0, 'budget_potential': 0.0, 'messages': {'company_size': 'No company size -> 0', 'job_role': 'No job title -> 0', 'country': 'No country / location -> 0', 'website_availability': 'No company website -> 0', 'email_availability': 'No email -> 0', 'platform_source': "Platform 'linkedin' -> +14", 'industry_match': 'No benchmark industry configured -> 0', 'budget_potential': 'No budget keywords -> 0', 'weighted_components': 'role=0.0, signals=0.0, data=15.0, ai=0.0'}, 'raw_total': 14.0}
2026-04-29 18:20:22,327 | DEBUG | lead_score_breakdown ref=Owner B weighted={'score': 3.0, 'tier': 'cold', 'weights': {'role_relevance': 40.0, 'signals': 35.0, 'data_completeness': 25.0, 'ai_score': 25.0}, 'inputs': {'role_relevance': 0.0, 'signals': 0.0, 'data_completeness': 15.0, 'ai_score': 0.0}}
2026-04-29 18:20:26,048 | WARNING | Ollama connection error (attempt 1/1): [WinError 10061] No connection could be made because the target machine actively refused it
2026-04-29 18:20:26,048 | ERROR | Ollama failed after 1 attempts; last error: [WinError 10061] No connection could be made because the target machine actively refused it
2026-04-29 18:20:30,323 | WARNING | Ollama connection error (attempt 1/1): [WinError 10061] No connection could be made because the target machine actively refused it
2026-04-29 18:20:30,323 | ERROR | Ollama failed after 1 attempts; last error: [WinError 10061] No connection could be made because the target machine actively refused it
2026-04-29 18:20:34,606 | WARNING | Ollama connection error (attempt 1/1): [WinError 10061] No connection could be made because the target machine actively refused it
2026-04-29 18:20:34,606 | ERROR | Ollama failed after 1 attempts; last error: [WinError 10061] No connection could be made because the target machine actively refused it
2026-04-29 18:20:34,609 | INFO | ai.qualification.generated company_id=1 provider=fallback score=95
2026-04-29 18:20:34,615 | INFO | scoring.done company_id=1 score=89.4 priority=Hot fetch_ok=1
2026-04-29 18:25:11,943 | INFO | lead_score | ref=Owner A score=3 tier=cold factors={'company_size': 0.0, 'job_role': 0.0, 'country': 0.0, 'website_availability': 0.0, 'email_availability': 0.0, 'platform_source': 14.0, 'industry_match': 0.0, 'budget_potential': 0.0, 'messages': {'company_size': 'No company size -> 0', 'job_role': 'No job title -> 0', 'country': 'No country / location -> 0', 'website_availability': 'No company website -> 0', 'email_availability': 'No email -> 0', 'platform_source': "Platform 'linkedin' -> +14", 'industry_match': 'No benchmark industry configured -> 0', 'budget_potential': 'No budget keywords -> 0', 'weighted_components': 'role=0.0, signals=0.0, data=15.0, ai=0.0'}, 'raw_total': 14.0}
2026-04-29 18:25:11,944 | DEBUG | lead_score_breakdown ref=Owner A weighted={'score': 3.0, 'tier': 'cold', 'weights': {'role_relevance': 40.0, 'signals': 35.0, 'data_completeness': 25.0, 'ai_score': 25.0}, 'inputs': {'role_relevance': 0.0, 'signals': 0.0, 'data_completeness': 15.0, 'ai_score': 0.0}}
2026-04-29 18:25:11,963 | INFO | lead_score | ref=Owner B score=3 tier=cold factors={'company_size': 0.0, 'job_role': 0.0, 'country': 0.0, 'website_availability': 0.0, 'email_availability': 0.0, 'platform_source': 14.0, 'industry_match': 0.0, 'budget_potential': 0.0, 'messages': {'company_size': 'No company size -> 0', 'job_role': 'No job title -> 0', 'country': 'No country / location -> 0', 'website_availability': 'No company website -> 0', 'email_availability': 'No email -> 0', 'platform_source': "Platform 'linkedin' -> +14", 'industry_match': 'No benchmark industry configured -> 0', 'budget_potential': 'No budget keywords -> 0', 'weighted_components': 'role=0.0, signals=0.0, data=15.0, ai=0.0'}, 'raw_total': 14.0}
2026-04-29 18:25:11,963 | DEBUG | lead_score_breakdown ref=Owner B weighted={'score': 3.0, 'tier': 'cold', 'weights': {'role_relevance': 40.0, 'signals': 35.0, 'data_completeness': 25.0, 'ai_score': 25.0}, 'inputs': {'role_relevance': 0.0, 'signals': 0.0, 'data_completeness': 15.0, 'ai_score': 0.0}}
2026-04-29 18:25:20,955 | INFO | ingestion.multi_source.start sources=['yc', 'job_board'] delay=0.5
2026-04-29 18:25:20,955 | INFO | ingestion.source.start source=yc index=1/2
2026-04-29 18:25:20,955 | INFO | ingestion.source.done source=yc candidates=2 created=2 updated=0 skipped=0
2026-04-29 18:25:20,955 | INFO | ingestion.source.start source=job_board index=2/2
2026-04-29 18:25:20,955 | INFO | ingestion.source.done source=job_board candidates=3 created=1 updated=1 skipped=1
2026-04-29 18:25:20,955 | INFO | ingestion.multi_source.done total_sources=2 failed_sources=0 total_created=3 total_updated=1 total_skipped=1
2026-04-29 18:25:29,755 | INFO | enrichment.start company_id=1 domain=signalflow.ai
2026-04-29 18:25:34,193 | WARNING | Ollama connection error (attempt 1/1): [WinError 10061] No connection could be made because the target machine actively refused it
2026-04-29 18:25:34,193 | ERROR | Ollama failed after 1 attempts; last error: [WinError 10061] No connection could be made because the target machine actively refused it
2026-04-29 18:25:38,546 | WARNING | Ollama connection error (attempt 1/1): [WinError 10061] No connection could be made because the target machine actively refused it
2026-04-29 18:25:38,546 | ERROR | Ollama failed after 1 attempts; last error: [WinError 10061] No connection could be made because the target machine actively refused it
2026-04-29 18:25:42,866 | WARNING | Ollama connection error (attempt 1/1): [WinError 10061] No connection could be made because the target machine actively refused it
2026-04-29 18:25:42,866 | ERROR | Ollama failed after 1 attempts; last error: [WinError 10061] No connection could be made because the target machine actively refused it
2026-04-29 18:25:42,869 | INFO | ai.qualification.generated company_id=1 provider=fallback score=95
2026-04-29 18:25:42,875 | INFO | scoring.done company_id=1 score=89.4 priority=Hot fetch_ok=1
2026-04-29 18:26:16,422 | INFO | lead_score | ref=Owner A score=3 tier=cold factors={'company_size': 0.0, 'job_role': 0.0, 'country': 0.0, 'website_availability': 0.0, 'email_availability': 0.0, 'platform_source': 14.0, 'industry_match': 0.0, 'budget_potential': 0.0, 'messages': {'company_size': 'No company size -> 0', 'job_role': 'No job title -> 0', 'country': 'No country / location -> 0', 'website_availability': 'No company website -> 0', 'email_availability': 'No email -> 0', 'platform_source': "Platform 'linkedin' -> +14", 'industry_match': 'No benchmark industry configured -> 0', 'budget_potential': 'No budget keywords -> 0', 'weighted_components': 'role=0.0, signals=0.0, data=15.0, ai=0.0'}, 'raw_total': 14.0}
2026-04-29 18:26:16,422 | DEBUG | lead_score_breakdown ref=Owner A weighted={'score': 3.0, 'tier': 'cold', 'weights': {'role_relevance': 40.0, 'signals': 35.0, 'data_completeness': 25.0, 'ai_score': 25.0}, 'inputs': {'role_relevance': 0.0, 'signals': 0.0, 'data_completeness': 15.0, 'ai_score': 0.0}}
2026-04-29 18:26:16,440 | INFO | lead_score | ref=Owner B score=3 tier=cold factors={'company_size': 0.0, 'job_role': 0.0, 'country': 0.0, 'website_availability': 0.0, 'email_availability': 0.0, 'platform_source': 14.0, 'industry_match': 0.0, 'budget_potential': 0.0, 'messages': {'company_size': 'No company size -> 0', 'job_role': 'No job title -> 0', 'country': 'No country / location -> 0', 'website_availability': 'No company website -> 0', 'email_availability': 'No email -> 0', 'platform_source': "Platform 'linkedin' -> +14", 'industry_match': 'No benchmark industry configured -> 0', 'budget_potential': 'No budget keywords -> 0', 'weighted_components': 'role=0.0, signals=0.0, data=15.0, ai=0.0'}, 'raw_total': 14.0}
2026-04-29 18:26:16,440 | DEBUG | lead_score_breakdown ref=Owner B weighted={'score': 3.0, 'tier': 'cold', 'weights': {'role_relevance': 40.0, 'signals': 35.0, 'data_completeness': 25.0, 'ai_score': 25.0}, 'inputs': {'role_relevance': 0.0, 'signals': 0.0, 'data_completeness': 15.0, 'ai_score': 0.0}}
2026-04-29 18:26:25,302 | INFO | ingestion.multi_source.start sources=['yc', 'job_board'] delay=0.5
2026-04-29 18:26:25,303 | INFO | ingestion.source.start source=yc index=1/2
2026-04-29 18:26:25,303 | INFO | ingestion.source.done source=yc candidates=2 created=2 updated=0 skipped=0
2026-04-29 18:26:25,303 | INFO | ingestion.source.start source=job_board index=2/2
2026-04-29 18:26:25,303 | INFO | ingestion.source.done source=job_board candidates=3 created=1 updated=1 skipped=1
2026-04-29 18:26:25,303 | INFO | ingestion.multi_source.done total_sources=2 failed_sources=0 total_created=3 total_updated=1 total_skipped=1
2026-04-29 18:26:33,894 | INFO | enrichment.start company_id=1 domain=signalflow.ai
2026-04-29 18:26:38,276 | WARNING | Ollama connection error (attempt 1/1): [WinError 10061] No connection could be made because the target machine actively refused it
2026-04-29 18:26:38,276 | ERROR | Ollama failed after 1 attempts; last error: [WinError 10061] No connection could be made because the target machine actively refused it
2026-04-29 18:26:42,612 | WARNING | Ollama connection error (attempt 1/1): [WinError 10061] No connection could be made because the target machine actively refused it
2026-04-29 18:26:42,613 | ERROR | Ollama failed after 1 attempts; last error: [WinError 10061] No connection could be made because the target machine actively refused it
2026-04-29 18:26:46,896 | WARNING | Ollama connection error (attempt 1/1): [WinError 10061] No connection could be made because the target machine actively refused it
2026-04-29 18:26:46,896 | ERROR | Ollama failed after 1 attempts; last error: [WinError 10061] No connection could be made because the target machine actively refused it
2026-04-29 18:26:46,899 | INFO | ai.qualification.generated company_id=1 provider=fallback score=95
2026-04-29 18:26:46,906 | INFO | scoring.done company_id=1 score=89.4 priority=Hot fetch_ok=1
2026-04-29 18:37:50,935 | WARNING | Ollama connection error (attempt 1/1): [WinError 10061] No connection could be made because the target machine actively refused it
2026-04-29 18:37:50,935 | ERROR | Ollama failed after 1 attempts; last error: [WinError 10061] No connection could be made because the target machine actively refused it
2026-04-29 18:37:50,937 | INFO | landing_analytics event=cta_click section=hero target=/login
2026-04-29 18:38:17,379 | INFO | lead_score | ref=Owner A score=3 tier=cold factors={'company_size': 0.0, 'job_role': 0.0, 'country': 0.0, 'website_availability': 0.0, 'email_availability': 0.0, 'platform_source': 14.0, 'industry_match': 0.0, 'budget_potential': 0.0, 'messages': {'company_size': 'No company size -> 0', 'job_role': 'No job title -> 0', 'country': 'No country / location -> 0', 'website_availability': 'No company website -> 0', 'email_availability': 'No email -> 0', 'platform_source': "Platform 'linkedin' -> +14", 'industry_match': 'No benchmark industry configured -> 0', 'budget_potential': 'No budget keywords -> 0', 'weighted_components': 'role=0.0, signals=0.0, data=15.0, ai=0.0'}, 'raw_total': 14.0}
2026-04-29 18:38:17,379 | DEBUG | lead_score_breakdown ref=Owner A weighted={'score': 3.0, 'tier': 'cold', 'weights': {'role_relevance': 40.0, 'signals': 35.0, 'data_completeness': 25.0, 'ai_score': 25.0}, 'inputs': {'role_relevance': 0.0, 'signals': 0.0, 'data_completeness': 15.0, 'ai_score': 0.0}}
2026-04-29 18:38:17,401 | INFO | lead_score | ref=Owner B score=3 tier=cold factors={'company_size': 0.0, 'job_role': 0.0, 'country': 0.0, 'website_availability': 0.0, 'email_availability': 0.0, 'platform_source': 14.0, 'industry_match': 0.0, 'budget_potential': 0.0, 'messages': {'company_size': 'No company size -> 0', 'job_role': 'No job title -> 0', 'country': 'No country / location -> 0', 'website_availability': 'No company website -> 0', 'email_availability': 'No email -> 0', 'platform_source': "Platform 'linkedin' -> +14", 'industry_match': 'No benchmark industry configured -> 0', 'budget_potential': 'No budget keywords -> 0', 'weighted_components': 'role=0.0, signals=0.0, data=15.0, ai=0.0'}, 'raw_total': 14.0}
2026-04-29 18:38:17,402 | DEBUG | lead_score_breakdown ref=Owner B weighted={'score': 3.0, 'tier': 'cold', 'weights': {'role_relevance': 40.0, 'signals': 35.0, 'data_completeness': 25.0, 'ai_score': 25.0}, 'inputs': {'role_relevance': 0.0, 'signals': 0.0, 'data_completeness': 15.0, 'ai_score': 0.0}}
2026-04-29 18:38:26,476 | INFO | ingestion.multi_source.start sources=['yc', 'job_board'] delay=0.5
2026-04-29 18:38:26,476 | INFO | ingestion.source.start source=yc index=1/2
2026-04-29 18:38:26,477 | INFO | ingestion.source.done source=yc candidates=2 created=2 updated=0 skipped=0
2026-04-29 18:38:26,477 | INFO | ingestion.source.start source=job_board index=2/2
2026-04-29 18:38:26,478 | INFO | ingestion.source.done source=job_board candidates=3 created=1 updated=1 skipped=1
2026-04-29 18:38:26,478 | INFO | ingestion.multi_source.done total_sources=2 failed_sources=0 total_created=3 total_updated=1 total_skipped=1
2026-04-29 18:38:35,889 | INFO | enrichment.start company_id=1 domain=signalflow.ai
2026-04-29 18:38:40,301 | WARNING | Ollama connection error (attempt 1/1): [WinError 10061] No connection could be made because the target machine actively refused it
2026-04-29 18:38:40,301 | ERROR | Ollama failed after 1 attempts; last error: [WinError 10061] No connection could be made because the target machine actively refused it
2026-04-29 18:38:44,764 | WARNING | Ollama connection error (attempt 1/1): [WinError 10061] No connection could be made because the target machine actively refused it
2026-04-29 18:38:44,764 | ERROR | Ollama failed after 1 attempts; last error: [WinError 10061] No connection could be made because the target machine actively refused it
2026-04-29 18:38:49,102 | WARNING | Ollama connection error (attempt 1/1): [WinError 10061] No connection could be made because the target machine actively refused it
2026-04-29 18:38:49,102 | ERROR | Ollama failed after 1 attempts; last error: [WinError 10061] No connection could be made because the target machine actively refused it
2026-04-29 18:38:49,106 | INFO | ai.qualification.generated company_id=1 provider=fallback score=95
2026-04-29 18:38:49,114 | INFO | scoring.done company_id=1 score=89.4 priority=Hot fetch_ok=1
2026-04-29 18:44:57,549 | INFO | lead_score | ref=Owner A score=2 tier=cold factors={'company_size': 0.0, 'job_role': 0.0, 'country': 0.0, 'website_availability': 0.0, 'email_availability': 0.0, 'platform_source': 14.0, 'industry_match': 0.0, 'budget_potential': 0.0, 'messages': {'company_size': 'No company size -> 0', 'job_role': 'No job title -> 0', 'country': 'No country / location -> 0', 'website_availability': 'No company website -> 0', 'email_availability': 'No email -> 0', 'platform_source': "Platform 'linkedin' -> +14", 'industry_match': 'No benchmark industry configured -> 0', 'budget_potential': 'No budget keywords -> 0', 'weighted_components': 'role=0.0, signals=0.0, data=15.0, ai=0.0'}, 'raw_total': 14.0}
2026-04-29 18:44:57,550 | DEBUG | lead_score_breakdown ref=Owner A weighted={'score': 2.4, 'tier': 'cold', 'weights': {'role_relevance': 45.0, 'signals': 35.0, 'data_completeness': 20.0, 'ai_score': 25.0}, 'inputs': {'role_relevance': 0.0, 'signals': 0.0, 'data_completeness': 15.0, 'ai_score': 0.0}}
2026-04-29 18:44:57,571 | INFO | lead_score | ref=Owner B score=2 tier=cold factors={'company_size': 0.0, 'job_role': 0.0, 'country': 0.0, 'website_availability': 0.0, 'email_availability': 0.0, 'platform_source': 14.0, 'industry_match': 0.0, 'budget_potential': 0.0, 'messages': {'company_size': 'No company size -> 0', 'job_role': 'No job title -> 0', 'country': 'No country / location -> 0', 'website_availability': 'No company website -> 0', 'email_availability': 'No email -> 0', 'platform_source': "Platform 'linkedin' -> +14", 'industry_match': 'No benchmark industry configured -> 0', 'budget_potential': 'No budget keywords -> 0', 'weighted_components': 'role=0.0, signals=0.0, data=15.0, ai=0.0'}, 'raw_total': 14.0}
2026-04-29 18:44:57,571 | DEBUG | lead_score_breakdown ref=Owner B weighted={'score': 2.4, 'tier': 'cold', 'weights': {'role_relevance': 45.0, 'signals': 35.0, 'data_completeness': 20.0, 'ai_score': 25.0}, 'inputs': {'role_relevance': 0.0, 'signals': 0.0, 'data_completeness': 15.0, 'ai_score': 0.0}}
2026-04-29 18:45:00,500 | INFO | ingestion.multi_source.start sources=['yc'] delay=1.0
2026-04-29 18:45:00,500 | INFO | ingestion.source.start source=yc index=1/1
2026-04-29 18:45:02,432 | INFO | ingestion.source.done source=yc candidates=0 created=0 updated=0 skipped=0
2026-04-29 18:45:02,433 | INFO | ingestion.multi_source.done total_sources=1 failed_sources=0 total_created=0 total_updated=0 total_skipped=0
2026-04-29 18:45:02,434 | INFO | enrichment.start company_id=2 domain=beta.io
2026-04-29 18:45:08,139 | WARNING | Ollama connection error (attempt 1/1): [WinError 10061] No connection could be made because the target machine actively refused it
2026-04-29 18:45:08,139 | ERROR | Ollama failed after 1 attempts; last error: [WinError 10061] No connection could be made because the target machine actively refused it
2026-04-29 18:45:12,500 | WARNING | Ollama connection error (attempt 1/1): [WinError 10061] No connection could be made because the target machine actively refused it
2026-04-29 18:45:12,500 | ERROR | Ollama failed after 1 attempts; last error: [WinError 10061] No connection could be made because the target machine actively refused it
2026-04-29 18:45:16,867 | WARNING | Ollama connection error (attempt 1/1): [WinError 10061] No connection could be made because the target machine actively refused it
2026-04-29 18:45:16,868 | ERROR | Ollama failed after 1 attempts; last error: [WinError 10061] No connection could be made because the target machine actively refused it
2026-04-29 18:45:21,336 | WARNING | Ollama connection error (attempt 1/1): [WinError 10061] No connection could be made because the target machine actively refused it
2026-04-29 18:45:21,337 | ERROR | Ollama failed after 1 attempts; last error: [WinError 10061] No connection could be made because the target machine actively refused it
2026-04-29 18:45:21,340 | INFO | ai.qualification.generated company_id=2 provider=fallback score=75
2026-04-29 18:45:21,346 | INFO | scoring.done company_id=2 score=47.2 priority=Cold fetch_ok=1
2026-04-29 18:45:22,347 | INFO | enrichment.start company_id=1 domain=acme.com
2026-04-29 18:45:28,056 | WARNING | Ollama connection error (attempt 1/1): [WinError 10061] No connection could be made because the target machine actively refused it
2026-04-29 18:45:28,057 | ERROR | Ollama failed after 1 attempts; last error: [WinError 10061] No connection could be made because the target machine actively refused it
2026-04-29 18:45:32,387 | WARNING | Ollama connection error (attempt 1/1): [WinError 10061] No connection could be made because the target machine actively refused it
2026-04-29 18:45:32,387 | ERROR | Ollama failed after 1 attempts; last error: [WinError 10061] No connection could be made because the target machine actively refused it
2026-04-29 18:45:36,710 | WARNING | Ollama connection error (attempt 1/1): [WinError 10061] No connection could be made because the target machine actively refused it
2026-04-29 18:45:36,710 | ERROR | Ollama failed after 1 attempts; last error: [WinError 10061] No connection could be made because the target machine actively refused it
2026-04-29 18:45:41,070 | WARNING | Ollama connection error (attempt 1/1): [WinError 10061] No connection could be made because the target machine actively refused it
2026-04-29 18:45:41,070 | ERROR | Ollama failed after 1 attempts; last error: [WinError 10061] No connection could be made because the target machine actively refused it
2026-04-29 18:45:41,073 | INFO | ai.qualification.generated company_id=1 provider=fallback score=75
2026-04-29 18:45:41,077 | INFO | scoring.done company_id=1 score=40.0 priority=Cold fetch_ok=0
2026-04-29 18:45:41,344 | INFO | ingestion.multi_source.start sources=['yc'] delay=0.2
2026-04-29 18:45:41,344 | INFO | ingestion.source.start source=yc index=1/1
2026-04-29 18:45:41,347 | INFO | ingestion.source.done source=yc candidates=2 created=2 updated=0 skipped=0
2026-04-29 18:45:41,348 | INFO | ingestion.multi_source.done total_sources=1 failed_sources=0 total_created=2 total_updated=0 total_skipped=0
2026-04-29 18:45:41,352 | INFO | lead_score | ref=Decision Maker - Yc One score=8 tier=cold factors={'company_size': 0.0, 'job_role': 4.0, 'country': 0.0, 'website_availability': 10.0, 'email_availability': 0.0, 'platform_source': 5.0, 'industry_match': 0.0, 'budget_potential': 0.0, 'messages': {'company_size': 'No company size -> 0', 'job_role': 'Title present (IC) -> +4', 'country': 'No country / location -> 0', 'website_availability': 'Website URL present -> +10', 'email_availability': 'No email -> 0', 'platform_source': "Platform 'other' -> +5", 'industry_match': 'No benchmark industry configured -> 0', 'budget_potential': 'No budget keywords -> 0', 'weighted_components': 'role=18.7, signals=0.0, data=40.0, ai=0.0'}, 'raw_total': 19.0}
2026-04-29 18:45:41,352 | DEBUG | lead_score_breakdown ref=Decision Maker - Yc One weighted={'score': 7.79, 'tier': 'cold', 'weights': {'role_relevance': 20.0, 'signals': 65.0, 'data_completeness': 15.0, 'ai_score': 25.0}, 'inputs': {'role_relevance': 18.666666666666664, 'signals': 0.0, 'data_completeness': 40.0, 'ai_score': 0.0}}
2026-04-29 18:45:41,357 | INFO | lead_score | ref=Decision Maker - Yc Two score=8 tier=cold factors={'company_size': 0.0, 'job_role': 4.0, 'country': 0.0, 'website_availability': 10.0, 'email_availability': 0.0, 'platform_source': 5.0, 'industry_match': 0.0, 'budget_potential': 0.0, 'messages': {'company_size': 'No company size -> 0', 'job_role': 'Title present (IC) -> +4', 'country': 'No country / location -> 0', 'website_availability': 'Website URL present -> +10', 'email_availability': 'No email -> 0', 'platform_source': "Platform 'other' -> +5", 'industry_match': 'No benchmark industry configured -> 0', 'budget_potential': 'No budget keywords -> 0', 'weighted_components': 'role=18.7, signals=0.0, data=40.0, ai=0.0'}, 'raw_total': 19.0}
2026-04-29 18:45:41,357 | DEBUG | lead_score_breakdown ref=Decision Maker - Yc Two weighted={'score': 7.79, 'tier': 'cold', 'weights': {'role_relevance': 20.0, 'signals': 65.0, 'data_completeness': 15.0, 'ai_score': 25.0}, 'inputs': {'role_relevance': 18.666666666666664, 'signals': 0.0, 'data_completeness': 40.0, 'ai_score': 0.0}}
2026-04-29 18:45:41,358 | INFO | enrichment.start company_id=4 domain=yc-two.dev
2026-04-29 18:45:46,040 | WARNING | Ollama connection error (attempt 1/1): [WinError 10061] No connection could be made because the target machine actively refused it
2026-04-29 18:45:46,041 | ERROR | Ollama failed after 1 attempts; last error: [WinError 10061] No connection could be made because the target machine actively refused it
2026-04-29 18:45:50,370 | WARNING | Ollama connection error (attempt 1/1): [WinError 10061] No connection could be made because the target machine actively refused it
2026-04-29 18:45:50,370 | ERROR | Ollama failed after 1 attempts; last error: [WinError 10061] No connection could be made because the target machine actively refused it
2026-04-29 18:45:54,746 | WARNING | Ollama connection error (attempt 1/1): [WinError 10061] No connection could be made because the target machine actively refused it
2026-04-29 18:45:54,747 | ERROR | Ollama failed after 1 attempts; last error: [WinError 10061] No connection could be made because the target machine actively refused it
2026-04-29 18:45:59,082 | WARNING | Ollama connection error (attempt 1/1): [WinError 10061] No connection could be made because the target machine actively refused it
2026-04-29 18:45:59,083 | ERROR | Ollama failed after 1 attempts; last error: [WinError 10061] No connection could be made because the target machine actively refused it
2026-04-29 18:45:59,086 | INFO | ai.qualification.generated company_id=4 provider=fallback score=75
2026-04-29 18:45:59,090 | INFO | scoring.done company_id=4 score=40.0 priority=Cold fetch_ok=0
2026-04-29 18:45:59,291 | INFO | enrichment.start company_id=3 domain=yc-one.com
2026-04-29 18:46:10,908 | WARNING | Ollama connection error (attempt 1/1): [WinError 10061] No connection could be made because the target machine actively refused it
2026-04-29 18:46:10,908 | ERROR | Ollama failed after 1 attempts; last error: [WinError 10061] No connection could be made because the target machine actively refused it
2026-04-29 18:46:15,313 | WARNING | Ollama connection error (attempt 1/1): [WinError 10061] No connection could be made because the target machine actively refused it
2026-04-29 18:46:15,313 | ERROR | Ollama failed after 1 attempts; last error: [WinError 10061] No connection could be made because the target machine actively refused it
2026-04-29 18:46:19,657 | WARNING | Ollama connection error (attempt 1/1): [WinError 10061] No connection could be made because the target machine actively refused it
2026-04-29 18:46:19,657 | ERROR | Ollama failed after 1 attempts; last error: [WinError 10061] No connection could be made because the target machine actively refused it
2026-04-29 18:46:23,961 | WARNING | Ollama connection error (attempt 1/1): [WinError 10061] No connection could be made because the target machine actively refused it
2026-04-29 18:46:23,961 | ERROR | Ollama failed after 1 attempts; last error: [WinError 10061] No connection could be made because the target machine actively refused it
2026-04-29 18:46:23,965 | INFO | ai.qualification.generated company_id=3 provider=fallback score=75
2026-04-29 18:46:23,969 | INFO | scoring.done company_id=3 score=40.0 priority=Cold fetch_ok=0
2026-04-29 18:46:24,170 | INFO | enrichment.start company_id=1 domain=acme.com
2026-04-29 18:46:25,006 | INFO | ai.qualification.cache_hit company_id=1
2026-04-29 18:46:25,010 | INFO | scoring.done company_id=1 score=40.0 priority=Cold fetch_ok=0
2026-04-29 18:46:25,211 | INFO | enrichment.start company_id=2 domain=beta.io
2026-04-29 18:46:26,052 | INFO | ai.qualification.cache_hit company_id=2
2026-04-29 18:46:26,055 | INFO | scoring.done company_id=2 score=47.2 priority=Cold fetch_ok=1
2026-04-29 18:46:26,319 | INFO | ingestion.multi_source.start sources=['job_board'] delay=0.2
2026-04-29 18:46:26,320 | INFO | ingestion.source.start source=job_board index=1/1
2026-04-29 18:46:26,321 | INFO | ingestion.source.done source=job_board candidates=1 created=1 updated=0 skipped=0
2026-04-29 18:46:26,321 | INFO | ingestion.multi_source.done total_sources=1 failed_sources=0 total_created=1 total_updated=0 total_skipped=0
2026-04-29 18:46:26,324 | INFO | lead_score | ref=Decision Maker - Flow Co score=8 tier=cold factors={'company_size': 0.0, 'job_role': 4.0, 'country': 0.0, 'website_availability': 10.0, 'email_availability': 0.0, 'platform_source': 5.0, 'industry_match': 0.0, 'budget_potential': 0.0, 'messages': {'company_size': 'No company size -> 0', 'job_role': 'Title present (IC) -> +4', 'country': 'No country / location -> 0', 'website_availability': 'Website URL present -> +10', 'email_availability': 'No email -> 0', 'platform_source': "Platform 'other' -> +5", 'industry_match': 'No benchmark industry configured -> 0', 'budget_potential': 'No budget keywords -> 0', 'weighted_components': 'role=18.7, signals=0.0, data=40.0, ai=0.0'}, 'raw_total': 19.0}
2026-04-29 18:46:26,324 | DEBUG | lead_score_breakdown ref=Decision Maker - Flow Co weighted={'score': 7.79, 'tier': 'cold', 'weights': {'role_relevance': 20.0, 'signals': 65.0, 'data_completeness': 15.0, 'ai_score': 25.0}, 'inputs': {'role_relevance': 18.666666666666664, 'signals': 0.0, 'data_completeness': 40.0, 'ai_score': 0.0}}
2026-04-29 18:46:26,342 | INFO | ingestion.multi_source.start sources=['job_board'] delay=0.2
2026-04-29 18:46:26,342 | INFO | ingestion.source.start source=job_board index=1/1
2026-04-29 18:46:26,344 | INFO | ingestion.source.done source=job_board candidates=1 created=0 updated=1 skipped=0
2026-04-29 18:46:26,344 | INFO | ingestion.multi_source.done total_sources=1 failed_sources=0 total_created=0 total_updated=1 total_skipped=0
2026-04-29 18:46:26,348 | INFO | lead_score | ref=Decision Maker - Flow Co Updated score=8 tier=cold factors={'company_size': 0.0, 'job_role': 4.0, 'country': 0.0, 'website_availability': 10.0, 'email_availability': 0.0, 'platform_source': 5.0, 'industry_match': 0.0, 'budget_potential': 0.0, 'messages': {'company_size': 'No company size -> 0', 'job_role': 'Title present (IC) -> +4', 'country': 'No country / location -> 0', 'website_availability': 'Website URL present -> +10', 'email_availability': 'No email -> 0', 'platform_source': "Platform 'other' -> +5", 'industry_match': 'No benchmark industry configured -> 0', 'budget_potential': 'No budget keywords -> 0', 'weighted_components': 'role=18.7, signals=0.0, data=40.0, ai=0.0'}, 'raw_total': 19.0}
2026-04-29 18:46:26,348 | DEBUG | lead_score_breakdown ref=Decision Maker - Flow Co Updated weighted={'score': 7.79, 'tier': 'cold', 'weights': {'role_relevance': 20.0, 'signals': 65.0, 'data_completeness': 15.0, 'ai_score': 25.0}, 'inputs': {'role_relevance': 18.666666666666664, 'signals': 0.0, 'data_completeness': 40.0, 'ai_score': 0.0}}
2026-04-29 18:46:27,217 | INFO | lead_score | ref=Decision Maker - A score=8 tier=cold factors={'company_size': 0.0, 'job_role': 4.0, 'country': 0.0, 'website_availability': 10.0, 'email_availability': 0.0, 'platform_source': 5.0, 'industry_match': 0.0, 'budget_potential': 0.0, 'messages': {'company_size': 'No company size -> 0', 'job_role': 'Title present (IC) -> +4', 'country': 'No country / location -> 0', 'website_availability': 'Website URL present -> +10', 'email_availability': 'No email -> 0', 'platform_source': "Platform 'other' -> +5", 'industry_match': 'No benchmark industry configured -> 0', 'budget_potential': 'No budget keywords -> 0', 'weighted_components': 'role=18.7, signals=0.0, data=40.0, ai=0.0'}, 'raw_total': 19.0}
2026-04-29 18:46:27,217 | DEBUG | lead_score_breakdown ref=Decision Maker - A weighted={'score': 7.79, 'tier': 'cold', 'weights': {'role_relevance': 20.0, 'signals': 65.0, 'data_completeness': 15.0, 'ai_score': 25.0}, 'inputs': {'role_relevance': 18.666666666666664, 'signals': 0.0, 'data_completeness': 40.0, 'ai_score': 0.0}}
2026-04-29 18:46:30,882 | INFO | enrichment.start company_id=6 domain=cloudnova.ai
2026-04-29 18:46:35,943 | WARNING | Ollama connection error (attempt 1/1): [WinError 10061] No connection could be made because the target machine actively refused it
2026-04-29 18:46:35,943 | ERROR | Ollama failed after 1 attempts; last error: [WinError 10061] No connection could be made because the target machine actively refused it
2026-04-29 18:46:40,246 | WARNING | Ollama connection error (attempt 1/1): [WinError 10061] No connection could be made because the target machine actively refused it
2026-04-29 18:46:40,247 | ERROR | Ollama failed after 1 attempts; last error: [WinError 10061] No connection could be made because the target machine actively refused it
2026-04-29 18:46:44,594 | WARNING | Ollama connection error (attempt 1/1): [WinError 10061] No connection could be made because the target machine actively refused it
2026-04-29 18:46:44,594 | ERROR | Ollama failed after 1 attempts; last error: [WinError 10061] No connection could be made because the target machine actively refused it
2026-04-29 18:46:48,931 | WARNING | Ollama connection error (attempt 1/1): [WinError 10061] No connection could be made because the target machine actively refused it
2026-04-29 18:46:48,931 | ERROR | Ollama failed after 1 attempts; last error: [WinError 10061] No connection could be made because the target machine actively refused it
2026-04-29 18:46:48,934 | INFO | ai.qualification.generated company_id=6 provider=fallback score=75
2026-04-29 18:46:48,938 | INFO | scoring.done company_id=6 score=40.0 priority=Cold fetch_ok=0
2026-04-29 18:46:49,938 | INFO | enrichment.start company_id=5 domain=flowco.ai
2026-04-29 18:46:55,851 | WARNING | Ollama connection error (attempt 1/1): [WinError 10061] No connection could be made because the target machine actively refused it
2026-04-29 18:46:55,852 | ERROR | Ollama failed after 1 attempts; last error: [WinError 10061] No connection could be made because the target machine actively refused it
2026-04-29 18:47:00,273 | WARNING | Ollama connection error (attempt 1/1): [WinError 10061] No connection could be made because the target machine actively refused it
2026-04-29 18:47:00,273 | ERROR | Ollama failed after 1 attempts; last error: [WinError 10061] No connection could be made because the target machine actively refused it
2026-04-29 18:47:04,652 | WARNING | Ollama connection error (attempt 1/1): [WinError 10061] No connection could be made because the target machine actively refused it
2026-04-29 18:47:04,653 | ERROR | Ollama failed after 1 attempts; last error: [WinError 10061] No connection could be made because the target machine actively refused it
2026-04-29 18:47:09,005 | WARNING | Ollama connection error (attempt 1/1): [WinError 10061] No connection could be made because the target machine actively refused it
2026-04-29 18:47:09,006 | ERROR | Ollama failed after 1 attempts; last error: [WinError 10061] No connection could be made because the target machine actively refused it
2026-04-29 18:47:09,010 | INFO | ai.qualification.generated company_id=5 provider=fallback score=65
2026-04-29 18:47:09,014 | INFO | scoring.done company_id=5 score=38.7 priority=Cold fetch_ok=1
2026-04-29 18:47:10,014 | INFO | enrichment.start company_id=2 domain=beta.io
2026-04-29 18:47:10,857 | INFO | ai.qualification.cache_hit company_id=2
2026-04-29 18:47:10,861 | INFO | scoring.done company_id=2 score=47.2 priority=Cold fetch_ok=1
2026-04-29 18:47:11,862 | INFO | enrichment.start company_id=1 domain=acme.com
2026-04-29 18:47:12,675 | INFO | ai.qualification.cache_hit company_id=1
2026-04-29 18:47:12,678 | INFO | scoring.done company_id=1 score=40.0 priority=Cold fetch_ok=0
2026-04-29 18:47:13,679 | INFO | enrichment.start company_id=3 domain=yc-one.com
2026-04-29 18:47:21,052 | INFO | ai.qualification.cache_hit company_id=3
2026-04-29 18:47:21,055 | INFO | scoring.done company_id=3 score=40.0 priority=Cold fetch_ok=0
2026-04-29 18:47:22,055 | INFO | enrichment.start company_id=4 domain=yc-two.dev
2026-04-29 18:47:22,643 | INFO | ai.qualification.cache_hit company_id=4
2026-04-29 18:47:22,651 | INFO | scoring.done company_id=4 score=40.0 priority=Cold fetch_ok=0
2026-04-29 18:47:23,138 | INFO | enrichment.start company_id=7 domain=signalflow.ai
2026-04-29 18:47:27,629 | WARNING | Ollama connection error (attempt 1/1): [WinError 10061] No connection could be made because the target machine actively refused it
2026-04-29 18:47:27,630 | ERROR | Ollama failed after 1 attempts; last error: [WinError 10061] No connection could be made because the target machine actively refused it
2026-04-29 18:47:32,462 | WARNING | Ollama connection error (attempt 1/1): [WinError 10061] No connection could be made because the target machine actively refused it
2026-04-29 18:47:32,463 | ERROR | Ollama failed after 1 attempts; last error: [WinError 10061] No connection could be made because the target machine actively refused it
2026-04-29 18:47:37,346 | WARNING | Ollama connection error (attempt 1/1): [WinError 10061] No connection could be made because the target machine actively refused it
2026-04-29 18:47:37,346 | ERROR | Ollama failed after 1 attempts; last error: [WinError 10061] No connection could be made because the target machine actively refused it
2026-04-29 18:47:42,161 | WARNING | Ollama connection error (attempt 1/1): [WinError 10061] No connection could be made because the target machine actively refused it
2026-04-29 18:47:42,162 | ERROR | Ollama failed after 1 attempts; last error: [WinError 10061] No connection could be made because the target machine actively refused it
2026-04-29 18:47:42,170 | INFO | ai.qualification.generated company_id=7 provider=fallback score=95
2026-04-29 18:47:42,183 | INFO | scoring.done company_id=7 score=94.2 priority=Hot fetch_ok=1
2026-04-29 18:47:42,584 | INFO | enrichment.start company_id=4 domain=yc-two.dev
2026-04-29 18:47:47,435 | WARNING | Ollama connection error (attempt 1/1): [WinError 10061] No connection could be made because the target machine actively refused it
2026-04-29 18:47:47,435 | ERROR | Ollama failed after 1 attempts; last error: [WinError 10061] No connection could be made because the target machine actively refused it
2026-04-29 18:47:52,318 | WARNING | Ollama connection error (attempt 1/1): [WinError 10061] No connection could be made because the target machine actively refused it
2026-04-29 18:47:52,318 | ERROR | Ollama failed after 1 attempts; last error: [WinError 10061] No connection could be made because the target machine actively refused it
2026-04-29 18:47:56,705 | WARNING | Ollama connection error (attempt 1/1): [WinError 10061] No connection could be made because the target machine actively refused it
2026-04-29 18:47:56,705 | ERROR | Ollama failed after 1 attempts; last error: [WinError 10061] No connection could be made because the target machine actively refused it
2026-04-29 18:48:01,304 | WARNING | Ollama connection error (attempt 1/1): [WinError 10061] No connection could be made because the target machine actively refused it
2026-04-29 18:48:01,305 | ERROR | Ollama failed after 1 attempts; last error: [WinError 10061] No connection could be made because the target machine actively refused it
2026-04-29 18:48:01,311 | INFO | ai.qualification.generated company_id=4 provider=fallback score=95
2026-04-29 18:48:01,321 | INFO | scoring.done company_id=4 score=94.2 priority=Hot fetch_ok=1
2026-04-29 18:48:01,721 | INFO | enrichment.start company_id=3 domain=yc-one.com
2026-04-29 18:48:06,491 | WARNING | Ollama connection error (attempt 1/1): [WinError 10061] No connection could be made because the target machine actively refused it
2026-04-29 18:48:06,492 | ERROR | Ollama failed after 1 attempts; last error: [WinError 10061] No connection could be made because the target machine actively refused it
2026-04-29 18:48:11,252 | WARNING | Ollama connection error (attempt 1/1): [WinError 10061] No connection could be made because the target machine actively refused it
2026-04-29 18:48:11,252 | ERROR | Ollama failed after 1 attempts; last error: [WinError 10061] No connection could be made because the target machine actively refused it
2026-04-29 18:48:15,713 | WARNING | Ollama connection error (attempt 1/1): [WinError 10061] No connection could be made because the target machine actively refused it
2026-04-29 18:48:15,714 | ERROR | Ollama failed after 1 attempts; last error: [WinError 10061] No connection could be made because the target machine actively refused it
2026-04-29 18:48:20,525 | WARNING | Ollama connection error (attempt 1/1): [WinError 10061] No connection could be made because the target machine actively refused it
2026-04-29 18:48:20,525 | ERROR | Ollama failed after 1 attempts; last error: [WinError 10061] No connection could be made because the target machine actively refused it
2026-04-29 18:48:20,532 | INFO | ai.qualification.generated company_id=3 provider=fallback score=95
2026-04-29 18:48:20,540 | INFO | scoring.done company_id=3 score=94.2 priority=Hot fetch_ok=1
2026-04-29 18:48:20,941 | INFO | enrichment.start company_id=1 domain=acme.com
2026-04-29 18:48:25,767 | WARNING | Ollama connection error (attempt 1/1): [WinError 10061] No connection could be made because the target machine actively refused it
2026-04-29 18:48:25,767 | ERROR | Ollama failed after 1 attempts; last error: [WinError 10061] No connection could be made because the target machine actively refused it
2026-04-29 18:48:30,339 | WARNING | Ollama connection error (attempt 1/1): [WinError 10061] No connection could be made because the target machine actively refused it
2026-04-29 18:48:30,340 | ERROR | Ollama failed after 1 attempts; last error: [WinError 10061] No connection could be made because the target machine actively refused it
2026-04-29 18:48:34,784 | WARNING | Ollama connection error (attempt 1/1): [WinError 10061] No connection could be made because the target machine actively refused it
2026-04-29 18:48:34,784 | ERROR | Ollama failed after 1 attempts; last error: [WinError 10061] No connection could be made because the target machine actively refused it
2026-04-29 18:48:39,118 | WARNING | Ollama connection error (attempt 1/1): [WinError 10061] No connection could be made because the target machine actively refused it
2026-04-29 18:48:39,119 | ERROR | Ollama failed after 1 attempts; last error: [WinError 10061] No connection could be made because the target machine actively refused it
2026-04-29 18:48:39,122 | INFO | ai.qualification.generated company_id=1 provider=fallback score=95
2026-04-29 18:48:39,125 | INFO | scoring.done company_id=1 score=94.2 priority=Hot fetch_ok=1
2026-04-29 18:48:39,526 | INFO | enrichment.start company_id=2 domain=beta.io
2026-04-29 18:48:43,922 | WARNING | Ollama connection error (attempt 1/1): [WinError 10061] No connection could be made because the target machine actively refused it
2026-04-29 18:48:43,922 | ERROR | Ollama failed after 1 attempts; last error: [WinError 10061] No connection could be made because the target machine actively refused it
2026-04-29 18:48:48,299 | WARNING | Ollama connection error (attempt 1/1): [WinError 10061] No connection could be made because the target machine actively refused it
2026-04-29 18:48:48,299 | ERROR | Ollama failed after 1 attempts; last error: [WinError 10061] No connection could be made because the target machine actively refused it
2026-04-29 18:48:52,581 | WARNING | Ollama connection error (attempt 1/1): [WinError 10061] No connection could be made because the target machine actively refused it
2026-04-29 18:48:52,581 | ERROR | Ollama failed after 1 attempts; last error: [WinError 10061] No connection could be made because the target machine actively refused it
2026-04-29 18:48:57,021 | WARNING | Ollama connection error (attempt 1/1): [WinError 10061] No connection could be made because the target machine actively refused it
2026-04-29 18:48:57,021 | ERROR | Ollama failed after 1 attempts; last error: [WinError 10061] No connection could be made because the target machine actively refused it
2026-04-29 18:48:57,024 | INFO | ai.qualification.generated company_id=2 provider=fallback score=95
2026-04-29 18:48:57,028 | INFO | scoring.done company_id=2 score=94.2 priority=Hot fetch_ok=1
2026-04-29 18:48:57,429 | INFO | enrichment.start company_id=5 domain=flowco.ai
2026-04-29 18:49:01,794 | WARNING | Ollama connection error (attempt 1/1): [WinError 10061] No connection could be made because the target machine actively refused it
2026-04-29 18:49:01,794 | ERROR | Ollama failed after 1 attempts; last error: [WinError 10061] No connection could be made because the target machine actively refused it
2026-04-29 18:49:06,157 | WARNING | Ollama connection error (attempt 1/1): [WinError 10061] No connection could be made because the target machine actively refused it
2026-04-29 18:49:06,157 | ERROR | Ollama failed after 1 attempts; last error: [WinError 10061] No connection could be made because the target machine actively refused it
2026-04-29 18:49:10,451 | WARNING | Ollama connection error (attempt 1/1): [WinError 10061] No connection could be made because the target machine actively refused it
2026-04-29 18:49:10,451 | ERROR | Ollama failed after 1 attempts; last error: [WinError 10061] No connection could be made because the target machine actively refused it
2026-04-29 18:49:14,857 | WARNING | Ollama connection error (attempt 1/1): [WinError 10061] No connection could be made because the target machine actively refused it
2026-04-29 18:49:14,858 | ERROR | Ollama failed after 1 attempts; last error: [WinError 10061] No connection could be made because the target machine actively refused it
2026-04-29 18:49:14,860 | INFO | ai.qualification.generated company_id=5 provider=fallback score=95
2026-04-29 18:49:14,864 | INFO | scoring.done company_id=5 score=94.2 priority=Hot fetch_ok=1
2026-04-29 18:49:15,265 | INFO | enrichment.start company_id=6 domain=cloudnova.ai
2026-04-29 18:49:19,632 | WARNING | Ollama connection error (attempt 1/1): [WinError 10061] No connection could be made because the target machine actively refused it
2026-04-29 18:49:19,633 | ERROR | Ollama failed after 1 attempts; last error: [WinError 10061] No connection could be made because the target machine actively refused it
2026-04-29 18:49:23,930 | WARNING | Ollama connection error (attempt 1/1): [WinError 10061] No connection could be made because the target machine actively refused it
2026-04-29 18:49:23,930 | ERROR | Ollama failed after 1 attempts; last error: [WinError 10061] No connection could be made because the target machine actively refused it
2026-04-29 18:49:28,213 | WARNING | Ollama connection error (attempt 1/1): [WinError 10061] No connection could be made because the target machine actively refused it
2026-04-29 18:49:28,213 | ERROR | Ollama failed after 1 attempts; last error: [WinError 10061] No connection could be made because the target machine actively refused it
2026-04-29 18:49:32,550 | WARNING | Ollama connection error (attempt 1/1): [WinError 10061] No connection could be made because the target machine actively refused it
2026-04-29 18:49:32,551 | ERROR | Ollama failed after 1 attempts; last error: [WinError 10061] No connection could be made because the target machine actively refused it
2026-04-29 18:49:32,554 | INFO | ai.qualification.generated company_id=6 provider=fallback score=95
2026-04-29 18:49:32,557 | INFO | scoring.done company_id=6 score=94.2 priority=Hot fetch_ok=1
2026-04-29 18:49:32,818 | INFO | enrichment.start company_id=1 domain=acme.com
2026-04-29 18:49:37,145 | WARNING | Ollama connection error (attempt 1/1): [WinError 10061] No connection could be made because the target machine actively refused it
2026-04-29 18:49:37,145 | ERROR | Ollama failed after 1 attempts; last error: [WinError 10061] No connection could be made because the target machine actively refused it
2026-04-29 18:49:41,441 | WARNING | Ollama connection error (attempt 1/1): [WinError 10061] No connection could be made because the target machine actively refused it
2026-04-29 18:49:41,441 | ERROR | Ollama failed after 1 attempts; last error: [WinError 10061] No connection could be made because the target machine actively refused it
2026-04-29 18:49:45,758 | WARNING | Ollama connection error (attempt 1/1): [WinError 10061] No connection could be made because the target machine actively refused it
2026-04-29 18:49:45,758 | ERROR | Ollama failed after 1 attempts; last error: [WinError 10061] No connection could be made because the target machine actively refused it
2026-04-29 18:49:50,089 | WARNING | Ollama connection error (attempt 1/1): [WinError 10061] No connection could be made because the target machine actively refused it
2026-04-29 18:49:50,089 | ERROR | Ollama failed after 1 attempts; last error: [WinError 10061] No connection could be made because the target machine actively refused it
2026-04-29 18:49:50,092 | INFO | ai.qualification.generated company_id=1 provider=fallback score=65
2026-04-29 18:49:50,097 | INFO | scoring.done company_id=1 score=38.7 priority=Cold fetch_ok=1
2026-04-29 18:49:50,347 | INFO | enrichment.start company_id=8 domain=leadify.ai
2026-04-29 18:49:54,874 | WARNING | Ollama connection error (attempt 1/1): [WinError 10061] No connection could be made because the target machine actively refused it
2026-04-29 18:49:54,874 | ERROR | Ollama failed after 1 attempts; last error: [WinError 10061] No connection could be made because the target machine actively refused it
2026-04-29 18:49:59,219 | WARNING | Ollama connection error (attempt 1/1): [WinError 10061] No connection could be made because the target machine actively refused it
2026-04-29 18:49:59,219 | ERROR | Ollama failed after 1 attempts; last error: [WinError 10061] No connection could be made because the target machine actively refused it
2026-04-29 18:50:03,521 | WARNING | Ollama connection error (attempt 1/1): [WinError 10061] No connection could be made because the target machine actively refused it
2026-04-29 18:50:03,521 | ERROR | Ollama failed after 1 attempts; last error: [WinError 10061] No connection could be made because the target machine actively refused it
2026-04-29 18:50:07,829 | WARNING | Ollama connection error (attempt 1/1): [WinError 10061] No connection could be made because the target machine actively refused it
2026-04-29 18:50:07,829 | ERROR | Ollama failed after 1 attempts; last error: [WinError 10061] No connection could be made because the target machine actively refused it
2026-04-29 18:50:07,832 | INFO | ai.qualification.generated company_id=8 provider=fallback score=95
2026-04-29 18:50:07,835 | INFO | scoring.done company_id=8 score=94.2 priority=Hot fetch_ok=1
2026-04-29 18:50:08,236 | INFO | enrichment.start company_id=1 domain=acme.com
2026-04-29 18:50:12,565 | WARNING | Ollama connection error (attempt 1/1): [WinError 10061] No connection could be made because the target machine actively refused it
2026-04-29 18:50:12,565 | ERROR | Ollama failed after 1 attempts; last error: [WinError 10061] No connection could be made because the target machine actively refused it
2026-04-29 18:50:16,891 | WARNING | Ollama connection error (attempt 1/1): [WinError 10061] No connection could be made because the target machine actively refused it
2026-04-29 18:50:16,891 | ERROR | Ollama failed after 1 attempts; last error: [WinError 10061] No connection could be made because the target machine actively refused it
2026-04-29 18:50:21,311 | WARNING | Ollama connection error (attempt 1/1): [WinError 10061] No connection could be made because the target machine actively refused it
2026-04-29 18:50:21,311 | ERROR | Ollama failed after 1 attempts; last error: [WinError 10061] No connection could be made because the target machine actively refused it
2026-04-29 18:50:25,625 | WARNING | Ollama connection error (attempt 1/1): [WinError 10061] No connection could be made because the target machine actively refused it
2026-04-29 18:50:25,625 | ERROR | Ollama failed after 1 attempts; last error: [WinError 10061] No connection could be made because the target machine actively refused it
2026-04-29 18:50:25,628 | INFO | ai.qualification.generated company_id=1 provider=fallback score=95
2026-04-29 18:50:25,632 | INFO | scoring.done company_id=1 score=94.2 priority=Hot fetch_ok=1
2026-04-29 18:50:26,032 | INFO | enrichment.start company_id=6 domain=cloudnova.ai
2026-04-29 18:50:30,579 | WARNING | Ollama connection error (attempt 1/1): [WinError 10061] No connection could be made because the target machine actively refused it
2026-04-29 18:50:30,579 | ERROR | Ollama failed after 1 attempts; last error: [WinError 10061] No connection could be made because the target machine actively refused it
2026-04-29 18:50:34,910 | WARNING | Ollama connection error (attempt 1/1): [WinError 10061] No connection could be made because the target machine actively refused it
2026-04-29 18:50:34,911 | ERROR | Ollama failed after 1 attempts; last error: [WinError 10061] No connection could be made because the target machine actively refused it
2026-04-29 18:50:39,274 | WARNING | Ollama connection error (attempt 1/1): [WinError 10061] No connection could be made because the target machine actively refused it
2026-04-29 18:50:39,275 | ERROR | Ollama failed after 1 attempts; last error: [WinError 10061] No connection could be made because the target machine actively refused it
2026-04-29 18:50:43,542 | WARNING | Ollama connection error (attempt 1/1): [WinError 10061] No connection could be made because the target machine actively refused it
2026-04-29 18:50:43,542 | ERROR | Ollama failed after 1 attempts; last error: [WinError 10061] No connection could be made because the target machine actively refused it
2026-04-29 18:50:43,546 | INFO | ai.qualification.generated company_id=6 provider=fallback score=95
2026-04-29 18:50:43,550 | INFO | scoring.done company_id=6 score=94.2 priority=Hot fetch_ok=1
2026-04-29 18:50:43,950 | INFO | enrichment.start company_id=5 domain=flowco.ai
2026-04-29 18:50:48,275 | WARNING | Ollama connection error (attempt 1/1): [WinError 10061] No connection could be made because the target machine actively refused it
2026-04-29 18:50:48,276 | ERROR | Ollama failed after 1 attempts; last error: [WinError 10061] No connection could be made because the target machine actively refused it
2026-04-29 18:50:52,689 | WARNING | Ollama connection error (attempt 1/1): [WinError 10061] No connection could be made because the target machine actively refused it
2026-04-29 18:50:52,689 | ERROR | Ollama failed after 1 attempts; last error: [WinError 10061] No connection could be made because the target machine actively refused it
2026-04-29 18:50:57,010 | WARNING | Ollama connection error (attempt 1/1): [WinError 10061] No connection could be made because the target machine actively refused it
2026-04-29 18:50:57,010 | ERROR | Ollama failed after 1 attempts; last error: [WinError 10061] No connection could be made because the target machine actively refused it
2026-04-29 18:51:01,316 | WARNING | Ollama connection error (attempt 1/1): [WinError 10061] No connection could be made because the target machine actively refused it
2026-04-29 18:51:01,317 | ERROR | Ollama failed after 1 attempts; last error: [WinError 10061] No connection could be made because the target machine actively refused it
2026-04-29 18:51:01,320 | INFO | ai.qualification.generated company_id=5 provider=fallback score=95
2026-04-29 18:51:01,323 | INFO | scoring.done company_id=5 score=94.2 priority=Hot fetch_ok=1
2026-04-29 18:51:01,724 | INFO | enrichment.start company_id=2 domain=beta.io
2026-04-29 18:51:06,060 | WARNING | Ollama connection error (attempt 1/1): [WinError 10061] No connection could be made because the target machine actively refused it
2026-04-29 18:51:06,060 | ERROR | Ollama failed after 1 attempts; last error: [WinError 10061] No connection could be made because the target machine actively refused it
2026-04-29 18:51:15,224 | INFO | enrichment.start company_id=1 domain=loopco.ai
2026-04-29 18:51:16,211 | INFO | lead_score | ref=Owner A score=3 tier=cold factors={'company_size': 0.0, 'job_role': 0.0, 'country': 0.0, 'website_availability': 0.0, 'email_availability': 0.0, 'platform_source': 14.0, 'industry_match': 0.0, 'budget_potential': 0.0, 'messages': {'company_size': 'No company size -> 0', 'job_role': 'No job title -> 0', 'country': 'No country / location -> 0', 'website_availability': 'No company website -> 0', 'email_availability': 'No email -> 0', 'platform_source': "Platform 'linkedin' -> +14", 'industry_match': 'No benchmark industry configured -> 0', 'budget_potential': 'No budget keywords -> 0', 'weighted_components': 'role=0.0, signals=0.0, data=15.0, ai=0.0'}, 'raw_total': 14.0}
2026-04-29 18:51:16,211 | DEBUG | lead_score_breakdown ref=Owner A weighted={'score': 3.0, 'tier': 'cold', 'weights': {'role_relevance': 40.0, 'signals': 35.0, 'data_completeness': 25.0, 'ai_score': 25.0}, 'inputs': {'role_relevance': 0.0, 'signals': 0.0, 'data_completeness': 15.0, 'ai_score': 0.0}}
2026-04-29 18:51:16,231 | INFO | lead_score | ref=Owner B score=3 tier=cold factors={'company_size': 0.0, 'job_role': 0.0, 'country': 0.0, 'website_availability': 0.0, 'email_availability': 0.0, 'platform_source': 14.0, 'industry_match': 0.0, 'budget_potential': 0.0, 'messages': {'company_size': 'No company size -> 0', 'job_role': 'No job title -> 0', 'country': 'No country / location -> 0', 'website_availability': 'No company website -> 0', 'email_availability': 'No email -> 0', 'platform_source': "Platform 'linkedin' -> +14", 'industry_match': 'No benchmark industry configured -> 0', 'budget_potential': 'No budget keywords -> 0', 'weighted_components': 'role=0.0, signals=0.0, data=15.0, ai=0.0'}, 'raw_total': 14.0}
2026-04-29 18:51:16,231 | DEBUG | lead_score_breakdown ref=Owner B weighted={'score': 3.0, 'tier': 'cold', 'weights': {'role_relevance': 40.0, 'signals': 35.0, 'data_completeness': 25.0, 'ai_score': 25.0}, 'inputs': {'role_relevance': 0.0, 'signals': 0.0, 'data_completeness': 15.0, 'ai_score': 0.0}}
2026-04-29 18:51:19,721 | WARNING | Ollama connection error (attempt 1/1): [WinError 10061] No connection could be made because the target machine actively refused it
2026-04-29 18:51:19,721 | ERROR | Ollama failed after 1 attempts; last error: [WinError 10061] No connection could be made because the target machine actively refused it
2026-04-29 18:51:24,165 | WARNING | Ollama connection error (attempt 1/1): [WinError 10061] No connection could be made because the target machine actively refused it
2026-04-29 18:51:24,165 | ERROR | Ollama failed after 1 attempts; last error: [WinError 10061] No connection could be made because the target machine actively refused it
2026-04-29 18:51:28,492 | WARNING | Ollama connection error (attempt 1/1): [WinError 10061] No connection could be made because the target machine actively refused it
2026-04-29 18:51:28,493 | ERROR | Ollama failed after 1 attempts; last error: [WinError 10061] No connection could be made because the target machine actively refused it
2026-04-29 18:51:28,496 | INFO | ai.qualification.generated company_id=1 provider=fallback score=95
2026-04-29 18:51:28,502 | INFO | scoring.done company_id=1 score=89.4 priority=Hot fetch_ok=1
2026-04-29 18:51:28,524 | INFO | weekly_engine start day=sat keyword=software location=
2026-04-29 18:51:28,529 | INFO | lead_score | ref=Loop Founder score=33 tier=cold factors={'company_size': 0.0, 'job_role': 15.0, 'country': 0.0, 'website_availability': 10.0, 'email_availability': 0.0, 'platform_source': 14.0, 'industry_match': 0.0, 'budget_potential': 0.0, 'messages': {'company_size': 'No company size -> 0', 'job_role': 'Executive / founder role -> +15', 'country': 'No country / location -> 0', 'website_availability': 'Website URL present -> +10', 'email_availability': 'No email -> 0', 'platform_source': "Platform 'linkedin' -> +14", 'industry_match': 'No benchmark industry configured -> 0', 'budget_potential': 'No budget keywords -> 0', 'weighted_components': 'role=70.0, signals=0.0, data=55.0, ai=0.0'}, 'raw_total': 39.0}
2026-04-29 18:51:28,529 | DEBUG | lead_score_breakdown ref=Loop Founder weighted={'score': 33.4, 'tier': 'cold', 'weights': {'role_relevance': 40.0, 'signals': 35.0, 'data_completeness': 25.0, 'ai_score': 25.0}, 'inputs': {'role_relevance': 70.0, 'signals': 0.0, 'data_completeness': 55.0, 'ai_score': 0.0}}
2026-04-29 18:51:28,537 | INFO | weekly_engine saturday prepared candidates=1
2026-04-29 18:51:29,153 | INFO | lead_score | ref=f5fe1ccd-c831-4672-b175-08f8e6acb80f score=33 tier=cold factors={'company_size': 0.0, 'job_role': 15.0, 'country': 0.0, 'website_availability': 10.0, 'email_availability': 0.0, 'platform_source': 14.0, 'industry_match': 0.0, 'budget_potential': 0.0, 'messages': {'company_size': 'No company size -> 0', 'job_role': 'Executive / founder role -> +15', 'country': 'No country / location -> 0', 'website_availability': 'Website URL present -> +10', 'email_availability': 'No email -> 0', 'platform_source': "Platform 'linkedin' -> +14", 'industry_match': 'No benchmark industry configured -> 0', 'budget_potential': 'No budget keywords -> 0', 'weighted_components': 'role=70.0, signals=0.0, data=55.0, ai=0.0'}, 'raw_total': 39.0}
2026-04-29 18:51:29,153 | DEBUG | lead_score_breakdown ref=f5fe1ccd-c831-4672-b175-08f8e6acb80f weighted={'score': 33.4, 'tier': 'cold', 'weights': {'role_relevance': 40.0, 'signals': 35.0, 'data_completeness': 25.0, 'ai_score': 25.0}, 'inputs': {'role_relevance': 70.0, 'signals': 0.0, 'data_completeness': 55.0, 'ai_score': 0.0}}
2026-04-29 18:52:39,827 | INFO | enrichment.start company_id=1 domain=loopco.ai
2026-04-29 18:52:41,702 | INFO | lead_score | ref=Owner A score=3 tier=cold factors={'company_size': 0.0, 'job_role': 0.0, 'country': 0.0, 'website_availability': 0.0, 'email_availability': 0.0, 'platform_source': 14.0, 'industry_match': 0.0, 'budget_potential': 0.0, 'messages': {'company_size': 'No company size -> 0', 'job_role': 'No job title -> 0', 'country': 'No country / location -> 0', 'website_availability': 'No company website -> 0', 'email_availability': 'No email -> 0', 'platform_source': "Platform 'linkedin' -> +14", 'industry_match': 'No benchmark industry configured -> 0', 'budget_potential': 'No budget keywords -> 0', 'weighted_components': 'role=0.0, signals=0.0, data=15.0, ai=0.0'}, 'raw_total': 14.0}
2026-04-29 18:52:41,702 | DEBUG | lead_score_breakdown ref=Owner A weighted={'score': 3.0, 'tier': 'cold', 'weights': {'role_relevance': 40.0, 'signals': 35.0, 'data_completeness': 25.0, 'ai_score': 25.0}, 'inputs': {'role_relevance': 0.0, 'signals': 0.0, 'data_completeness': 15.0, 'ai_score': 0.0}}
2026-04-29 18:52:41,720 | INFO | lead_score | ref=Owner B score=3 tier=cold factors={'company_size': 0.0, 'job_role': 0.0, 'country': 0.0, 'website_availability': 0.0, 'email_availability': 0.0, 'platform_source': 14.0, 'industry_match': 0.0, 'budget_potential': 0.0, 'messages': {'company_size': 'No company size -> 0', 'job_role': 'No job title -> 0', 'country': 'No country / location -> 0', 'website_availability': 'No company website -> 0', 'email_availability': 'No email -> 0', 'platform_source': "Platform 'linkedin' -> +14", 'industry_match': 'No benchmark industry configured -> 0', 'budget_potential': 'No budget keywords -> 0', 'weighted_components': 'role=0.0, signals=0.0, data=15.0, ai=0.0'}, 'raw_total': 14.0}
2026-04-29 18:52:41,720 | DEBUG | lead_score_breakdown ref=Owner B weighted={'score': 3.0, 'tier': 'cold', 'weights': {'role_relevance': 40.0, 'signals': 35.0, 'data_completeness': 25.0, 'ai_score': 25.0}, 'inputs': {'role_relevance': 0.0, 'signals': 0.0, 'data_completeness': 15.0, 'ai_score': 0.0}}
2026-04-29 18:52:44,419 | WARNING | Ollama connection error (attempt 1/1): [WinError 10061] No connection could be made because the target machine actively refused it
2026-04-29 18:52:44,420 | ERROR | Ollama failed after 1 attempts; last error: [WinError 10061] No connection could be made because the target machine actively refused it
2026-04-29 18:52:48,770 | WARNING | Ollama connection error (attempt 1/1): [WinError 10061] No connection could be made because the target machine actively refused it
2026-04-29 18:52:48,770 | ERROR | Ollama failed after 1 attempts; last error: [WinError 10061] No connection could be made because the target machine actively refused it
2026-04-29 18:52:49,456 | INFO | ingestion.multi_source.start sources=['yc', 'job_board'] delay=0.5
2026-04-29 18:52:49,457 | INFO | ingestion.source.start source=yc index=1/2
2026-04-29 18:52:49,457 | INFO | ingestion.source.done source=yc candidates=2 created=2 updated=0 skipped=0
2026-04-29 18:52:49,457 | INFO | ingestion.source.start source=job_board index=2/2
2026-04-29 18:52:49,457 | INFO | ingestion.source.done source=job_board candidates=3 created=1 updated=1 skipped=1
2026-04-29 18:52:49,457 | INFO | ingestion.multi_source.done total_sources=2 failed_sources=0 total_created=3 total_updated=1 total_skipped=1
2026-04-29 18:52:53,174 | WARNING | Ollama connection error (attempt 1/1): [WinError 10061] No connection could be made because the target machine actively refused it
2026-04-29 18:52:53,174 | ERROR | Ollama failed after 1 attempts; last error: [WinError 10061] No connection could be made because the target machine actively refused it
2026-04-29 18:52:53,177 | INFO | ai.qualification.generated company_id=1 provider=fallback score=95
2026-04-29 18:52:53,183 | INFO | scoring.done company_id=1 score=89.4 priority=Hot fetch_ok=1
2026-04-29 18:52:53,205 | INFO | weekly_engine start day=sat keyword=software location=
2026-04-29 18:52:53,211 | INFO | lead_score | ref=Loop Founder score=33 tier=cold factors={'company_size': 0.0, 'job_role': 15.0, 'country': 0.0, 'website_availability': 10.0, 'email_availability': 0.0, 'platform_source': 14.0, 'industry_match': 0.0, 'budget_potential': 0.0, 'messages': {'company_size': 'No company size -> 0', 'job_role': 'Executive / founder role -> +15', 'country': 'No country / location -> 0', 'website_availability': 'Website URL present -> +10', 'email_availability': 'No email -> 0', 'platform_source': "Platform 'linkedin' -> +14", 'industry_match': 'No benchmark industry configured -> 0', 'budget_potential': 'No budget keywords -> 0', 'weighted_components': 'role=70.0, signals=0.0, data=55.0, ai=0.0'}, 'raw_total': 39.0}
2026-04-29 18:52:53,211 | DEBUG | lead_score_breakdown ref=Loop Founder weighted={'score': 33.4, 'tier': 'cold', 'weights': {'role_relevance': 40.0, 'signals': 35.0, 'data_completeness': 25.0, 'ai_score': 25.0}, 'inputs': {'role_relevance': 70.0, 'signals': 0.0, 'data_completeness': 55.0, 'ai_score': 0.0}}
2026-04-29 18:52:53,217 | INFO | weekly_engine saturday prepared candidates=1
2026-04-29 18:52:53,606 | INFO | lead_score | ref=77da273c-79a1-4c7e-91dd-296c75d91cde score=33 tier=cold factors={'company_size': 0.0, 'job_role': 15.0, 'country': 0.0, 'website_availability': 10.0, 'email_availability': 0.0, 'platform_source': 14.0, 'industry_match': 0.0, 'budget_potential': 0.0, 'messages': {'company_size': 'No company size -> 0', 'job_role': 'Executive / founder role -> +15', 'country': 'No country / location -> 0', 'website_availability': 'Website URL present -> +10', 'email_availability': 'No email -> 0', 'platform_source': "Platform 'linkedin' -> +14", 'industry_match': 'No benchmark industry configured -> 0', 'budget_potential': 'No budget keywords -> 0', 'weighted_components': 'role=70.0, signals=0.0, data=55.0, ai=0.0'}, 'raw_total': 39.0}
2026-04-29 18:52:53,606 | DEBUG | lead_score_breakdown ref=77da273c-79a1-4c7e-91dd-296c75d91cde weighted={'score': 33.4, 'tier': 'cold', 'weights': {'role_relevance': 40.0, 'signals': 35.0, 'data_completeness': 25.0, 'ai_score': 25.0}, 'inputs': {'role_relevance': 70.0, 'signals': 0.0, 'data_completeness': 55.0, 'ai_score': 0.0}}
2026-04-29 18:52:54,493 | INFO | enrichment.start company_id=2 domain=signalflow.ai
2026-04-29 18:52:57,789 | INFO | enrichment.start company_id=1 domain=signalflow.ai
2026-04-29 18:52:58,971 | WARNING | Ollama connection error (attempt 1/1): [WinError 10061] No connection could be made because the target machine actively refused it
2026-04-29 18:52:58,971 | ERROR | Ollama failed after 1 attempts; last error: [WinError 10061] No connection could be made because the target machine actively refused it
2026-04-29 18:53:02,126 | WARNING | Ollama connection error (attempt 1/1): [WinError 10061] No connection could be made because the target machine actively refused it
2026-04-29 18:53:02,126 | ERROR | Ollama failed after 1 attempts; last error: [WinError 10061] No connection could be made because the target machine actively refused it
2026-04-29 18:53:03,301 | WARNING | Ollama connection error (attempt 1/1): [WinError 10061] No connection could be made because the target machine actively refused it
2026-04-29 18:53:03,301 | ERROR | Ollama failed after 1 attempts; last error: [WinError 10061] No connection could be made because the target machine actively refused it
2026-04-29 18:53:06,540 | WARNING | Ollama connection error (attempt 1/1): [WinError 10061] No connection could be made because the target machine actively refused it
2026-04-29 18:53:06,540 | ERROR | Ollama failed after 1 attempts; last error: [WinError 10061] No connection could be made because the target machine actively refused it
2026-04-29 18:53:07,714 | WARNING | Ollama connection error (attempt 1/1): [WinError 10061] No connection could be made because the target machine actively refused it
2026-04-29 18:53:07,714 | ERROR | Ollama failed after 1 attempts; last error: [WinError 10061] No connection could be made because the target machine actively refused it
2026-04-29 18:53:07,717 | INFO | ai.qualification.generated company_id=2 provider=fallback score=95
2026-04-29 18:53:07,721 | INFO | scoring.done company_id=2 score=89.4 priority=Hot fetch_ok=1
2026-04-29 18:53:08,121 | INFO | enrichment.start company_id=1 domain=loopco.ai
2026-04-29 18:53:10,848 | WARNING | Ollama connection error (attempt 1/1): [WinError 10061] No connection could be made because the target machine actively refused it
2026-04-29 18:53:10,849 | ERROR | Ollama failed after 1 attempts; last error: [WinError 10061] No connection could be made because the target machine actively refused it
2026-04-29 18:53:10,851 | INFO | ai.qualification.generated company_id=1 provider=fallback score=95
2026-04-29 18:53:10,858 | INFO | scoring.done company_id=1 score=89.4 priority=Hot fetch_ok=1
2026-04-29 18:53:12,483 | WARNING | Ollama connection error (attempt 1/1): [WinError 10061] No connection could be made because the target machine actively refused it
2026-04-29 18:53:12,483 | ERROR | Ollama failed after 1 attempts; last error: [WinError 10061] No connection could be made because the target machine actively refused it
2026-04-29 18:53:16,867 | WARNING | Ollama connection error (attempt 1/1): [WinError 10061] No connection could be made because the target machine actively refused it
2026-04-29 18:53:16,867 | ERROR | Ollama failed after 1 attempts; last error: [WinError 10061] No connection could be made because the target machine actively refused it
2026-04-29 18:53:21,182 | WARNING | Ollama connection error (attempt 1/1): [WinError 10061] No connection could be made because the target machine actively refused it
2026-04-29 18:53:21,183 | ERROR | Ollama failed after 1 attempts; last error: [WinError 10061] No connection could be made because the target machine actively refused it
2026-04-29 18:53:21,186 | INFO | ai.qualification.generated company_id=1 provider=fallback score=95
2026-04-29 18:53:21,189 | INFO | scoring.done company_id=1 score=89.4 priority=Hot fetch_ok=1
2026-04-29 18:53:21,448 | INFO | enrichment.start company_id=3 domain=leadify.ai
2026-04-29 18:53:25,814 | WARNING | Ollama connection error (attempt 1/1): [WinError 10061] No connection could be made because the target machine actively refused it
2026-04-29 18:53:25,814 | ERROR | Ollama failed after 1 attempts; last error: [WinError 10061] No connection could be made because the target machine actively refused it
2026-04-29 18:53:30,106 | WARNING | Ollama connection error (attempt 1/1): [WinError 10061] No connection could be made because the target machine actively refused it
2026-04-29 18:53:30,106 | ERROR | Ollama failed after 1 attempts; last error: [WinError 10061] No connection could be made because the target machine actively refused it
2026-04-29 18:53:34,420 | WARNING | Ollama connection error (attempt 1/1): [WinError 10061] No connection could be made because the target machine actively refused it
2026-04-29 18:53:34,420 | ERROR | Ollama failed after 1 attempts; last error: [WinError 10061] No connection could be made because the target machine actively refused it
2026-04-29 18:53:34,423 | INFO | ai.qualification.generated company_id=3 provider=fallback score=95
2026-04-29 18:53:34,427 | INFO | scoring.done company_id=3 score=89.4 priority=Hot fetch_ok=1
2026-04-29 18:53:34,827 | INFO | enrichment.start company_id=1 domain=loopco.ai
2026-04-29 18:53:39,255 | WARNING | Ollama connection error (attempt 1/1): [WinError 10061] No connection could be made because the target machine actively refused it
2026-04-29 18:53:39,256 | ERROR | Ollama failed after 1 attempts; last error: [WinError 10061] No connection could be made because the target machine actively refused it
2026-04-29 18:53:43,580 | WARNING | Ollama connection error (attempt 1/1): [WinError 10061] No connection could be made because the target machine actively refused it
2026-04-29 18:53:43,581 | ERROR | Ollama failed after 1 attempts; last error: [WinError 10061] No connection could be made because the target machine actively refused it
2026-04-29 18:53:47,883 | WARNING | Ollama connection error (attempt 1/1): [WinError 10061] No connection could be made because the target machine actively refused it
2026-04-29 18:53:47,883 | ERROR | Ollama failed after 1 attempts; last error: [WinError 10061] No connection could be made because the target machine actively refused it
2026-04-29 18:53:47,887 | INFO | ai.qualification.generated company_id=1 provider=fallback score=95
2026-04-29 18:53:47,890 | INFO | scoring.done company_id=1 score=89.4 priority=Hot fetch_ok=1
2026-04-29 18:53:48,291 | INFO | enrichment.start company_id=2 domain=signalflow.ai
2026-04-29 18:53:52,580 | WARNING | Ollama connection error (attempt 1/1): [WinError 10061] No connection could be made because the target machine actively refused it
2026-04-29 18:53:52,580 | ERROR | Ollama failed after 1 attempts; last error: [WinError 10061] No connection could be made because the target machine actively refused it
2026-04-29 18:53:56,900 | WARNING | Ollama connection error (attempt 1/1): [WinError 10061] No connection could be made because the target machine actively refused it
2026-04-29 18:53:56,901 | ERROR | Ollama failed after 1 attempts; last error: [WinError 10061] No connection could be made because the target machine actively refused it
2026-04-29 18:54:01,192 | WARNING | Ollama connection error (attempt 1/1): [WinError 10061] No connection could be made because the target machine actively refused it
2026-04-29 18:54:01,192 | ERROR | Ollama failed after 1 attempts; last error: [WinError 10061] No connection could be made because the target machine actively refused it
2026-04-29 18:54:01,199 | INFO | ai.qualification.generated company_id=2 provider=fallback score=95
2026-04-29 18:54:01,205 | INFO | scoring.done company_id=2 score=89.4 priority=Hot fetch_ok=1
2026-04-29 18:54:01,231 | INFO | lead_score | ref=Aman Verma score=33 tier=cold factors={'company_size': 0.0, 'job_role': 15.0, 'country': 0.0, 'website_availability': 10.0, 'email_availability': 0.0, 'platform_source': 14.0, 'industry_match': 0.0, 'budget_potential': 0.0, 'messages': {'company_size': 'No company size -> 0', 'job_role': 'Executive / founder role -> +15', 'country': 'No country / location -> 0', 'website_availability': 'Website URL present -> +10', 'email_availability': 'No email -> 0', 'platform_source': "Platform 'linkedin' -> +14", 'industry_match': 'No benchmark industry configured -> 0', 'budget_potential': 'No budget keywords -> 0', 'weighted_components': 'role=70.0, signals=0.0, data=55.0, ai=0.0'}, 'raw_total': 39.0}
2026-04-29 18:54:01,231 | DEBUG | lead_score_breakdown ref=Aman Verma weighted={'score': 33.4, 'tier': 'cold', 'weights': {'role_relevance': 40.0, 'signals': 35.0, 'data_completeness': 25.0, 'ai_score': 25.0}, 'inputs': {'role_relevance': 70.0, 'signals': 0.0, 'data_completeness': 55.0, 'ai_score': 0.0}}
2026-04-29 18:54:15,047 | INFO | lead_score | ref=Decision Maker - Map Alpha score=14 tier=cold factors={'company_size': 0.0, 'job_role': 4.0, 'country': 0.0, 'website_availability': 10.0, 'email_availability': 0.0, 'platform_source': 9.0, 'industry_match': 0.0, 'budget_potential': 0.0, 'messages': {'company_size': 'No company size -> 0', 'job_role': 'Title present (IC) -> +4', 'country': 'No country / location -> 0', 'website_availability': 'Website URL present -> +10', 'email_availability': 'No email -> 0', 'platform_source': "Platform 'google_maps' -> +9", 'industry_match': 'No benchmark industry configured -> 0', 'budget_potential': 'No budget keywords -> 0', 'weighted_components': 'role=18.7, signals=0.0, data=40.0, ai=0.0'}, 'raw_total': 23.0}
2026-04-29 18:54:15,048 | DEBUG | lead_score_breakdown ref=Decision Maker - Map Alpha weighted={'score': 13.97, 'tier': 'cold', 'weights': {'role_relevance': 40.0, 'signals': 35.0, 'data_completeness': 25.0, 'ai_score': 25.0}, 'inputs': {'role_relevance': 18.666666666666664, 'signals': 0.0, 'data_completeness': 40.0, 'ai_score': 0.0}}
2026-04-29 18:54:15,054 | INFO | lead_score | ref=Decision Maker - Map Beta score=14 tier=cold factors={'company_size': 0.0, 'job_role': 4.0, 'country': 0.0, 'website_availability': 10.0, 'email_availability': 0.0, 'platform_source': 9.0, 'industry_match': 0.0, 'budget_potential': 0.0, 'messages': {'company_size': 'No company size -> 0', 'job_role': 'Title present (IC) -> +4', 'country': 'No country / location -> 0', 'website_availability': 'Website URL present -> +10', 'email_availability': 'No email -> 0', 'platform_source': "Platform 'google_maps' -> +9", 'industry_match': 'No benchmark industry configured -> 0', 'budget_potential': 'No budget keywords -> 0', 'weighted_components': 'role=18.7, signals=0.0, data=40.0, ai=0.0'}, 'raw_total': 23.0}
2026-04-29 18:54:15,054 | DEBUG | lead_score_breakdown ref=Decision Maker - Map Beta weighted={'score': 13.97, 'tier': 'cold', 'weights': {'role_relevance': 40.0, 'signals': 35.0, 'data_completeness': 25.0, 'ai_score': 25.0}, 'inputs': {'role_relevance': 18.666666666666664, 'signals': 0.0, 'data_completeness': 40.0, 'ai_score': 0.0}}
2026-04-29 18:54:15,324 | INFO | enrichment.start company_id=1 domain=loopco.ai
2026-04-29 18:54:19,738 | WARNING | Ollama connection error (attempt 1/1): [WinError 10061] No connection could be made because the target machine actively refused it
2026-04-29 18:54:19,738 | ERROR | Ollama failed after 1 attempts; last error: [WinError 10061] No connection could be made because the target machine actively refused it
2026-04-29 18:54:24,099 | WARNING | Ollama connection error (attempt 1/1): [WinError 10061] No connection could be made because the target machine actively refused it
2026-04-29 18:54:24,100 | ERROR | Ollama failed after 1 attempts; last error: [WinError 10061] No connection could be made because the target machine actively refused it
2026-04-29 18:54:28,417 | WARNING | Ollama connection error (attempt 1/1): [WinError 10061] No connection could be made because the target machine actively refused it
2026-04-29 18:54:28,417 | ERROR | Ollama failed after 1 attempts; last error: [WinError 10061] No connection could be made because the target machine actively refused it
2026-04-29 18:54:28,420 | INFO | ai.qualification.generated company_id=1 provider=fallback score=95
2026-04-29 18:54:28,426 | INFO | scoring.done company_id=1 score=89.4 priority=Hot fetch_ok=1
2026-04-29 18:54:28,447 | INFO | weekly_engine start day=sat keyword=software location=
2026-04-29 18:54:28,454 | INFO | lead_score | ref=Loop Founder score=33 tier=cold factors={'company_size': 0.0, 'job_role': 15.0, 'country': 0.0, 'website_availability': 10.0, 'email_availability': 0.0, 'platform_source': 14.0, 'industry_match': 0.0, 'budget_potential': 0.0, 'messages': {'company_size': 'No company size -> 0', 'job_role': 'Executive / founder role -> +15', 'country': 'No country / location -> 0', 'website_availability': 'Website URL present -> +10', 'email_availability': 'No email -> 0', 'platform_source': "Platform 'linkedin' -> +14", 'industry_match': 'No benchmark industry configured -> 0', 'budget_potential': 'No budget keywords -> 0', 'weighted_components': 'role=70.0, signals=0.0, data=55.0, ai=0.0'}, 'raw_total': 39.0}
2026-04-29 18:54:28,454 | DEBUG | lead_score_breakdown ref=Loop Founder weighted={'score': 33.4, 'tier': 'cold', 'weights': {'role_relevance': 40.0, 'signals': 35.0, 'data_completeness': 25.0, 'ai_score': 25.0}, 'inputs': {'role_relevance': 70.0, 'signals': 0.0, 'data_completeness': 55.0, 'ai_score': 0.0}}
2026-04-29 18:54:28,458 | INFO | weekly_engine saturday prepared candidates=1
2026-04-29 18:54:28,860 | INFO | lead_score | ref=a52468f5-c97e-4cf9-94d7-b30e636205d9 score=33 tier=cold factors={'company_size': 0.0, 'job_role': 15.0, 'country': 0.0, 'website_availability': 10.0, 'email_availability': 0.0, 'platform_source': 14.0, 'industry_match': 0.0, 'budget_potential': 0.0, 'messages': {'company_size': 'No company size -> 0', 'job_role': 'Executive / founder role -> +15', 'country': 'No country / location -> 0', 'website_availability': 'Website URL present -> +10', 'email_availability': 'No email -> 0', 'platform_source': "Platform 'linkedin' -> +14", 'industry_match': 'No benchmark industry configured -> 0', 'budget_potential': 'No budget keywords -> 0', 'weighted_components': 'role=70.0, signals=0.0, data=55.0, ai=0.0'}, 'raw_total': 39.0}
2026-04-29 18:54:28,860 | DEBUG | lead_score_breakdown ref=a52468f5-c97e-4cf9-94d7-b30e636205d9 weighted={'score': 33.4, 'tier': 'cold', 'weights': {'role_relevance': 40.0, 'signals': 35.0, 'data_completeness': 25.0, 'ai_score': 25.0}, 'inputs': {'role_relevance': 70.0, 'signals': 0.0, 'data_completeness': 55.0, 'ai_score': 0.0}}
2026-04-29 18:54:28,864 | INFO | lead_score | ref=92a268aa-85d5-410b-aff2-e31df8e77e26 score=14 tier=cold factors={'company_size': 0.0, 'job_role': 4.0, 'country': 0.0, 'website_availability': 10.0, 'email_availability': 0.0, 'platform_source': 9.0, 'industry_match': 0.0, 'budget_potential': 0.0, 'messages': {'company_size': 'No company size -> 0', 'job_role': 'Title present (IC) -> +4', 'country': 'No country / location -> 0', 'website_availability': 'Website URL present -> +10', 'email_availability': 'No email -> 0', 'platform_source': "Platform 'google_maps' -> +9", 'industry_match': 'No benchmark industry configured -> 0', 'budget_potential': 'No budget keywords -> 0', 'weighted_components': 'role=18.7, signals=0.0, data=40.0, ai=0.0'}, 'raw_total': 23.0}
2026-04-29 18:54:28,864 | DEBUG | lead_score_breakdown ref=92a268aa-85d5-410b-aff2-e31df8e77e26 weighted={'score': 13.97, 'tier': 'cold', 'weights': {'role_relevance': 40.0, 'signals': 35.0, 'data_completeness': 25.0, 'ai_score': 25.0}, 'inputs': {'role_relevance': 18.666666666666664, 'signals': 0.0, 'data_completeness': 40.0, 'ai_score': 0.0}}
2026-04-29 18:54:28,867 | INFO | lead_score | ref=51fce576-0b70-475f-a745-edc085bea9b0 score=14 tier=cold factors={'company_size': 0.0, 'job_role': 4.0, 'country': 0.0, 'website_availability': 10.0, 'email_availability': 0.0, 'platform_source': 9.0, 'industry_match': 0.0, 'budget_potential': 0.0, 'messages': {'company_size': 'No company size -> 0', 'job_role': 'Title present (IC) -> +4', 'country': 'No country / location -> 0', 'website_availability': 'Website URL present -> +10', 'email_availability': 'No email -> 0', 'platform_source': "Platform 'google_maps' -> +9", 'industry_match': 'No benchmark industry configured -> 0', 'budget_potential': 'No budget keywords -> 0', 'weighted_components': 'role=18.7, signals=0.0, data=40.0, ai=0.0'}, 'raw_total': 23.0}
2026-04-29 18:54:28,867 | DEBUG | lead_score_breakdown ref=51fce576-0b70-475f-a745-edc085bea9b0 weighted={'score': 13.97, 'tier': 'cold', 'weights': {'role_relevance': 40.0, 'signals': 35.0, 'data_completeness': 25.0, 'ai_score': 25.0}, 'inputs': {'role_relevance': 18.666666666666664, 'signals': 0.0, 'data_completeness': 40.0, 'ai_score': 0.0}}
2026-04-29 18:54:40,642 | INFO | lead_score | ref=Decision Maker - Map Alpha score=14 tier=cold factors={'company_size': 0.0, 'job_role': 4.0, 'country': 0.0, 'website_availability': 10.0, 'email_availability': 0.0, 'platform_source': 9.0, 'industry_match': 0.0, 'budget_potential': 0.0, 'messages': {'company_size': 'No company size -> 0', 'job_role': 'Title present (IC) -> +4', 'country': 'No country / location -> 0', 'website_availability': 'Website URL present -> +10', 'email_availability': 'No email -> 0', 'platform_source': "Platform 'google_maps' -> +9", 'industry_match': 'No benchmark industry configured -> 0', 'budget_potential': 'No budget keywords -> 0', 'weighted_components': 'role=18.7, signals=0.0, data=40.0, ai=0.0'}, 'raw_total': 23.0}
2026-04-29 18:54:40,643 | DEBUG | lead_score_breakdown ref=Decision Maker - Map Alpha weighted={'score': 13.97, 'tier': 'cold', 'weights': {'role_relevance': 40.0, 'signals': 35.0, 'data_completeness': 25.0, 'ai_score': 25.0}, 'inputs': {'role_relevance': 18.666666666666664, 'signals': 0.0, 'data_completeness': 40.0, 'ai_score': 0.0}}
2026-04-29 18:54:40,648 | INFO | lead_score | ref=Decision Maker - Map Beta score=14 tier=cold factors={'company_size': 0.0, 'job_role': 4.0, 'country': 0.0, 'website_availability': 10.0, 'email_availability': 0.0, 'platform_source': 9.0, 'industry_match': 0.0, 'budget_potential': 0.0, 'messages': {'company_size': 'No company size -> 0', 'job_role': 'Title present (IC) -> +4', 'country': 'No country / location -> 0', 'website_availability': 'Website URL present -> +10', 'email_availability': 'No email -> 0', 'platform_source': "Platform 'google_maps' -> +9", 'industry_match': 'No benchmark industry configured -> 0', 'budget_potential': 'No budget keywords -> 0', 'weighted_components': 'role=18.7, signals=0.0, data=40.0, ai=0.0'}, 'raw_total': 23.0}
2026-04-29 18:54:40,648 | DEBUG | lead_score_breakdown ref=Decision Maker - Map Beta weighted={'score': 13.97, 'tier': 'cold', 'weights': {'role_relevance': 40.0, 'signals': 35.0, 'data_completeness': 25.0, 'ai_score': 25.0}, 'inputs': {'role_relevance': 18.666666666666664, 'signals': 0.0, 'data_completeness': 40.0, 'ai_score': 0.0}}
2026-04-29 18:54:41,389 | INFO | enrichment.start company_id=1 domain=leadify.ai
2026-04-29 18:54:45,824 | WARNING | Ollama connection error (attempt 1/1): [WinError 10061] No connection could be made because the target machine actively refused it
2026-04-29 18:54:45,824 | ERROR | Ollama failed after 1 attempts; last error: [WinError 10061] No connection could be made because the target machine actively refused it
2026-04-29 18:54:50,152 | WARNING | Ollama connection error (attempt 1/1): [WinError 10061] No connection could be made because the target machine actively refused it
2026-04-29 18:54:50,152 | ERROR | Ollama failed after 1 attempts; last error: [WinError 10061] No connection could be made because the target machine actively refused it
2026-04-29 18:54:54,456 | WARNING | Ollama connection error (attempt 1/1): [WinError 10061] No connection could be made because the target machine actively refused it
2026-04-29 18:54:54,456 | ERROR | Ollama failed after 1 attempts; last error: [WinError 10061] No connection could be made because the target machine actively refused it
2026-04-29 18:54:54,459 | INFO | ai.qualification.generated company_id=1 provider=fallback score=95
2026-04-29 18:54:54,465 | INFO | scoring.done company_id=1 score=89.4 priority=Hot fetch_ok=1
2026-04-29 18:54:54,515 | INFO | lead_score | ref=Aman Verma score=33 tier=cold factors={'company_size': 0.0, 'job_role': 15.0, 'country': 0.0, 'website_availability': 10.0, 'email_availability': 0.0, 'platform_source': 14.0, 'industry_match': 0.0, 'budget_potential': 0.0, 'messages': {'company_size': 'No company size -> 0', 'job_role': 'Executive / founder role -> +15', 'country': 'No country / location -> 0', 'website_availability': 'Website URL present -> +10', 'email_availability': 'No email -> 0', 'platform_source': "Platform 'linkedin' -> +14", 'industry_match': 'No benchmark industry configured -> 0', 'budget_potential': 'No budget keywords -> 0', 'weighted_components': 'role=70.0, signals=0.0, data=55.0, ai=0.0'}, 'raw_total': 39.0}
2026-04-29 18:54:54,515 | DEBUG | lead_score_breakdown ref=Aman Verma weighted={'score': 33.4, 'tier': 'cold', 'weights': {'role_relevance': 40.0, 'signals': 35.0, 'data_completeness': 25.0, 'ai_score': 25.0}, 'inputs': {'role_relevance': 70.0, 'signals': 0.0, 'data_completeness': 55.0, 'ai_score': 0.0}}
2026-04-29 18:55:13,898 | INFO | lead_score | ref=Decision Maker - Map Alpha score=14 tier=cold factors={'company_size': 0.0, 'job_role': 4.0, 'country': 0.0, 'website_availability': 10.0, 'email_availability': 0.0, 'platform_source': 9.0, 'industry_match': 0.0, 'budget_potential': 0.0, 'messages': {'company_size': 'No company size -> 0', 'job_role': 'Title present (IC) -> +4', 'country': 'No country / location -> 0', 'website_availability': 'Website URL present -> +10', 'email_availability': 'No email -> 0', 'platform_source': "Platform 'google_maps' -> +9", 'industry_match': 'No benchmark industry configured -> 0', 'budget_potential': 'No budget keywords -> 0', 'weighted_components': 'role=18.7, signals=0.0, data=40.0, ai=0.0'}, 'raw_total': 23.0}
2026-04-29 18:55:13,899 | DEBUG | lead_score_breakdown ref=Decision Maker - Map Alpha weighted={'score': 13.97, 'tier': 'cold', 'weights': {'role_relevance': 40.0, 'signals': 35.0, 'data_completeness': 25.0, 'ai_score': 25.0}, 'inputs': {'role_relevance': 18.666666666666664, 'signals': 0.0, 'data_completeness': 40.0, 'ai_score': 0.0}}
2026-04-29 18:55:13,904 | INFO | lead_score | ref=Decision Maker - Map Beta score=14 tier=cold factors={'company_size': 0.0, 'job_role': 4.0, 'country': 0.0, 'website_availability': 10.0, 'email_availability': 0.0, 'platform_source': 9.0, 'industry_match': 0.0, 'budget_potential': 0.0, 'messages': {'company_size': 'No company size -> 0', 'job_role': 'Title present (IC) -> +4', 'country': 'No country / location -> 0', 'website_availability': 'Website URL present -> +10', 'email_availability': 'No email -> 0', 'platform_source': "Platform 'google_maps' -> +9", 'industry_match': 'No benchmark industry configured -> 0', 'budget_potential': 'No budget keywords -> 0', 'weighted_components': 'role=18.7, signals=0.0, data=40.0, ai=0.0'}, 'raw_total': 23.0}
2026-04-29 18:55:13,904 | DEBUG | lead_score_breakdown ref=Decision Maker - Map Beta weighted={'score': 13.97, 'tier': 'cold', 'weights': {'role_relevance': 40.0, 'signals': 35.0, 'data_completeness': 25.0, 'ai_score': 25.0}, 'inputs': {'role_relevance': 18.666666666666664, 'signals': 0.0, 'data_completeness': 40.0, 'ai_score': 0.0}}
2026-04-29 18:55:14,180 | INFO | enrichment.start company_id=1 domain=cloudnova.ai
2026-04-29 18:55:19,500 | WARNING | Ollama connection error (attempt 1/1): [WinError 10061] No connection could be made because the target machine actively refused it
2026-04-29 18:55:19,500 | ERROR | Ollama failed after 1 attempts; last error: [WinError 10061] No connection could be made because the target machine actively refused it
2026-04-29 18:55:23,830 | WARNING | Ollama connection error (attempt 1/1): [WinError 10061] No connection could be made because the target machine actively refused it
2026-04-29 18:55:23,830 | ERROR | Ollama failed after 1 attempts; last error: [WinError 10061] No connection could be made because the target machine actively refused it
2026-04-29 18:55:28,172 | WARNING | Ollama connection error (attempt 1/1): [WinError 10061] No connection could be made because the target machine actively refused it
2026-04-29 18:55:28,173 | ERROR | Ollama failed after 1 attempts; last error: [WinError 10061] No connection could be made because the target machine actively refused it
2026-04-29 18:55:28,176 | INFO | ai.qualification.generated company_id=1 provider=fallback score=75
2026-04-29 18:55:28,181 | INFO | scoring.done company_id=1 score=44.4 priority=Cold fetch_ok=0
2026-04-29 18:55:28,422 | INFO | enrichment.start company_id=2 domain=leadify.ai
2026-04-29 18:55:32,741 | WARNING | Ollama connection error (attempt 1/1): [WinError 10061] No connection could be made because the target machine actively refused it
2026-04-29 18:55:32,741 | ERROR | Ollama failed after 1 attempts; last error: [WinError 10061] No connection could be made because the target machine actively refused it
2026-04-29 18:55:37,075 | WARNING | Ollama connection error (attempt 1/1): [WinError 10061] No connection could be made because the target machine actively refused it
2026-04-29 18:55:37,075 | ERROR | Ollama failed after 1 attempts; last error: [WinError 10061] No connection could be made because the target machine actively refused it
2026-04-29 18:55:41,381 | WARNING | Ollama connection error (attempt 1/1): [WinError 10061] No connection could be made because the target machine actively refused it
2026-04-29 18:55:41,381 | ERROR | Ollama failed after 1 attempts; last error: [WinError 10061] No connection could be made because the target machine actively refused it
2026-04-29 18:55:41,385 | INFO | ai.qualification.generated company_id=2 provider=fallback score=95
2026-04-29 18:55:41,391 | INFO | scoring.done company_id=2 score=89.4 priority=Hot fetch_ok=1
2026-04-29 18:55:41,792 | INFO | enrichment.start company_id=1 domain=cloudnova.ai
2026-04-29 18:55:46,117 | WARNING | Ollama connection error (attempt 1/1): [WinError 10061] No connection could be made because the target machine actively refused it
2026-04-29 18:55:46,117 | ERROR | Ollama failed after 1 attempts; last error: [WinError 10061] No connection could be made because the target machine actively refused it
2026-04-29 18:55:50,419 | WARNING | Ollama connection error (attempt 1/1): [WinError 10061] No connection could be made because the target machine actively refused it
2026-04-29 18:55:50,419 | ERROR | Ollama failed after 1 attempts; last error: [WinError 10061] No connection could be made because the target machine actively refused it
2026-04-29 18:55:54,719 | WARNING | Ollama connection error (attempt 1/1): [WinError 10061] No connection could be made because the target machine actively refused it
2026-04-29 18:55:54,720 | ERROR | Ollama failed after 1 attempts; last error: [WinError 10061] No connection could be made because the target machine actively refused it
2026-04-29 18:55:54,723 | INFO | ai.qualification.generated company_id=1 provider=fallback score=95
2026-04-29 18:55:54,727 | INFO | scoring.done company_id=1 score=89.4 priority=Hot fetch_ok=1
2026-04-29 18:55:54,743 | INFO | lead_score | ref=Aman Verma score=33 tier=cold factors={'company_size': 0.0, 'job_role': 15.0, 'country': 0.0, 'website_availability': 10.0, 'email_availability': 0.0, 'platform_source': 14.0, 'industry_match': 0.0, 'budget_potential': 0.0, 'messages': {'company_size': 'No company size -> 0', 'job_role': 'Executive / founder role -> +15', 'country': 'No country / location -> 0', 'website_availability': 'Website URL present -> +10', 'email_availability': 'No email -> 0', 'platform_source': "Platform 'linkedin' -> +14", 'industry_match': 'No benchmark industry configured -> 0', 'budget_potential': 'No budget keywords -> 0', 'weighted_components': 'role=70.0, signals=0.0, data=55.0, ai=0.0'}, 'raw_total': 39.0}
2026-04-29 18:55:54,743 | DEBUG | lead_score_breakdown ref=Aman Verma weighted={'score': 33.4, 'tier': 'cold', 'weights': {'role_relevance': 40.0, 'signals': 35.0, 'data_completeness': 25.0, 'ai_score': 25.0}, 'inputs': {'role_relevance': 70.0, 'signals': 0.0, 'data_completeness': 55.0, 'ai_score': 0.0}}
2026-04-29 18:56:17,365 | INFO | lead_score | ref=Owner A score=3 tier=cold factors={'company_size': 0.0, 'job_role': 0.0, 'country': 0.0, 'website_availability': 0.0, 'email_availability': 0.0, 'platform_source': 14.0, 'industry_match': 0.0, 'budget_potential': 0.0, 'messages': {'company_size': 'No company size -> 0', 'job_role': 'No job title -> 0', 'country': 'No country / location -> 0', 'website_availability': 'No company website -> 0', 'email_availability': 'No email -> 0', 'platform_source': "Platform 'linkedin' -> +14", 'industry_match': 'No benchmark industry configured -> 0', 'budget_potential': 'No budget keywords -> 0', 'weighted_components': 'role=0.0, signals=0.0, data=15.0, ai=0.0'}, 'raw_total': 14.0}
2026-04-29 18:56:17,366 | DEBUG | lead_score_breakdown ref=Owner A weighted={'score': 3.0, 'tier': 'cold', 'weights': {'role_relevance': 40.0, 'signals': 35.0, 'data_completeness': 25.0, 'ai_score': 25.0}, 'inputs': {'role_relevance': 0.0, 'signals': 0.0, 'data_completeness': 15.0, 'ai_score': 0.0}}
2026-04-29 18:56:17,393 | INFO | lead_score | ref=Owner B score=3 tier=cold factors={'company_size': 0.0, 'job_role': 0.0, 'country': 0.0, 'website_availability': 0.0, 'email_availability': 0.0, 'platform_source': 14.0, 'industry_match': 0.0, 'budget_potential': 0.0, 'messages': {'company_size': 'No company size -> 0', 'job_role': 'No job title -> 0', 'country': 'No country / location -> 0', 'website_availability': 'No company website -> 0', 'email_availability': 'No email -> 0', 'platform_source': "Platform 'linkedin' -> +14", 'industry_match': 'No benchmark industry configured -> 0', 'budget_potential': 'No budget keywords -> 0', 'weighted_components': 'role=0.0, signals=0.0, data=15.0, ai=0.0'}, 'raw_total': 14.0}
2026-04-29 18:56:17,393 | DEBUG | lead_score_breakdown ref=Owner B weighted={'score': 3.0, 'tier': 'cold', 'weights': {'role_relevance': 40.0, 'signals': 35.0, 'data_completeness': 25.0, 'ai_score': 25.0}, 'inputs': {'role_relevance': 0.0, 'signals': 0.0, 'data_completeness': 15.0, 'ai_score': 0.0}}
2026-04-29 18:56:26,099 | INFO | ingestion.multi_source.start sources=['yc', 'job_board'] delay=0.5
2026-04-29 18:56:26,100 | INFO | ingestion.source.start source=yc index=1/2
2026-04-29 18:56:26,100 | INFO | ingestion.source.done source=yc candidates=2 created=2 updated=0 skipped=0
2026-04-29 18:56:26,100 | INFO | ingestion.source.start source=job_board index=2/2
2026-04-29 18:56:26,100 | INFO | ingestion.source.done source=job_board candidates=3 created=1 updated=1 skipped=1
2026-04-29 18:56:26,101 | INFO | ingestion.multi_source.done total_sources=2 failed_sources=0 total_created=3 total_updated=1 total_skipped=1
2026-04-29 18:56:34,466 | INFO | enrichment.start company_id=1 domain=signalflow.ai
2026-04-29 18:56:38,878 | WARNING | Ollama connection error (attempt 1/1): [WinError 10061] No connection could be made because the target machine actively refused it
2026-04-29 18:56:38,879 | ERROR | Ollama failed after 1 attempts; last error: [WinError 10061] No connection could be made because the target machine actively refused it
2026-04-29 18:56:43,201 | WARNING | Ollama connection error (attempt 1/1): [WinError 10061] No connection could be made because the target machine actively refused it
2026-04-29 18:56:43,201 | ERROR | Ollama failed after 1 attempts; last error: [WinError 10061] No connection could be made because the target machine actively refused it
2026-04-29 18:56:47,549 | WARNING | Ollama connection error (attempt 1/1): [WinError 10061] No connection could be made because the target machine actively refused it
2026-04-29 18:56:47,549 | ERROR | Ollama failed after 1 attempts; last error: [WinError 10061] No connection could be made because the target machine actively refused it
2026-04-29 18:56:47,552 | INFO | ai.qualification.generated company_id=1 provider=fallback score=95
2026-04-29 18:56:47,558 | INFO | scoring.done company_id=1 score=89.4 priority=Hot fetch_ok=1
2026-06-30 17:13:02,695 | INFO | landing_analytics event=page_view section=landing target=/
2026-06-30 17:13:02,695 | INFO | landing_analytics event=page_view section=landing target=/
2026-06-30 17:13:54,643 | INFO | landing_analytics event=page_view section=landing target=/
2026-06-30 17:13:54,655 | INFO | landing_analytics event=page_view section=landing target=/
2026-06-30 17:14:00,008 | INFO | landing_analytics event=page_view section=landing target=/
2026-06-30 17:14:01,408 | INFO | landing_analytics event=page_view section=landing target=/
2026-06-30 17:14:03,134 | INFO | landing_analytics event=page_view section=landing target=/
2026-06-30 17:14:04,169 | INFO | landing_analytics event=page_view section=landing target=/
2026-06-30 17:14:05,955 | INFO | landing_analytics event=cta_click section=hero target=/search-leads
2026-06-30 17:14:47,947 | INFO | landing_analytics event=page_view section=landing target=/
2026-06-30 17:14:47,955 | INFO | landing_analytics event=page_view section=landing target=/
2026-06-30 17:14:50,089 | INFO | landing_analytics event=cta_click section=hero target=/search-leads
2026-06-30 17:15:09,299 | INFO | landing_analytics event=page_view section=landing target=/
2026-06-30 17:15:09,310 | INFO | landing_analytics event=page_view section=landing target=/
2026-06-30 17:15:13,054 | INFO | landing_analytics event=cta_click section=hero target=/login
2026-07-01 12:01:31,476 | INFO | landing_analytics event=page_view section=landing target=/
2026-07-01 15:32:57,788 | INFO | Seeded default Free plan
2026-07-01 15:45:01,120 | INFO | Seeded 3 default email templates
2026-07-01 16:49:29,140 | INFO | Seeded/updated 4 default plans
2026-07-01 16:50:55,234 | INFO | Seeded/updated 4 default plans
2026-07-02 11:33:01,998 | INFO | Seeded/updated 4 default plans
2026-07-02 11:47:46,793 | INFO | Seeded/updated 4 default plans
2026-07-02 12:02:38,384 | INFO | Seeded/updated 4 default plans
2026-07-02 12:08:51,462 | INFO | Seeded/updated 4 default plans
2026-07-02 12:09:02,377 | INFO | Seeded/updated 4 default plans
2026-07-02 12:11:17,024 | INFO | Seeded/updated 4 default plans
2026-07-02 12:22:06,415 | INFO | Seeded/updated 4 default plans
2026-07-02 12:34:01,832 | INFO | Seeded/updated 4 default plans
2026-07-02 12:48:14,650 | INFO | Seeded/updated 4 default plans
2026-07-02 12:51:21,253 | INFO | Seeded/updated 4 default plans
2026-07-02 12:54:54,403 | INFO | Seeded/updated 4 default plans
2026-07-02 12:57:54,081 | INFO | Seeded/updated 4 default plans
2026-07-02 12:58:07,058 | INFO | Seeded/updated 4 default plans
2026-07-02 12:58:12,696 | INFO | Seeded/updated 4 default plans
2026-07-02 13:00:14,522 | INFO | Seeded/updated 4 default plans
2026-07-02 13:06:30,160 | INFO | Seeded/updated 4 default plans
